"#","number","plot","site","region","Xcoord","Ycoord","Zcoord","canton","date","visit","surveyID","observer","municipality","Nummer","municipality2","Lokalität","Subquadrat","Coordx","Coordy","Höhe","Präzision","Tag","Monat","M (Römisch)","Jahr","Gattung","Art","Weibchen","Arbeiterin","Männchen","Legit","geprüft durch","usage notes","Sammlung","ACU-Nummer","Species name","RLstatus","...39","...40","...41","0","left to do"
1,"GE001",1,"control","Aire",2492581,1116284,380,"GE","26.03.2025","1","C.AI.GE.1.1","G. Egloff","Bernex","GE001","Bernex",NA,NA,"492581","116284",380,6,"26","03","iii","2025","Lasioglossum","pallens",1,NA,NA,"G. Egloff","C. Praz",NA,NA,NA,"Lasioglossum pallens","LC",NA,NA,NA,NA,NA
2,"GE002",7,"control","Aire",2492656,1116411,380,"GE","26.03.2025","1","C.AI.GE.1.7","G. Egloff","Bernex","GE002","Bernex",NA,NA,"492656","116411",380,6,"26","03","iii","2025","Andrena","fulva",NA,NA,1,"G. Egloff","C. Praz",NA,NA,NA,"Andrena fulva","LC",NA,NA,NA,NA,NA
3,"GE003",4,"control","Aire",2492622,1116353,380,"GE","26.03.2025","1","C.AI.GE.1.4","G. Egloff","Bernex","GE003","Bernex",NA,NA,"492622","116353",380,6,"26","03","iii","2025","Andrena","flavipes",NA,NA,1,"G. Egloff","C. Praz",NA,NA,NA,"Andrena flavipes","LC",NA,NA,NA,NA,NA
4,"GE004",4,"control","Aire",2492622,1116353,380,"GE","26.03.2025","1","C.AI.GE.1.4","G. Egloff","Bernex","GE004","Bernex",NA,NA,"492622","116353",380,6,"26","03","iii","2025","Andrena","flavipes",NA,NA,1,"G. Egloff","C. Praz",NA,NA,NA,"Andrena flavipes","LC",NA,NA,NA,NA,NA
5,"GE005",4,"control","Aire",2492622,1116353,380,"GE","26.03.2025","1","C.AI.GE.1.4","G. Egloff","Bernex","GE005","Bernex",NA,NA,"492622","116353",380,6,"26","03","iii","2025","Andrena","flavipes",NA,NA,1,"G. Egloff","C. Praz",NA,NA,NA,"Andrena flavipes","LC",NA,NA,NA,NA,NA
6,"GE006",4,"control","Aire",2492622,1116353,380,"GE","26.03.2025","1","C.AI.GE.1.4","G. Egloff","Bernex","GE006","Bernex",NA,NA,"492622","116353",380,6,"26","03","iii","2025","Lasioglossum","malachurum",1,NA,NA,"G. Egloff","C. Praz",NA,NA,NA,"Lasioglossum malachurum","LC",NA,NA,NA,NA,NA
7,"GE007",3,"control","Aire",2492610,1116333,380,"GE","26.03.2025","1","C.AI.GE.1.3","G. Egloff","Bernex","GE007","Bernex",NA,NA,"492610","116333",380,6,"26","03","iii","2025","Anthophora","plumipes",NA,NA,1,"G. Egloff","C. Praz",NA,NA,NA,"Anthophora plumipes","LC",NA,NA,NA,NA,NA
8,"GE008",3,"control","Aire",2492610,1116333,380,"GE","26.03.2025","1","C.AI.GE.1.3","G. Egloff","Bernex","GE008","Bernex",NA,NA,"492610","116333",380,6,"26","03","iii","2025","Lasioglossum","pallens",NA,NA,1,"G. Egloff","C. Praz",NA,NA,NA,"Lasioglossum pallens","LC",NA,NA,NA,NA,NA
9,"GE009",5,"control","Aire",2492634,1116373,380,"GE","26.03.2025","1","C.AI.GE.1.5","G. Egloff","Bernex","GE009","Bernex",NA,NA,"492634","116373",380,6,"26","03","iii","2025","Lasioglossum","pallens",NA,NA,1,"G. Egloff","C. Praz",NA,NA,NA,"Lasioglossum pallens","LC",NA,NA,NA,NA,NA
10,"GE010",5,"control","Aire",2492634,1116373,380,"GE","26.03.2025","1","C.AI.GE.1.5","G. Egloff","Bernex","GE010","Bernex",NA,NA,"492634","116373",380,6,"26","03","iii","2025","Lasioglossum","pallens",NA,NA,1,"G. Egloff","C. Praz",NA,NA,NA,"Lasioglossum pallens","LC",NA,NA,NA,NA,NA
11,"GE011",5,"control","Aire",2492634,1116373,380,"GE","26.03.2025","1","C.AI.GE.1.5","G. Egloff","Bernex","GE011","Bernex",NA,NA,"492634","116373",380,6,"26","03","iii","2025","Lasioglossum","pallens",NA,NA,1,"G. Egloff","C. Praz",NA,NA,NA,"Lasioglossum pallens","LC",NA,NA,NA,NA,NA
12,"GE012",5,"control","Aire",2492634,1116373,380,"GE","26.03.2025","1","C.AI.GE.1.5","G. Egloff","Bernex","GE012","Bernex",NA,NA,"492634","116373",380,6,"26","03","iii","2025","Lasioglossum","pallens",NA,NA,1,"G. Egloff","C. Praz",NA,NA,NA,"Lasioglossum pallens","LC",NA,NA,NA,NA,NA
13,"GE013",5,"control","Aire",2492634,1116373,380,"GE","26.03.2025","1","C.AI.GE.1.5","G. Egloff","Bernex","GE013","Bernex",NA,NA,"492634","116373",380,6,"26","03","iii","2025","Lasioglossum","pallens",NA,NA,1,"G. Egloff","C. Praz",NA,NA,NA,"Lasioglossum pallens","LC",NA,NA,NA,NA,NA
14,"GE014",5,"control","Aire",2492634,1116373,380,"GE","26.03.2025","1","C.AI.GE.1.5","G. Egloff","Bernex","GE014","Bernex",NA,NA,"492634","116373",380,6,"26","03","iii","2025","Lasioglossum","pallens",NA,NA,1,"G. Egloff","C. Praz",NA,NA,NA,"Lasioglossum pallens","LC",NA,NA,NA,NA,NA
15,"GE015",5,"control","Aire",2492634,1116373,380,"GE","26.03.2025","1","C.AI.GE.1.5","G. Egloff","Bernex","GE015","Bernex",NA,NA,"492634","116373",380,6,"26","03","iii","2025","Lasioglossum","pallens",NA,NA,1,"G. Egloff","C. Praz",NA,NA,NA,"Lasioglossum pallens","LC",NA,NA,NA,NA,NA
16,"GE016",5,"control","Aire",2492634,1116373,380,"GE","26.03.2025","1","C.AI.GE.1.5","G. Egloff","Bernex","GE016","Bernex",NA,NA,"492634","116373",380,6,"26","03","iii","2025","Andrena","minutula",1,NA,NA,"G. Egloff","C. Praz",NA,NA,NA,"Andrena minutula","LC",NA,NA,NA,NA,NA
17,"GE017",5,"control","Aire",2492634,1116373,380,"GE","26.03.2025","1","C.AI.GE.1.5","G. Egloff","Bernex","GE017","Bernex",NA,NA,"492634","116373",380,6,"26","03","iii","2025","Andrena","flavipes",NA,NA,1,"G. Egloff","C. Praz",NA,NA,NA,"Andrena flavipes","LC",NA,NA,NA,NA,NA
18,"GE018",5,"control","Aire",2492634,1116373,380,"GE","26.03.2025","1","C.AI.GE.1.5","G. Egloff","Bernex","GE018","Bernex",NA,NA,"492634","116373",380,6,"26","03","iii","2025","Andrena","flavipes",NA,NA,1,"G. Egloff","C. Praz",NA,NA,NA,"Andrena flavipes","LC",NA,NA,NA,NA,NA
19,"GE019",5,"control","Aire",2492634,1116373,380,"GE","26.03.2025","1","C.AI.GE.1.5","G. Egloff","Bernex","GE019","Bernex",NA,NA,"492634","116373",380,6,"26","03","iii","2025","Andrena","flavipes",NA,NA,1,"G. Egloff","C. Praz",NA,NA,NA,"Andrena flavipes","LC",NA,NA,NA,NA,NA
20,"GE020",6,"control","Aire",2492646,1116394,380,"GE","26.03.2025","1","C.AI.GE.1.6","G. Egloff","Bernex","GE020","Bernex",NA,NA,"492646","116394",380,6,"26","03","iii","2025","Andrena","mitis",1,NA,NA,"G. Egloff","C. Praz",NA,NA,NA,"Andrena mitis","NT",NA,NA,NA,NA,NA
21,"GE021",6,"control","Aire",2492646,1116394,380,"GE","26.03.2025","1","C.AI.GE.1.6","G. Egloff","Bernex","GE021","Bernex",NA,NA,"492646","116394",380,6,"26","03","iii","2025","Andrena","mitis",1,NA,NA,"G. Egloff","C. Praz",NA,NA,NA,"Andrena mitis","NT",NA,NA,NA,NA,NA
22,"GE022",6,"control","Aire",2492646,1116394,380,"GE","26.03.2025","1","C.AI.GE.1.6","G. Egloff","Bernex","GE022","Bernex",NA,NA,"492646","116394",380,6,"26","03","iii","2025","Andrena","mitis",1,NA,NA,"G. Egloff","C. Praz",NA,NA,NA,"Andrena mitis","NT",NA,NA,NA,NA,NA
23,"GE023",2,"focal","Aire",2495429,1113779,402,"GE","31.03.2025","1","F.AI.GE.1.2","G. Egloff","Confignon","GE023","Confignon",NA,NA,"495429","113779",402,6,"31","03","iii","2025","Colletes","cunicularius",NA,NA,1,"G. Egloff","C. Praz",NA,NA,NA,"Colletes cunicularius","LC",NA,NA,NA,NA,NA
24,"GE024",2,"focal","Aire",2495429,1113779,402,"GE","31.03.2025","1","F.AI.GE.1.2","G. Egloff","Confignon","GE024","Confignon",NA,NA,"495429","113779",402,6,"31","03","iii","2025","Colletes","cunicularius",NA,NA,1,"G. Egloff","C. Praz",NA,NA,NA,"Colletes cunicularius","LC",NA,NA,NA,NA,NA
25,"GE025",2,"focal","Aire",2495429,1113779,402,"GE","31.03.2025","1","F.AI.GE.1.2","G. Egloff","Confignon","GE025","Confignon",NA,NA,"495429","113779",402,6,"31","03","iii","2025","Andrena","haemorrhoa",NA,NA,1,"G. Egloff","C. Praz",NA,NA,NA,"Andrena haemorrhoa","LC",NA,NA,NA,NA,NA
26,"GE026",2,"focal","Aire",2495429,1113779,402,"GE","31.03.2025","1","F.AI.GE.1.2","G. Egloff","Confignon","GE026","Confignon",NA,NA,"495429","113779",402,6,"31","03","iii","2025","Andrena","ventralis",NA,NA,1,"G. Egloff","C. Praz",NA,NA,NA,"Andrena ventralis","LC",NA,NA,NA,NA,NA
27,"GE027",5,"focal","Aire",2495479,1113801,402,"GE","31.03.2025","1","F.AI.GE.1.5","G. Egloff","Confignon","GE027","Confignon",NA,NA,"495479","113801",402,6,"31","03","iii","2025","Andrena","flavipes",NA,NA,1,"G. Egloff","C. Praz",NA,NA,NA,"Andrena flavipes","LC",NA,NA,NA,NA,NA
28,"GE028",4,"focal","Aire",2495459,1113802,402,"GE","31.03.2025","1","F.AI.GE.1.4","G. Egloff","Confignon","GE028","Confignon",NA,NA,"495459","113802",402,6,"31","03","iii","2025","Andrena","bicolor",1,NA,NA,"G. Egloff","C. Praz",NA,NA,NA,"Andrena bicolor","LC",NA,NA,NA,NA,NA
29,"GE029",3,"focal","Aire",2495446,1113810,401,"GE","31.03.2025","1","F.AI.GE.1.3","G. Egloff","Confignon","GE029","Confignon",NA,NA,"495446","113810",401,6,"31","03","iii","2025","Andrena","flavipes",NA,NA,1,"G. Egloff","C. Praz",NA,NA,NA,"Andrena flavipes","LC",NA,NA,NA,NA,NA
30,"GE030",3,"focal","Aire",2495446,1113810,401,"GE","31.03.2025","1","F.AI.GE.1.3","G. Egloff","Confignon","GE030","Confignon",NA,NA,"495446","113810",401,6,"31","03","iii","2025","Andrena","flavipes",NA,NA,1,"G. Egloff","C. Praz",NA,NA,NA,"Andrena flavipes","LC",NA,NA,NA,NA,NA
31,"GE031",3,"focal","Aire",2495446,1113810,401,"GE","31.03.2025","1","F.AI.GE.1.3","G. Egloff","Confignon","GE031","Confignon",NA,NA,"495446","113810",401,6,"31","03","iii","2025","Andrena","flavipes",NA,NA,1,"G. Egloff","C. Praz",NA,NA,NA,"Andrena flavipes","LC",NA,NA,NA,NA,NA
32,"GE032",3,"focal","Aire",2495446,1113810,401,"GE","31.03.2025","1","F.AI.GE.1.3","G. Egloff","Confignon","GE032","Confignon",NA,NA,"495446","113810",401,6,"31","03","iii","2025","Andrena","mitis",1,NA,NA,"G. Egloff","C. Praz",NA,NA,NA,"Andrena mitis","NT",NA,NA,NA,NA,NA
33,"GE033",1,"focal","Aire",2495403,1113774,402,"GE","31.03.2025","1","F.AI.GE.1.1","G. Egloff","Confignon","GE033","Confignon",NA,NA,"495403","113774",402,6,"31","03","iii","2025","Andrena","mitis",1,NA,NA,"G. Egloff","C. Praz",NA,NA,NA,"Andrena mitis","NT",NA,NA,NA,NA,NA
34,"GE034",7,"focal","Aire",2495525,1113833,400,"GE","31.03.2025","1","F.AI.GE.1.7","G. Egloff","Confignon","GE034","Confignon",NA,NA,"495525","113833",400,6,"31","03","iii","2025","Colletes","cunicularius",NA,NA,1,"G. Egloff","C. Praz",NA,NA,NA,"Colletes cunicularius","LC",NA,NA,NA,NA,NA
35,"GE035",7,"focal","Aire",2495525,1113833,400,"GE","31.03.2025","1","F.AI.GE.1.7","G. Egloff","Confignon","GE035","Confignon",NA,NA,"495525","113833",400,6,"31","03","iii","2025","Colletes","cunicularius",NA,NA,1,"G. Egloff","C. Praz",NA,NA,NA,"Colletes cunicularius","LC",NA,NA,NA,NA,NA
36,"GE036",7,"focal","Aire",2495525,1113833,400,"GE","31.03.2025","1","F.AI.GE.1.7","G. Egloff","Confignon","GE036","Confignon",NA,NA,"495525","113833",400,6,"31","03","iii","2025","Andrena","flavipes",1,NA,NA,"G. Egloff","C. Praz",NA,NA,NA,"Andrena flavipes","LC",NA,NA,NA,NA,NA
37,"GE037",2,"focal","Scheulte",2595336,1245989,416,"JU","02.04.2025","1","F.SC.JU.1.2","G. Egloff","Courroux","GE037","Courroux",NA,NA,"595336","245989",416,6,"02","04","iv","2025","Andrena","cineraria",1,NA,NA,"G. Egloff","C. Praz",NA,NA,NA,"Andrena cineraria","LC",NA,NA,NA,NA,NA
38,"GE038",2,"focal","Scheulte",2595336,1245989,416,"JU","02.04.2025","1","F.SC.JU.1.2","G. Egloff","Courroux","GE038","Courroux",NA,NA,"595336","245989",416,6,"02","04","iv","2025","Colletes","cunicularius",NA,NA,1,"G. Egloff","C. Praz",NA,NA,NA,"Colletes cunicularius","LC",NA,NA,NA,NA,NA
39,"GE039",2,"focal","Scheulte",2595336,1245989,416,"JU","02.04.2025","1","F.SC.JU.1.2","G. Egloff","Courroux","GE039","Courroux",NA,NA,"595336","245989",416,6,"02","04","iv","2025","Andrena","praecox",1,NA,NA,"G. Egloff","C. Praz",NA,NA,NA,"Andrena praecox","LC",NA,NA,NA,NA,NA
40,"GE040",2,"focal","Scheulte",2595336,1245989,416,"JU","02.04.2025","1","F.SC.JU.1.2","G. Egloff","Courroux","GE040","Courroux",NA,NA,"595336","245989",416,6,"02","04","iv","2025","Colletes","cunicularius",NA,NA,1,"G. Egloff","C. Praz",NA,NA,NA,"Colletes cunicularius","LC",NA,NA,NA,NA,NA
41,"GE041",2,"focal","Scheulte",2595336,1245989,416,"JU","02.04.2025","1","F.SC.JU.1.2","G. Egloff","Courroux","GE041","Courroux",NA,NA,"595336","245989",416,6,"02","04","iv","2025","Andrena","praecox",1,NA,NA,"G. Egloff","C. Praz",NA,NA,NA,"Andrena praecox","LC",NA,NA,NA,NA,NA
42,"GE042",2,"focal","Scheulte",2595336,1245989,416,"JU","02.04.2025","1","F.SC.JU.1.2","G. Egloff","Courroux","GE042","Courroux",NA,NA,"595336","245989",416,6,"02","04","iv","2025","Nomada","ruficornis",NA,NA,1,"G. Egloff","C. Praz",NA,NA,NA,"Nomada ruficornis","LC",NA,NA,NA,NA,NA
43,"GE043",6,"focal","Scheulte",2595423,1245999,417,"JU","02.04.2025","1","F.SC.JU.1.6","G. Egloff","Courroux","GE043","Courroux",NA,NA,"595423","245999",417,6,"02","04","iv","2025","Colletes","cunicularius",1,NA,NA,"G. Egloff","C. Praz",NA,NA,NA,"Colletes cunicularius","LC",NA,NA,NA,NA,NA
44,"GE044",6,"focal","Scheulte",2595423,1245999,417,"JU","02.04.2025","1","F.SC.JU.1.6","G. Egloff","Courroux","GE044","Courroux",NA,NA,"595423","245999",417,6,"02","04","iv","2025","Lasioglossum","calceatum",1,NA,NA,"G. Egloff","C. Praz","Used for teaching",NA,NA,"Lasioglossum calceatum","LC",NA,NA,NA,NA,NA
45,"GE045",6,"focal","Scheulte",2595423,1245999,417,"JU","02.04.2025","1","F.SC.JU.1.6","G. Egloff","Courroux","GE045","Courroux",NA,NA,"595423","245999",417,6,"02","04","iv","2025","Andrena","haemorrhoa",NA,NA,1,"G. Egloff","C. Praz",NA,NA,NA,"Andrena haemorrhoa","LC",NA,NA,NA,NA,NA
46,"GE046",6,"focal","Scheulte",2595423,1245999,417,"JU","02.04.2025","1","F.SC.JU.1.6","G. Egloff","Courroux","GE046","Courroux",NA,NA,"595423","245999",417,6,"02","04","iv","2025","Andrena","haemorrhoa",NA,NA,1,"G. Egloff","C. Praz",NA,NA,NA,"Andrena haemorrhoa","LC",NA,NA,NA,NA,NA
47,"GE047",6,"focal","Scheulte",2595423,1245999,417,"JU","02.04.2025","1","F.SC.JU.1.6","G. Egloff","Courroux","GE047","Courroux",NA,NA,"595423","245999",417,6,"02","04","iv","2025","Andrena","haemorrhoa",NA,NA,1,"G. Egloff","C. Praz",NA,NA,NA,"Andrena haemorrhoa","LC",NA,NA,NA,NA,NA
48,"GE048",6,"focal","Scheulte",2595423,1245999,417,"JU","02.04.2025","1","F.SC.JU.1.6","G. Egloff","Courroux","GE048","Courroux",NA,NA,"595423","245999",417,6,"02","04","iv","2025","Lasioglossum","calceatum",1,NA,NA,"G. Egloff","C. Praz","Used for teaching",NA,NA,"Lasioglossum calceatum","LC",NA,NA,NA,NA,NA
49,"GE049",8,"focal","Scheulte",2595451,1245988,417,"JU","02.04.2025","1","F.SC.JU.1.8","G. Egloff","Courroux","GE049","Courroux",NA,NA,"595451","245988",417,6,"02","04","iv","2025","Lasioglossum","malachurum",1,NA,NA,"G. Egloff","C. Praz",NA,NA,NA,"Lasioglossum malachurum","LC",NA,NA,NA,NA,NA
50,"GE050",5,"focal","Scheulte",2595418,1245990,416,"JU","02.04.2025","1","F.SC.JU.1.5","G. Egloff","Courroux","GE050","Courroux",NA,NA,"595418","245990",416,6,"02","04","iv","2025","Lasioglossum","calceatum",1,NA,NA,"G. Egloff","C. Praz","Used for teaching",NA,NA,"Lasioglossum calceatum","LC",NA,NA,NA,NA,NA
51,"GE051",5,"focal","Scheulte",2595418,1245990,416,"JU","02.04.2025","1","F.SC.JU.1.5","G. Egloff","Courroux","GE051","Courroux",NA,NA,"595418","245990",416,6,"02","04","iv","2025","Lasioglossum","laticeps",1,NA,NA,"G. Egloff","C. Praz",NA,NA,NA,"Lasioglossum laticeps","LC",NA,NA,NA,NA,NA
52,"GE052",4,"focal","Scheulte",2595385,1246005,416,"JU","02.04.2025","1","F.SC.JU.1.4","G. Egloff","Courroux","GE052","Courroux",NA,NA,"595385","246005",416,6,"02","04","iv","2025","Lasioglossum","laticeps",1,NA,NA,"G. Egloff","C. Praz",NA,NA,NA,"Lasioglossum laticeps","LC",NA,NA,NA,NA,NA
53,"GE053",4,"focal","Scheulte",2595385,1246005,416,"JU","02.04.2025","1","F.SC.JU.1.4","G. Egloff","Courroux","GE053","Courroux",NA,NA,"595385","246005",416,6,"02","04","iv","2025","Lasioglossum","malachurum",1,NA,NA,"G. Egloff","C. Praz",NA,NA,NA,"Lasioglossum malachurum","LC",NA,NA,NA,NA,NA
54,"GE054",4,"focal","Scheulte",2595385,1246005,416,"JU","02.04.2025","1","F.SC.JU.1.4","G. Egloff","Courroux","GE054","Courroux",NA,NA,"595385","246005",416,6,"02","04","iv","2025","Lasioglossum","malachurum",1,NA,NA,"G. Egloff","C. Praz",NA,NA,NA,"Lasioglossum malachurum","LC",NA,NA,NA,NA,NA
55,"GE055",4,"focal","Scheulte",2595385,1246005,416,"JU","02.04.2025","1","F.SC.JU.1.4","G. Egloff","Courroux","GE055","Courroux",NA,NA,"595385","246005",416,6,"02","04","iv","2025","Lasioglossum","calceatum",1,NA,NA,"G. Egloff","C. Praz","Used for teaching",NA,NA,"Lasioglossum calceatum","LC",NA,NA,NA,NA,NA
56,"GE056",4,"focal","Scheulte",2595385,1246005,416,"JU","02.04.2025","1","F.SC.JU.1.4","G. Egloff","Courroux","GE056","Courroux",NA,NA,"595385","246005",416,6,"02","04","iv","2025","Lasioglossum","malachurum",1,NA,NA,"G. Egloff","C. Praz",NA,NA,NA,"Lasioglossum malachurum","LC",NA,NA,NA,NA,NA
57,"GE057",4,"focal","Scheulte",2595385,1246005,416,"JU","02.04.2025","1","F.SC.JU.1.4","G. Egloff","Courroux","GE057","Courroux",NA,NA,"595385","246005",416,6,"02","04","iv","2025","Lasioglossum","malachurum",1,NA,NA,"G. Egloff","C. Praz",NA,NA,NA,"Lasioglossum malachurum","LC",NA,NA,NA,NA,NA
58,"GE058",4,"focal","Scheulte",2595385,1246005,416,"JU","02.04.2025","1","F.SC.JU.1.4","G. Egloff","Courroux","GE058","Courroux",NA,NA,"595385","246005",416,6,"02","04","iv","2025","Lasioglossum","malachurum",1,NA,NA,"G. Egloff","C. Praz",NA,NA,NA,"Lasioglossum malachurum","LC",NA,NA,NA,NA,NA
59,"GE059",4,"focal","Scheulte",2595385,1246005,416,"JU","02.04.2025","1","F.SC.JU.1.4","G. Egloff","Courroux","GE059","Courroux",NA,NA,"595385","246005",416,6,"02","04","iv","2025","Lasioglossum","malachurum",1,NA,NA,"G. Egloff","C. Praz",NA,NA,NA,"Lasioglossum malachurum","LC",NA,NA,NA,NA,NA
60,"GE060",4,"focal","Scheulte",2595385,1246005,416,"JU","02.04.2025","1","F.SC.JU.1.4","G. Egloff","Courroux","GE060","Courroux",NA,NA,"595385","246005",416,6,"02","04","iv","2025","Lasioglossum","malachurum",1,NA,NA,"G. Egloff","C. Praz",NA,NA,NA,"Lasioglossum malachurum","LC",NA,NA,NA,NA,NA
61,"GE061",4,"focal","Scheulte",2595385,1246005,416,"JU","02.04.2025","1","F.SC.JU.1.4","G. Egloff","Courroux","GE061","Courroux",NA,NA,"595385","246005",416,6,"02","04","iv","2025","Lasioglossum","malachurum",1,NA,NA,"G. Egloff","C. Praz",NA,NA,NA,"Lasioglossum malachurum","LC",NA,NA,NA,NA,NA
62,"GE062",4,"focal","Scheulte",2595385,1246005,416,"JU","02.04.2025","1","F.SC.JU.1.4","G. Egloff","Courroux","GE062","Courroux",NA,NA,"595385","246005",416,6,"02","04","iv","2025","Andrena","mitis",NA,NA,1,"G. Egloff","C. Praz",NA,NA,NA,"Andrena mitis","NT",NA,NA,NA,NA,NA
63,"GE063",4,"focal","Scheulte",2595385,1246005,416,"JU","02.04.2025","1","F.SC.JU.1.4","G. Egloff","Courroux","GE063","Courroux",NA,NA,"595385","246005",416,6,"02","04","iv","2025","Andrena","minutula",1,NA,NA,"G. Egloff","C. Praz",NA,NA,NA,"Andrena minutula","LC",NA,NA,NA,NA,NA
64,"GE064",4,"focal","Scheulte",2595385,1246005,416,"JU","02.04.2025","1","F.SC.JU.1.4","G. Egloff","Courroux","GE064","Courroux",NA,NA,"595385","246005",416,6,"02","04","iv","2025","Andrena","gravida",NA,NA,1,"G. Egloff","C. Praz",NA,NA,NA,"Andrena gravida","LC",NA,NA,NA,NA,NA
65,"GE065",4,"focal","Scheulte",2595385,1246005,416,"JU","02.04.2025","1","F.SC.JU.1.4","G. Egloff","Courroux","GE065","Courroux",NA,NA,"595385","246005",416,6,"02","04","iv","2025","Andrena","haemorrhoa",1,NA,NA,"G. Egloff","C. Praz",NA,NA,NA,"Andrena haemorrhoa","LC",NA,NA,NA,NA,NA
66,"GE066",4,"focal","Scheulte",2595385,1246005,416,"JU","02.04.2025","1","F.SC.JU.1.4","G. Egloff","Courroux","GE066","Courroux",NA,NA,"595385","246005",416,6,"02","04","iv","2025","Lasioglossum","malachurum",1,NA,NA,"G. Egloff","C. Praz",NA,NA,NA,"Lasioglossum malachurum","LC",NA,NA,NA,NA,NA
67,"GE067",3,"focal","Scheulte",2595356,1245996,416,"JU","02.04.2025","1","F.SC.JU.1.3","G. Egloff","Courroux","GE067","Courroux",NA,NA,"595356","245996",416,6,"02","04","iv","2025","Lasioglossum","malachurum",1,NA,NA,"G. Egloff","C. Praz",NA,NA,NA,"Lasioglossum malachurum","LC",NA,NA,NA,NA,NA
68,"GE068",3,"focal","Scheulte",2595356,1245996,416,"JU","02.04.2025","1","F.SC.JU.1.3","G. Egloff","Courroux","GE068","Courroux",NA,NA,"595356","245996",416,6,"02","04","iv","2025","Lasioglossum","malachurum",1,NA,NA,"G. Egloff","C. Praz",NA,NA,NA,"Lasioglossum malachurum","LC",NA,NA,NA,NA,NA
69,"GE069",3,"focal","Scheulte",2595356,1245996,416,"JU","02.04.2025","1","F.SC.JU.1.3","G. Egloff","Courroux","GE069","Courroux",NA,NA,"595356","245996",416,6,"02","04","iv","2025","Lasioglossum","malachurum",1,NA,NA,"G. Egloff","C. Praz",NA,NA,NA,"Lasioglossum malachurum","LC",NA,NA,NA,NA,NA
70,"GE070",3,"focal","Scheulte",2595356,1245996,416,"JU","02.04.2025","1","F.SC.JU.1.3","G. Egloff","Courroux","GE070","Courroux",NA,NA,"595356","245996",416,6,"02","04","iv","2025","Lasioglossum","malachurum",1,NA,NA,"G. Egloff","C. Praz",NA,NA,NA,"Lasioglossum malachurum","LC",NA,NA,NA,NA,NA
71,"GE071",3,"focal","Scheulte",2595356,1245996,416,"JU","02.04.2025","1","F.SC.JU.1.3","G. Egloff","Courroux","GE071","Courroux",NA,NA,"595356","245996",416,6,"02","04","iv","2025","Lasioglossum","malachurum",1,NA,NA,"G. Egloff","C. Praz",NA,NA,NA,"Lasioglossum malachurum","LC",NA,NA,NA,NA,NA
72,"GE072",3,"focal","Scheulte",2595356,1245996,416,"JU","02.04.2025","1","F.SC.JU.1.3","G. Egloff","Courroux","GE072","Courroux",NA,NA,"595356","245996",416,6,"02","04","iv","2025","Lasioglossum","malachurum",1,NA,NA,"G. Egloff","C. Praz",NA,NA,NA,"Lasioglossum malachurum","LC",NA,NA,NA,NA,NA
73,"GE073",3,"focal","Scheulte",2595356,1245996,416,"JU","02.04.2025","1","F.SC.JU.1.3","G. Egloff","Courroux","GE073","Courroux",NA,NA,"595356","245996",416,6,"02","04","iv","2025","Lasioglossum","malachurum",1,NA,NA,"G. Egloff","C. Praz",NA,NA,NA,"Lasioglossum malachurum","LC",NA,NA,NA,NA,NA
74,"GE074",3,"focal","Scheulte",2595356,1245996,416,"JU","02.04.2025","1","F.SC.JU.1.3","G. Egloff","Courroux","GE074","Courroux",NA,NA,"595356","245996",416,6,"02","04","iv","2025","Lasioglossum","malachurum",1,NA,NA,"G. Egloff","C. Praz",NA,NA,NA,"Lasioglossum malachurum","LC",NA,NA,NA,NA,NA
75,"GE075",3,"focal","Scheulte",2595356,1245996,416,"JU","02.04.2025","1","F.SC.JU.1.3","G. Egloff","Courroux","GE075","Courroux",NA,NA,"595356","245996",416,6,"02","04","iv","2025","Lasioglossum","malachurum",1,NA,NA,"G. Egloff","C. Praz",NA,NA,NA,"Lasioglossum malachurum","LC",NA,NA,NA,NA,NA
76,"GE076",3,"focal","Scheulte",2595356,1245996,416,"JU","02.04.2025","1","F.SC.JU.1.3","G. Egloff","Courroux","GE076","Courroux",NA,NA,"595356","245996",416,6,"02","04","iv","2025","Lasioglossum","malachurum",1,NA,NA,"G. Egloff","C. Praz",NA,NA,NA,"Lasioglossum malachurum","LC",NA,NA,NA,NA,NA
77,"GE077",3,"focal","Scheulte",2595356,1245996,416,"JU","02.04.2025","1","F.SC.JU.1.3","G. Egloff","Courroux","GE077","Courroux",NA,NA,"595356","245996",416,6,"02","04","iv","2025","Lasioglossum","malachurum",1,NA,NA,"G. Egloff","C. Praz",NA,NA,NA,"Lasioglossum malachurum","LC",NA,NA,NA,NA,NA
78,"GE078",5,"control","Scheulte",2597647,1244583,445,"JU","03.04.2025","1","C.SC.JU.1.5","G. Egloff","Val Terbi","GE078","Val Terbi",NA,NA,"597647","244583",445,6,"03","04","iv","2025","Lasioglossum","malachurum",1,NA,NA,"G. Egloff","C. Praz",NA,NA,NA,"Lasioglossum malachurum","LC",NA,NA,NA,NA,NA
79,"GE079",5,"control","Scheulte",2597647,1244583,445,"JU","03.04.2025","1","C.SC.JU.1.5","G. Egloff","Val Terbi","GE079","Val Terbi",NA,NA,"597647","244583",445,6,"03","04","iv","2025","Andrena","haemorrhoa",1,NA,NA,"G. Egloff","C. Praz",NA,NA,NA,"Andrena haemorrhoa","LC",NA,NA,NA,NA,NA
80,"GE080",1,"control","Scheulte",2597593,1244621,444,"JU","03.04.2025","1","C.SC.JU.1.1","G. Egloff","Val Terbi","GE080","Val Terbi",NA,NA,"597593","244621",444,6,"03","04","iv","2025","Andrena","rufula",1,NA,NA,"G. Egloff","C. Praz",NA,NA,NA,"Andrena rufula","LC",NA,NA,NA,NA,NA
81,"GE081",1,"control","Scheulte",2597593,1244621,444,"JU","03.04.2025","1","C.SC.JU.1.1","G. Egloff","Val Terbi","GE081","Val Terbi",NA,NA,"597593","244621",444,6,"03","04","iv","2025","Andrena","haemorrhoa",1,NA,NA,"G. Egloff","C. Praz",NA,NA,NA,"Andrena haemorrhoa","LC",NA,NA,NA,NA,NA
82,"GE082",1,"control","Scheulte",2597593,1244621,444,"JU","03.04.2025","1","C.SC.JU.1.1","G. Egloff","Val Terbi","GE082","Val Terbi",NA,NA,"597593","244621",444,6,"03","04","iv","2025","Andrena","haemorrhoa",NA,NA,1,"G. Egloff","C. Praz",NA,NA,NA,"Andrena haemorrhoa","LC",NA,NA,NA,NA,NA
83,"GE083",1,"control","Scheulte",2597593,1244621,444,"JU","03.04.2025","1","C.SC.JU.1.1","G. Egloff","Val Terbi","GE083","Val Terbi",NA,NA,"597593","244621",444,6,"03","04","iv","2025","Nomada","ruficornis",1,NA,NA,"G. Egloff","C. Praz",NA,NA,NA,"Nomada ruficornis","LC",NA,NA,NA,NA,NA
84,"GE084",1,"control","Scheulte",2597593,1244621,444,"JU","03.04.2025","1","C.SC.JU.1.1","G. Egloff","Val Terbi","GE084","Val Terbi",NA,NA,"597593","244621",444,6,"03","04","iv","2025","Nomada","ferruginata",NA,NA,1,"G. Egloff","C. Praz",NA,NA,NA,"Nomada ferruginata","VU",NA,NA,NA,NA,NA
85,"GE085",1,"control","Scheulte",2597593,1244621,444,"JU","03.04.2025","1","C.SC.JU.1.1","G. Egloff","Val Terbi","GE085","Val Terbi",NA,NA,"597593","244621",444,6,"03","04","iv","2025","Nomada","ferruginata",1,NA,NA,"G. Egloff","C. Praz",NA,NA,NA,"Nomada ferruginata","VU",NA,NA,NA,NA,NA
86,"GE086",1,"control","Scheulte",2597593,1244621,444,"JU","03.04.2025","1","C.SC.JU.1.1","G. Egloff","Val Terbi","GE086","Val Terbi",NA,NA,"597593","244621",444,6,"03","04","iv","2025","Nomada","cf. ferruginata",NA,NA,1,"G. Egloff","C. Praz",NA,NA,NA,"Nomada ferruginata","VU",NA,NA,NA,NA,NA
87,"GE087",8,"control","Scheulte",2597681,1244557,445,"JU","03.04.2025","1","C.SC.JU.1.8","G. Egloff","Val Terbi","GE087","Val Terbi",NA,NA,"597681","244557",445,6,"03","04","iv","2025","Andrena","cineraria",1,NA,NA,"G. Egloff","C. Praz",NA,NA,NA,"Andrena cineraria","LC",NA,NA,NA,NA,NA
88,"GE088",8,"control","Scheulte",2597681,1244557,445,"JU","03.04.2025","1","C.SC.JU.1.8","G. Egloff","Val Terbi","GE088","Val Terbi",NA,NA,"597681","244557",445,6,"03","04","iv","2025","Nomada","ruficornis",NA,NA,1,"G. Egloff","C. Praz",NA,NA,NA,"Nomada ruficornis","LC",NA,NA,NA,NA,NA
89,"GE089",6,"control","Scheulte",2597674,1244564,445,"JU","03.04.2025","1","C.SC.JU.1.6","G. Egloff","Val Terbi","GE089","Val Terbi",NA,NA,"597674","244564",445,6,"03","04","iv","2025","Nomada","lathburiana",1,NA,NA,"G. Egloff","C. Praz",NA,NA,NA,"Nomada lathburiana","LC",NA,NA,NA,NA,NA
90,"GE090",6,"control","Scheulte",2597674,1244564,445,"JU","03.04.2025","1","C.SC.JU.1.6","G. Egloff","Val Terbi","GE090","Val Terbi",NA,NA,"597674","244564",445,6,"03","04","iv","2025","Lasioglossum","calceatum",1,NA,NA,"G. Egloff","C. Praz","Used for teaching",NA,NA,"Lasioglossum calceatum","LC",NA,NA,NA,NA,NA
91,"GE091",2,"control","Scheulte",2597601,1244609,444,"JU","03.04.2025","1","C.SC.JU.1.2","G. Egloff","Val Terbi","GE091","Val Terbi",NA,NA,"597601","244609",444,6,"03","04","iv","2025","Nomada","ferruginata",NA,NA,1,"G. Egloff","C. Praz",NA,NA,NA,"Nomada ferruginata","VU",NA,NA,NA,NA,NA
92,"GE092",7,"control","Scheulte",2597681,1244512,445,"JU","03.04.2025","1","C.SC.JU.1.7","G. Egloff","Val Terbi","GE092","Val Terbi",NA,NA,"597681","244512",445,6,"03","04","iv","2025","Andrena","flavipes",NA,NA,1,"G. Egloff","C. Praz",NA,NA,NA,"Andrena flavipes","LC",NA,NA,NA,NA,NA
93,"GE093",7,"control","Scheulte",2597681,1244512,445,"JU","03.04.2025","1","C.SC.JU.1.7","G. Egloff","Val Terbi","GE093","Val Terbi",NA,NA,"597681","244512",445,6,"03","04","iv","2025","Nomada","fabriciana",NA,NA,1,"G. Egloff","C. Praz",NA,NA,NA,"Nomada fabriciana","LC",NA,NA,NA,NA,NA
94,"GE094",5,"focal","Thiele",2537610,1180170,433,"VD","04.04.2025","1","F.TH.VD.1.5","G. Egloff","Yverdon-les-Bains","GE094","Yverdon-les-Bains",NA,NA,"537610","180170",433,6,"04","04","iv","2025","Lasioglossum","malachurum",1,NA,NA,"G. Egloff","C. Praz",NA,NA,NA,"Lasioglossum malachurum","LC",NA,NA,NA,NA,NA
95,"GE095",5,"focal","Thiele",2537610,1180170,433,"VD","04.04.2025","1","F.TH.VD.1.5","G. Egloff","Yverdon-les-Bains","GE095","Yverdon-les-Bains",NA,NA,"537610","180170",433,6,"04","04","iv","2025","Lasioglossum","malachurum",1,NA,NA,"G. Egloff","C. Praz",NA,NA,NA,"Lasioglossum malachurum","LC",NA,NA,NA,NA,NA
96,"GE096",5,"focal","Thiele",2537610,1180170,433,"VD","04.04.2025","1","F.TH.VD.1.5","G. Egloff","Yverdon-les-Bains","GE096","Yverdon-les-Bains",NA,NA,"537610","180170",433,6,"04","04","iv","2025","Lasioglossum","malachurum",1,NA,NA,"G. Egloff","C. Praz",NA,NA,NA,"Lasioglossum malachurum","LC",NA,NA,NA,NA,NA
97,"GE097",5,"focal","Thiele",2537610,1180170,433,"VD","04.04.2025","1","F.TH.VD.1.5","G. Egloff","Yverdon-les-Bains","GE097","Yverdon-les-Bains",NA,NA,"537610","180170",433,6,"04","04","iv","2025","Lasioglossum","malachurum",1,NA,NA,"G. Egloff","C. Praz",NA,NA,NA,"Lasioglossum malachurum","LC",NA,NA,NA,NA,NA
98,"GE098",5,"focal","Thiele",2537610,1180170,433,"VD","04.04.2025","1","F.TH.VD.1.5","G. Egloff","Yverdon-les-Bains","GE098","Yverdon-les-Bains",NA,NA,"537610","180170",433,6,"04","04","iv","2025","Lasioglossum","malachurum",1,NA,NA,"G. Egloff","C. Praz",NA,NA,NA,"Lasioglossum malachurum","LC",NA,NA,NA,NA,NA
99,"GE099",5,"focal","Thiele",2537610,1180170,433,"VD","04.04.2025","1","F.TH.VD.1.5","G. Egloff","Yverdon-les-Bains","GE099","Yverdon-les-Bains",NA,NA,"537610","180170",433,6,"04","04","iv","2025","Lasioglossum","malachurum",1,NA,NA,"G. Egloff","C. Praz",NA,NA,NA,"Lasioglossum malachurum","LC",NA,NA,NA,NA,NA
100,"GE100",5,"focal","Thiele",2537610,1180170,433,"VD","04.04.2025","1","F.TH.VD.1.5","G. Egloff","Yverdon-les-Bains","GE100","Yverdon-les-Bains",NA,NA,"537610","180170",433,6,"04","04","iv","2025","Lasioglossum","malachurum",1,NA,NA,"G. Egloff","C. Praz",NA,NA,NA,"Lasioglossum malachurum","LC",NA,NA,NA,NA,NA
101,"GE101",5,"focal","Thiele",2537610,1180170,433,"VD","04.04.2025","1","F.TH.VD.1.5","G. Egloff","Yverdon-les-Bains","GE101","Yverdon-les-Bains",NA,NA,"537610","180170",433,6,"04","04","iv","2025","Lasioglossum","malachurum",1,NA,NA,"G. Egloff","C. Praz",NA,NA,NA,"Lasioglossum malachurum","LC",NA,NA,NA,NA,NA
102,"GE102",5,"focal","Thiele",2537610,1180170,433,"VD","04.04.2025","1","F.TH.VD.1.5","G. Egloff","Yverdon-les-Bains","GE102","Yverdon-les-Bains",NA,NA,"537610","180170",433,6,"04","04","iv","2025","Lasioglossum","malachurum",1,NA,NA,"G. Egloff","C. Praz",NA,NA,NA,"Lasioglossum malachurum","LC",NA,NA,NA,NA,NA
103,"GE103",5,"focal","Thiele",2537610,1180170,433,"VD","04.04.2025","1","F.TH.VD.1.5","G. Egloff","Yverdon-les-Bains","GE103","Yverdon-les-Bains",NA,NA,"537610","180170",433,6,"04","04","iv","2025","Lasioglossum","laticeps",1,NA,NA,"G. Egloff","C. Praz",NA,NA,NA,"Lasioglossum laticeps","LC",NA,NA,NA,NA,NA
104,"GE104",5,"focal","Thiele",2537610,1180170,433,"VD","04.04.2025","1","F.TH.VD.1.5","G. Egloff","Yverdon-les-Bains","GE104","Yverdon-les-Bains",NA,NA,"537610","180170",433,6,"04","04","iv","2025","Lasioglossum","malachurum",1,NA,NA,"G. Egloff","C. Praz",NA,NA,NA,"Lasioglossum malachurum","LC",NA,NA,NA,NA,NA
105,"GE105",5,"focal","Thiele",2537610,1180170,433,"VD","04.04.2025","1","F.TH.VD.1.5","G. Egloff","Yverdon-les-Bains","GE105","Yverdon-les-Bains",NA,NA,"537610","180170",433,6,"04","04","iv","2025","Andrena","dorsata",1,NA,NA,"G. Egloff","C. Praz",NA,NA,NA,"Andrena dorsata","LC",NA,NA,NA,NA,NA
106,"GE106",5,"focal","Thiele",2537610,1180170,433,"VD","04.04.2025","1","F.TH.VD.1.5","G. Egloff","Yverdon-les-Bains","GE106","Yverdon-les-Bains",NA,NA,"537610","180170",433,6,"04","04","iv","2025","Andrena","dorsata",1,NA,NA,"G. Egloff","C. Praz",NA,NA,NA,"Andrena dorsata","LC",NA,NA,NA,NA,NA
107,"GE107",5,"focal","Thiele",2537610,1180170,433,"VD","04.04.2025","1","F.TH.VD.1.5","G. Egloff","Yverdon-les-Bains","GE107","Yverdon-les-Bains",NA,NA,"537610","180170",433,6,"04","04","iv","2025","Andrena","flavipes",NA,NA,1,"G. Egloff","C. Praz",NA,NA,NA,"Andrena flavipes","LC",NA,NA,NA,NA,NA
108,"GE108",5,"focal","Thiele",2537610,1180170,433,"VD","04.04.2025","1","F.TH.VD.1.5","G. Egloff","Yverdon-les-Bains","GE108","Yverdon-les-Bains",NA,NA,"537610","180170",433,6,"04","04","iv","2025","Colletes","cunicularius",1,NA,NA,"G. Egloff","C. Praz",NA,NA,NA,"Colletes cunicularius","LC",NA,NA,NA,NA,NA
109,"GE109",1,"focal","Thiele",2537558,1180097,433,"VD","04.04.2025","1","F.TH.VD.1.1","G. Egloff","Yverdon-les-Bains","GE109","Yverdon-les-Bains",NA,NA,"537558","180097",433,6,"04","04","iv","2025","Lasioglossum","malachurum",1,NA,NA,"G. Egloff","C. Praz",NA,NA,NA,"Lasioglossum malachurum","LC",NA,NA,NA,NA,NA
110,"GE110",1,"focal","Thiele",2537558,1180097,433,"VD","04.04.2025","1","F.TH.VD.1.1","G. Egloff","Yverdon-les-Bains","GE110","Yverdon-les-Bains",NA,NA,"537558","180097",433,6,"04","04","iv","2025","Lasioglossum","laticeps",1,NA,NA,"G. Egloff","C. Praz",NA,NA,NA,"Lasioglossum laticeps","LC",NA,NA,NA,NA,NA
111,"GE111",4,"focal","Thiele",2537576,1180143,431,"VD","04.04.2025","1","F.TH.VD.1.4","G. Egloff","Yverdon-les-Bains","GE111","Yverdon-les-Bains",NA,NA,"537576","180143",431,6,"04","04","iv","2025","Bombus","pratorum",NA,1,NA,"G. Egloff","C. Praz",NA,NA,NA,"Bombus pratorum","LC",NA,NA,NA,NA,NA
112,"GE112",4,"focal","Thiele",2537576,1180143,431,"VD","04.04.2025","1","F.TH.VD.1.4","G. Egloff","Yverdon-les-Bains","GE112","Yverdon-les-Bains",NA,NA,"537576","180143",431,6,"04","04","iv","2025","Bombus","pratorum",NA,1,NA,"G. Egloff","C. Praz",NA,NA,NA,"Bombus pratorum","LC",NA,NA,NA,NA,NA
113,"GE113",4,"focal","Thiele",2537576,1180143,431,"VD","04.04.2025","1","F.TH.VD.1.4","G. Egloff","Yverdon-les-Bains","GE113","Yverdon-les-Bains",NA,NA,"537576","180143",431,6,"04","04","iv","2025","Lasioglossum","interruptum",1,NA,NA,"G. Egloff","C. Praz",NA,NA,NA,"Lasioglossum interruptum","LC",NA,NA,NA,NA,NA
114,"GE114",4,"focal","Thiele",2537576,1180143,431,"VD","04.04.2025","1","F.TH.VD.1.4","G. Egloff","Yverdon-les-Bains","GE114","Yverdon-les-Bains",NA,NA,"537576","180143",431,6,"04","04","iv","2025","Lasioglossum","malachurum",1,NA,NA,"G. Egloff","C. Praz",NA,NA,NA,"Lasioglossum malachurum","LC",NA,NA,NA,NA,NA
115,"GE115",4,"focal","Thiele",2537576,1180143,431,"VD","04.04.2025","1","F.TH.VD.1.4","G. Egloff","Yverdon-les-Bains","GE115","Yverdon-les-Bains",NA,NA,"537576","180143",431,6,"04","04","iv","2025","Lasioglossum","malachurum",1,NA,NA,"G. Egloff","C. Praz",NA,NA,NA,"Lasioglossum malachurum","LC",NA,NA,NA,NA,NA
116,"GE116",4,"focal","Thiele",2537576,1180143,431,"VD","04.04.2025","1","F.TH.VD.1.4","G. Egloff","Yverdon-les-Bains","GE116","Yverdon-les-Bains",NA,NA,"537576","180143",431,6,"04","04","iv","2025","Lasioglossum","malachurum",1,NA,NA,"G. Egloff","C. Praz",NA,NA,NA,"Lasioglossum malachurum","LC",NA,NA,NA,NA,NA
117,"GE117",4,"focal","Thiele",2537576,1180143,431,"VD","04.04.2025","1","F.TH.VD.1.4","G. Egloff","Yverdon-les-Bains","GE117","Yverdon-les-Bains",NA,NA,"537576","180143",431,6,"04","04","iv","2025","Lasioglossum","malachurum",1,NA,NA,"G. Egloff","C. Praz",NA,NA,NA,"Lasioglossum malachurum","LC",NA,NA,NA,NA,NA
118,"GE118",4,"focal","Thiele",2537576,1180143,431,"VD","04.04.2025","1","F.TH.VD.1.4","G. Egloff","Yverdon-les-Bains","GE118","Yverdon-les-Bains",NA,NA,"537576","180143",431,6,"04","04","iv","2025","Lasioglossum","malachurum",1,NA,NA,"G. Egloff","C. Praz",NA,NA,NA,"Lasioglossum malachurum","LC",NA,NA,NA,NA,NA
119,"GE119",4,"focal","Thiele",2537576,1180143,431,"VD","04.04.2025","1","F.TH.VD.1.4","G. Egloff","Yverdon-les-Bains","GE119","Yverdon-les-Bains",NA,NA,"537576","180143",431,6,"04","04","iv","2025","Lasioglossum","malachurum",1,NA,NA,"G. Egloff","C. Praz",NA,NA,NA,"Lasioglossum malachurum","LC",NA,NA,NA,NA,NA
120,"GE120",4,"focal","Thiele",2537576,1180143,431,"VD","04.04.2025","1","F.TH.VD.1.4","G. Egloff","Yverdon-les-Bains","GE120","Yverdon-les-Bains",NA,NA,"537576","180143",431,6,"04","04","iv","2025","Lasioglossum","malachurum",1,NA,NA,"G. Egloff","C. Praz",NA,NA,NA,"Lasioglossum malachurum","LC",NA,NA,NA,NA,NA
121,"GE121",4,"focal","Thiele",2537576,1180143,431,"VD","04.04.2025","1","F.TH.VD.1.4","G. Egloff","Yverdon-les-Bains","GE121","Yverdon-les-Bains",NA,NA,"537576","180143",431,6,"04","04","iv","2025","Lasioglossum","malachurum",1,NA,NA,"G. Egloff","C. Praz",NA,NA,NA,"Lasioglossum malachurum","LC",NA,NA,NA,NA,NA
122,"GE122",4,"focal","Thiele",2537576,1180143,431,"VD","04.04.2025","1","F.TH.VD.1.4","G. Egloff","Yverdon-les-Bains","GE122","Yverdon-les-Bains",NA,NA,"537576","180143",431,6,"04","04","iv","2025","Lasioglossum","malachurum",1,NA,NA,"G. Egloff","C. Praz",NA,NA,NA,"Lasioglossum malachurum","LC",NA,NA,NA,NA,NA
123,"GE123",4,"focal","Thiele",2537576,1180143,431,"VD","04.04.2025","1","F.TH.VD.1.4","G. Egloff","Yverdon-les-Bains","GE123","Yverdon-les-Bains",NA,NA,"537576","180143",431,6,"04","04","iv","2025","Lasioglossum","malachurum",1,NA,NA,"G. Egloff","C. Praz",NA,NA,NA,"Lasioglossum malachurum","LC",NA,NA,NA,NA,NA
124,"GE124",4,"focal","Thiele",2537576,1180143,431,"VD","04.04.2025","1","F.TH.VD.1.4","G. Egloff","Yverdon-les-Bains","GE124","Yverdon-les-Bains",NA,NA,"537576","180143",431,6,"04","04","iv","2025","Lasioglossum","pauxillum",1,NA,NA,"G. Egloff","C. Praz",NA,NA,NA,"Lasioglossum pauxillum","LC",NA,NA,NA,NA,NA
125,"GE125",4,"focal","Thiele",2537576,1180143,431,"VD","04.04.2025","1","F.TH.VD.1.4","G. Egloff","Yverdon-les-Bains","GE125","Yverdon-les-Bains",NA,NA,"537576","180143",431,6,"04","04","iv","2025","Andrena","flavipes",NA,NA,1,"G. Egloff","C. Praz",NA,NA,NA,"Andrena flavipes","LC",NA,NA,NA,NA,NA
126,"GE126",4,"focal","Thiele",2537576,1180143,431,"VD","04.04.2025","1","F.TH.VD.1.4","G. Egloff","Yverdon-les-Bains","GE126","Yverdon-les-Bains",NA,NA,"537576","180143",431,6,"04","04","iv","2025","Andrena","flavipes",NA,NA,1,"G. Egloff","C. Praz",NA,NA,NA,"Andrena flavipes","LC",NA,NA,NA,NA,NA
127,"GE127",4,"focal","Thiele",2537576,1180143,431,"VD","04.04.2025","1","F.TH.VD.1.4","G. Egloff","Yverdon-les-Bains","GE127","Yverdon-les-Bains",NA,NA,"537576","180143",431,6,"04","04","iv","2025","Andrena","flavipes",NA,NA,1,"G. Egloff","C. Praz",NA,NA,NA,"Andrena flavipes","LC",NA,NA,NA,NA,NA
128,"GE128",4,"focal","Thiele",2537576,1180143,431,"VD","04.04.2025","1","F.TH.VD.1.4","G. Egloff","Yverdon-les-Bains","GE128","Yverdon-les-Bains",NA,NA,"537576","180143",431,6,"04","04","iv","2025","Andrena","flavipes",NA,NA,1,"G. Egloff","C. Praz",NA,NA,NA,"Andrena flavipes","LC",NA,NA,NA,NA,NA
129,"GE129",4,"focal","Thiele",2537576,1180143,431,"VD","04.04.2025","1","F.TH.VD.1.4","G. Egloff","Yverdon-les-Bains","GE129","Yverdon-les-Bains",NA,NA,"537576","180143",431,6,"04","04","iv","2025","Lasioglossum","politum",1,NA,NA,"G. Egloff","C. Praz",NA,NA,NA,"Lasioglossum politum","LC",NA,NA,NA,NA,NA
130,"GE130",6,"focal","Thiele",2537647,1180202,433,"VD","04.04.2025","1","F.TH.VD.1.6","G. Egloff","Yverdon-les-Bains","GE130","Yverdon-les-Bains",NA,NA,"537647","180202",433,6,"04","04","iv","2025","Lasioglossum","malachurum",1,NA,NA,"G. Egloff","C. Praz",NA,NA,NA,"Lasioglossum malachurum","LC",NA,NA,NA,NA,NA
131,"GE131",6,"focal","Thiele",2537647,1180202,433,"VD","04.04.2025","1","F.TH.VD.1.6","G. Egloff","Yverdon-les-Bains","GE131","Yverdon-les-Bains",NA,NA,"537647","180202",433,6,"04","04","iv","2025","Lasioglossum","laticeps",1,NA,NA,"G. Egloff","C. Praz",NA,NA,NA,"Lasioglossum laticeps","LC",NA,NA,NA,NA,NA
132,"GE132",6,"focal","Thiele",2537647,1180202,433,"VD","04.04.2025","1","F.TH.VD.1.6","G. Egloff","Yverdon-les-Bains","GE132","Yverdon-les-Bains",NA,NA,"537647","180202",433,6,"04","04","iv","2025","Lasioglossum","laticeps",1,NA,NA,"G. Egloff","C. Praz",NA,NA,NA,"Lasioglossum laticeps","LC",NA,NA,NA,NA,NA
133,"GE133",6,"focal","Thiele",2537647,1180202,433,"VD","04.04.2025","1","F.TH.VD.1.6","G. Egloff","Yverdon-les-Bains","GE133","Yverdon-les-Bains",NA,NA,"537647","180202",433,6,"04","04","iv","2025","Lasioglossum","calceatum",1,NA,NA,"G. Egloff","C. Praz","Used for teaching",NA,NA,"Lasioglossum calceatum","LC",NA,NA,NA,NA,NA
134,"GE134",6,"focal","Thiele",2537647,1180202,433,"VD","04.04.2025","1","F.TH.VD.1.6","G. Egloff","Yverdon-les-Bains","GE134","Yverdon-les-Bains",NA,NA,"537647","180202",433,6,"04","04","iv","2025","Andrena","haemorrhoa",NA,NA,1,"G. Egloff","C. Praz",NA,NA,NA,"Andrena haemorrhoa","LC",NA,NA,NA,NA,NA
135,"GE135",6,"focal","Thiele",2537647,1180202,433,"VD","04.04.2025","1","F.TH.VD.1.6","G. Egloff","Yverdon-les-Bains","GE135","Yverdon-les-Bains",NA,NA,"537647","180202",433,6,"04","04","iv","2025","Andrena","flavipes",NA,NA,1,"G. Egloff","C. Praz",NA,NA,NA,"Andrena flavipes","LC",NA,NA,NA,NA,NA
136,"GE136",6,"focal","Thiele",2537647,1180202,433,"VD","04.04.2025","1","F.TH.VD.1.6","G. Egloff","Yverdon-les-Bains","GE136","Yverdon-les-Bains",NA,NA,"537647","180202",433,6,"04","04","iv","2025","Andrena","flavipes",NA,NA,1,"G. Egloff","C. Praz",NA,NA,NA,"Andrena flavipes","LC",NA,NA,NA,NA,NA
137,"GE137",6,"focal","Thiele",2537647,1180202,433,"VD","04.04.2025","1","F.TH.VD.1.6","G. Egloff","Yverdon-les-Bains","GE137","Yverdon-les-Bains",NA,NA,"537647","180202",433,6,"04","04","iv","2025","Andrena","flavipes",NA,NA,1,"G. Egloff","C. Praz",NA,NA,NA,"Andrena flavipes","LC",NA,NA,NA,NA,NA
138,"GE138",8,"focal","Thiele",2537676,1180224,433,"VD","04.04.2025","1","F.TH.VD.1.8","G. Egloff","Yverdon-les-Bains","GE138","Yverdon-les-Bains",NA,NA,"537676","180224",433,6,"04","04","iv","2025","Andrena","gravida",1,NA,NA,"G. Egloff","C. Praz",NA,NA,NA,"Andrena gravida","LC",NA,NA,NA,NA,NA
139,"GE139",8,"focal","Thiele",2537676,1180224,433,"VD","04.04.2025","1","F.TH.VD.1.8","G. Egloff","Yverdon-les-Bains","GE139","Yverdon-les-Bains",NA,NA,"537676","180224",433,6,"04","04","iv","2025","Psithyrus","vestalis",1,NA,NA,"G. Egloff","C. Praz",NA,NA,NA,"Psithyrus vestalis","LC",NA,NA,NA,NA,NA
140,"GE140",2,"focal","Thiele",2537559,1180126,433,"VD","04.04.2025","1","F.TH.VD.1.2","G. Egloff","Yverdon-les-Bains","GE140","Yverdon-les-Bains",NA,NA,"537559","180126",433,6,"04","04","iv","2025","Lasioglossum","laticeps",1,NA,NA,"G. Egloff","C. Praz",NA,NA,NA,"Lasioglossum laticeps","LC",NA,NA,NA,NA,NA
141,"GE141",2,"focal","Thiele",2537559,1180126,433,"VD","04.04.2025","1","F.TH.VD.1.2","G. Egloff","Yverdon-les-Bains","GE141","Yverdon-les-Bains",NA,NA,"537559","180126",433,6,"04","04","iv","2025","Nomada","fucata",NA,NA,1,"G. Egloff","C. Praz",NA,NA,NA,"Nomada fucata","LC",NA,NA,NA,NA,NA
142,"GE142",7,"focal","Thiele",2537657,1180201,431,"VD","04.04.2025","1","F.TH.VD.1.7","G. Egloff","Yverdon-les-Bains","GE142","Yverdon-les-Bains",NA,NA,"537657","180201",431,6,"04","04","iv","2025","Psithyrus","vestalis",1,NA,NA,"G. Egloff","C. Praz",NA,NA,NA,"Psithyrus vestalis","LC",NA,NA,NA,NA,NA
143,"GE143",7,"focal","Thiele",2537657,1180201,431,"VD","04.04.2025","1","F.TH.VD.1.7","G. Egloff","Yverdon-les-Bains","GE143","Yverdon-les-Bains",NA,NA,"537657","180201",431,6,"04","04","iv","2025","Lasioglossum","malachurum",1,NA,NA,"G. Egloff","C. Praz",NA,NA,NA,"Lasioglossum malachurum","LC",NA,NA,NA,NA,NA
144,"GE144",7,"focal","Thiele",2537657,1180201,431,"VD","04.04.2025","1","F.TH.VD.1.7","G. Egloff","Yverdon-les-Bains","GE144","Yverdon-les-Bains",NA,NA,"537657","180201",431,6,"04","04","iv","2025","Lasioglossum","semilucens",1,NA,NA,"G. Egloff","C. Praz",NA,NA,NA,"Lasioglossum semilucens","LC",NA,NA,NA,NA,NA
145,"GE145",7,"focal","Thiele",2537657,1180201,431,"VD","04.04.2025","1","F.TH.VD.1.7","G. Egloff","Yverdon-les-Bains","GE145","Yverdon-les-Bains",NA,NA,"537657","180201",431,6,"04","04","iv","2025","Lasioglossum","morio",1,NA,NA,"G. Egloff","C. Praz",NA,NA,NA,"Lasioglossum morio","LC",NA,NA,NA,NA,NA
146,"GE146",7,"focal","Thiele",2537657,1180201,431,"VD","04.04.2025","1","F.TH.VD.1.7","G. Egloff","Yverdon-les-Bains","GE146","Yverdon-les-Bains",NA,NA,"537657","180201",431,6,"04","04","iv","2025","Lasioglossum","morio",1,NA,NA,"G. Egloff","C. Praz",NA,NA,NA,"Lasioglossum morio","LC",NA,NA,NA,NA,NA
147,"GE147",7,"focal","Thiele",2537657,1180201,431,"VD","04.04.2025","1","F.TH.VD.1.7","G. Egloff","Yverdon-les-Bains","GE147","Yverdon-les-Bains",NA,NA,"537657","180201",431,6,"04","04","iv","2025","Lasioglossum","minutissimum",1,NA,NA,"G. Egloff","C. Praz",NA,NA,NA,"Lasioglossum minutissimum","LC",NA,NA,NA,NA,NA
148,"GE148",7,"focal","Thiele",2537657,1180201,431,"VD","04.04.2025","1","F.TH.VD.1.7","G. Egloff","Yverdon-les-Bains","GE148","Yverdon-les-Bains",NA,NA,"537657","180201",431,6,"04","04","iv","2025","Lasioglossum","politum",1,NA,NA,"G. Egloff","C. Praz",NA,NA,NA,"Lasioglossum politum","LC",NA,NA,NA,NA,NA
149,"GE149",6,"control","Thiele",2535368,1178181,435,"VD","05.04.2025","1","C.TH.VD.1.6","G. Egloff","Suscévaz","GE149","Suscévaz",NA,NA,"535368","178181",435,6,"05","04","iv","2025","Psithyrus","vestalis",1,NA,NA,"G. Egloff","C. Praz",NA,NA,NA,"Psithyrus vestalis","LC",NA,NA,NA,NA,NA
150,"GE150",6,"control","Thiele",2535368,1178181,435,"VD","05.04.2025","1","C.TH.VD.1.6","G. Egloff","Suscévaz","GE150","Suscévaz",NA,NA,"535368","178181",435,6,"05","04","iv","2025","Psithyrus","vestalis",1,NA,NA,"G. Egloff","C. Praz",NA,NA,NA,"Psithyrus vestalis","LC",NA,NA,NA,NA,NA
151,"GE151",6,"control","Thiele",2535368,1178181,435,"VD","05.04.2025","1","C.TH.VD.1.6","G. Egloff","Suscévaz","GE151","Suscévaz",NA,NA,"535368","178181",435,6,"05","04","iv","2025","Psithyrus","vestalis",1,NA,NA,"G. Egloff","C. Praz",NA,NA,NA,"Psithyrus vestalis","LC",NA,NA,NA,NA,NA
152,"GE152",13,"focal","Thiele",2537540,1180103,433,"VD","04.04.2025","1","F.TH.VD.1.13","G. Egloff","Yverdon-les-Bains","GE152","Yverdon-les-Bains",NA,NA,"537540","180103",433,6,"04","04","iv","2025","Anthophora","plumipes",NA,NA,1,"G. Egloff","C. Praz",NA,NA,NA,"Anthophora plumipes","LC",NA,NA,NA,NA,NA
153,"GE153",13,"focal","Thiele",2537540,1180103,433,"VD","04.04.2025","2","F.TH.VD.2.13","G. Egloff","Yverdon-les-Bains","GE153","Yverdon-les-Bains",NA,NA,"537540","180103",433,6,"04","04","iv","2025","Psithyrus","vestalis",1,NA,NA,"G. Egloff","C. Praz",NA,NA,NA,"Psithyrus vestalis","LC",NA,NA,NA,NA,NA
154,"GE154",7,"focal","Schwarzbach",2608189,1193195,525,"BE","10.04.2025","1","F.SC.BE.1.7","G. Egloff","Rubigen","GE154","Rubigen",NA,NA,"608189","193195",525,6,"10","04","iv","2025","Andrena","cineraria",1,NA,NA,"G. Egloff","C. Praz",NA,NA,NA,"Andrena cineraria","LC",NA,NA,NA,NA,NA
155,"GE155",7,"focal","Schwarzbach",2608189,1193195,525,"BE","10.04.2025","1","F.SC.BE.1.7","G. Egloff","Rubigen","GE155","Rubigen",NA,NA,"608189","193195",525,6,"10","04","iv","2025","Andrena","haemorrhoa",NA,NA,1,"G. Egloff","C. Praz",NA,NA,NA,"Andrena haemorrhoa","LC",NA,NA,NA,NA,NA
156,"GE156",7,"focal","Schwarzbach",2608189,1193195,525,"BE","10.04.2025","1","F.SC.BE.1.7","G. Egloff","Rubigen","GE156","Rubigen",NA,NA,"608189","193195",525,6,"10","04","iv","2025","Lasioglossum","malachurum",1,NA,NA,"G. Egloff","C. Praz",NA,NA,NA,"Lasioglossum malachurum","LC",NA,NA,NA,NA,NA
157,"GE157",7,"focal","Schwarzbach",2608189,1193195,525,"BE","10.04.2025","1","F.SC.BE.1.7","G. Egloff","Rubigen","GE157","Rubigen",NA,NA,"608189","193195",525,6,"10","04","iv","2025","Lasioglossum","malachurum",1,NA,NA,"G. Egloff","C. Praz",NA,NA,NA,"Lasioglossum malachurum","LC",NA,NA,NA,NA,NA
158,"GE158",7,"focal","Schwarzbach",2608189,1193195,525,"BE","10.04.2025","1","F.SC.BE.1.7","G. Egloff","Rubigen","GE158","Rubigen",NA,NA,"608189","193195",525,6,"10","04","iv","2025","Lasioglossum","malachurum",1,NA,NA,"G. Egloff","C. Praz",NA,NA,NA,"Lasioglossum malachurum","LC",NA,NA,NA,NA,NA
159,"GE159",7,"focal","Schwarzbach",2608189,1193195,525,"BE","10.04.2025","1","F.SC.BE.1.7","G. Egloff","Rubigen","GE159","Rubigen",NA,NA,"608189","193195",525,6,"10","04","iv","2025","Lasioglossum","malachurum",1,NA,NA,"G. Egloff","C. Praz",NA,NA,NA,"Lasioglossum malachurum","LC",NA,NA,NA,NA,NA
160,"GE160",7,"focal","Schwarzbach",2608189,1193195,525,"BE","10.04.2025","1","F.SC.BE.1.7","G. Egloff","Rubigen","GE160","Rubigen",NA,NA,"608189","193195",525,6,"10","04","iv","2025","Lasioglossum","laticeps",1,NA,NA,"G. Egloff","C. Praz",NA,NA,NA,"Lasioglossum laticeps","LC",NA,NA,NA,NA,NA
161,"GE161",7,"focal","Schwarzbach",2608189,1193195,525,"BE","10.04.2025","1","F.SC.BE.1.7","G. Egloff","Rubigen","GE161","Rubigen",NA,NA,"608189","193195",525,6,"10","04","iv","2025","Andrena","strohmella",NA,NA,1,"G. Egloff","C. Praz",NA,NA,NA,"Andrena strohmella","LC",NA,NA,NA,NA,NA
162,"GE162",7,"focal","Schwarzbach",2608189,1193195,525,"BE","10.04.2025","1","F.SC.BE.1.7","G. Egloff","Rubigen","GE162","Rubigen",NA,NA,"608189","193195",525,6,"10","04","iv","2025","Andrena","minutula",NA,NA,1,"G. Egloff","C. Praz",NA,NA,NA,"Andrena minutula","LC",NA,NA,NA,NA,NA
163,"GE163",7,"focal","Schwarzbach",2608189,1193195,525,"BE","10.04.2025","1","F.SC.BE.1.7","G. Egloff","Rubigen","GE163","Rubigen",NA,NA,"608189","193195",525,6,"10","04","iv","2025","Lasioglossum","morio",1,NA,NA,"G. Egloff","C. Praz",NA,NA,NA,"Lasioglossum morio","LC",NA,NA,NA,NA,NA
164,"GE164",7,"focal","Schwarzbach",2608189,1193195,525,"BE","10.04.2025","1","F.SC.BE.1.7","G. Egloff","Rubigen","GE164","Rubigen",NA,NA,"608189","193195",525,6,"10","04","iv","2025","Andrena","falsifica",NA,NA,1,"G. Egloff","C. Praz",NA,NA,NA,"Andrena falsifica","LC",NA,NA,NA,NA,NA
165,"GE165",7,"focal","Schwarzbach",2608189,1193195,525,"BE","10.04.2025","1","F.SC.BE.1.7","G. Egloff","Rubigen","GE165","Rubigen",NA,NA,"608189","193195",525,6,"10","04","iv","2025","Sphecodes","ephippius",1,NA,NA,"G. Egloff","C. Praz",NA,NA,NA,"Sphecodes ephippius","LC",NA,NA,NA,NA,NA
166,"GE166",7,"focal","Schwarzbach",2608189,1193195,525,"BE","10.04.2025","1","F.SC.BE.1.7","G. Egloff","Rubigen","GE166","Rubigen",NA,NA,"608189","193195",525,6,"10","04","iv","2025","Nomada","ruficornis",NA,NA,1,"G. Egloff","C. Praz",NA,NA,NA,"Nomada ruficornis","LC",NA,NA,NA,NA,NA
167,"GE167",8,"focal","Schwarzbach",2608198,1193190,525,"BE","10.04.2025","1","F.SC.BE.1.8","G. Egloff","Rubigen","GE167","Rubigen",NA,NA,"608198","193190",525,6,"10","04","iv","2025","Andrena","scotica",1,NA,NA,"G. Egloff","C. Praz",NA,NA,NA,"Andrena scotica","LC",NA,NA,NA,NA,NA
168,"GE168",8,"focal","Schwarzbach",2608198,1193190,525,"BE","10.04.2025","1","F.SC.BE.1.8","G. Egloff","Rubigen","GE168","Rubigen",NA,NA,"608198","193190",525,6,"10","04","iv","2025","Andrena","scotica",1,NA,NA,"G. Egloff","C. Praz",NA,NA,NA,"Andrena scotica","LC",NA,NA,NA,NA,NA
169,"GE169",8,"focal","Schwarzbach",2608198,1193190,525,"BE","10.04.2025","1","F.SC.BE.1.8","G. Egloff","Rubigen","GE169","Rubigen",NA,NA,"608198","193190",525,6,"10","04","iv","2025","Lasioglossum","malachurum",1,NA,NA,"G. Egloff","C. Praz",NA,NA,NA,"Lasioglossum malachurum","LC",NA,NA,NA,NA,NA
170,"GE170",8,"focal","Schwarzbach",2608198,1193190,525,"BE","10.04.2025","1","F.SC.BE.1.8","G. Egloff","Rubigen","GE170","Rubigen",NA,NA,"608198","193190",525,6,"10","04","iv","2025","Lasioglossum","laticeps",1,NA,NA,"G. Egloff","C. Praz",NA,NA,NA,"Lasioglossum laticeps","LC",NA,NA,NA,NA,NA
171,"GE171",8,"focal","Schwarzbach",2608198,1193190,525,"BE","10.04.2025","1","F.SC.BE.1.8","G. Egloff","Rubigen","GE171","Rubigen",NA,NA,"608198","193190",525,6,"10","04","iv","2025","Lasioglossum","laticeps",1,NA,NA,"G. Egloff","C. Praz",NA,NA,NA,"Lasioglossum laticeps","LC",NA,NA,NA,NA,NA
172,"GE172",8,"focal","Schwarzbach",2608198,1193190,525,"BE","10.04.2025","1","F.SC.BE.1.8","G. Egloff","Rubigen","GE172","Rubigen",NA,NA,"608198","193190",525,6,"10","04","iv","2025","Lasioglossum","laticeps",1,NA,NA,"G. Egloff","C. Praz",NA,NA,NA,"Lasioglossum laticeps","LC",NA,NA,NA,NA,NA
173,"GE173",8,"focal","Schwarzbach",2608198,1193190,525,"BE","10.04.2025","1","F.SC.BE.1.8","G. Egloff","Rubigen","GE173","Rubigen",NA,NA,"608198","193190",525,6,"10","04","iv","2025","Nomada","flavoguttata",NA,NA,1,"G. Egloff","C. Praz",NA,NA,NA,"Nomada flavoguttata","LC",NA,NA,NA,NA,NA
174,"GE174",6,"focal","Schwarzbach",2608180,1193208,525,"BE","10.04.2025","1","F.SC.BE.1.6","G. Egloff","Rubigen","GE174","Rubigen",NA,NA,"608180","193208",525,6,"10","04","iv","2025","Nomada","ruficornis",NA,NA,1,"G. Egloff","C. Praz",NA,NA,NA,"Nomada ruficornis","LC",NA,NA,NA,NA,NA
175,"GE175",6,"focal","Schwarzbach",2608180,1193208,525,"BE","10.04.2025","1","F.SC.BE.1.6","G. Egloff","Rubigen","GE175","Rubigen",NA,NA,"608180","193208",525,6,"10","04","iv","2025","Nomada","flavoguttata",NA,NA,1,"G. Egloff","C. Praz",NA,NA,NA,"Nomada flavoguttata","LC",NA,NA,NA,NA,NA
176,"GE176",4,"focal","Schwarzbach",2608165,1193225,525,"BE","10.04.2025","1","F.SC.BE.1.4","G. Egloff","Rubigen","GE176","Rubigen",NA,NA,"608165","193225",525,6,"10","04","iv","2025","Lasioglossum","calceatum",1,NA,NA,"G. Egloff","C. Praz","Used for teaching",NA,NA,"Lasioglossum calceatum","LC",NA,NA,NA,NA,NA
177,"GE177",4,"focal","Schwarzbach",2608165,1193225,525,"BE","10.04.2025","1","F.SC.BE.1.4","G. Egloff","Rubigen","GE177","Rubigen",NA,NA,"608165","193225",525,6,"10","04","iv","2025","Lasioglossum","calceatum",1,NA,NA,"G. Egloff","C. Praz","Used for teaching",NA,NA,"Lasioglossum calceatum","LC",NA,NA,NA,NA,NA
178,"GE178",4,"focal","Schwarzbach",2608165,1193225,525,"BE","10.04.2025","1","F.SC.BE.1.4","G. Egloff","Rubigen","GE178","Rubigen",NA,NA,"608165","193225",525,6,"10","04","iv","2025","Lasioglossum","malachurum",1,NA,NA,"G. Egloff","C. Praz",NA,NA,NA,"Lasioglossum malachurum","LC",NA,NA,NA,NA,NA
179,"GE179",4,"focal","Schwarzbach",2608165,1193225,525,"BE","10.04.2025","1","F.SC.BE.1.4","G. Egloff","Rubigen","GE179","Rubigen",NA,NA,"608165","193225",525,6,"10","04","iv","2025","Lasioglossum","malachurum",1,NA,NA,"G. Egloff","C. Praz",NA,NA,NA,"Lasioglossum malachurum","LC",NA,NA,NA,NA,NA
180,"GE180",4,"focal","Schwarzbach",2608165,1193225,525,"BE","10.04.2025","1","F.SC.BE.1.4","G. Egloff","Rubigen","GE180","Rubigen",NA,NA,"608165","193225",525,6,"10","04","iv","2025","Lasioglossum","malachurum",1,NA,NA,"G. Egloff","C. Praz",NA,NA,NA,"Lasioglossum malachurum","LC",NA,NA,NA,NA,NA
181,"GE181",4,"focal","Schwarzbach",2608165,1193225,525,"BE","10.04.2025","1","F.SC.BE.1.4","G. Egloff","Rubigen","GE181","Rubigen",NA,NA,"608165","193225",525,6,"10","04","iv","2025","Andrena","falsifica",1,NA,NA,"G. Egloff","C. Praz",NA,NA,NA,"Andrena falsifica","LC",NA,NA,NA,NA,NA
182,"GE182",4,"focal","Schwarzbach",2608165,1193225,525,"BE","10.04.2025","1","F.SC.BE.1.4","G. Egloff","Rubigen","GE182","Rubigen",NA,NA,"608165","193225",525,6,"10","04","iv","2025","Andrena","falsifica",1,NA,NA,"G. Egloff","C. Praz",NA,NA,NA,"Andrena falsifica","LC",NA,NA,NA,NA,NA
183,"GE183",4,"focal","Schwarzbach",2608165,1193225,525,"BE","10.04.2025","1","F.SC.BE.1.4","G. Egloff","Rubigen","GE183","Rubigen",NA,NA,"608165","193225",525,6,"10","04","iv","2025","Halictus","tumulorum",1,NA,NA,"G. Egloff","C. Praz",NA,NA,NA,"Halictus tumulorum","LC",NA,NA,NA,NA,NA
184,"GE184",4,"focal","Schwarzbach",2608165,1193225,525,"BE","10.04.2025","1","F.SC.BE.1.4","G. Egloff","Rubigen","GE184","Rubigen",NA,NA,"608165","193225",525,6,"10","04","iv","2025","Andrena","falsifica",1,NA,NA,"G. Egloff","C. Praz",NA,NA,NA,"Andrena falsifica","LC",NA,NA,NA,NA,NA
185,"GE185",4,"focal","Schwarzbach",2608165,1193225,525,"BE","10.04.2025","1","F.SC.BE.1.4","G. Egloff","Rubigen","GE185","Rubigen",NA,NA,"608165","193225",525,6,"10","04","iv","2025","Andrena","falsifica",1,NA,NA,"G. Egloff","C. Praz",NA,NA,NA,"Andrena falsifica","LC",NA,NA,NA,NA,NA
186,"GE186",4,"focal","Schwarzbach",2608165,1193225,525,"BE","10.04.2025","1","F.SC.BE.1.4","G. Egloff","Rubigen","GE186","Rubigen",NA,NA,"608165","193225",525,6,"10","04","iv","2025","Andrena","falsifica",1,NA,NA,"G. Egloff","C. Praz",NA,NA,NA,"Andrena falsifica","LC",NA,NA,NA,NA,NA
187,"GE187",4,"focal","Schwarzbach",2608165,1193225,525,"BE","10.04.2025","1","F.SC.BE.1.4","G. Egloff","Rubigen","GE187","Rubigen",NA,NA,"608165","193225",525,6,"10","04","iv","2025","Andrena","falsifica",1,NA,NA,"G. Egloff","C. Praz",NA,NA,NA,"Andrena falsifica","LC",NA,NA,NA,NA,NA
188,"GE188",4,"focal","Schwarzbach",2608165,1193225,525,"BE","10.04.2025","1","F.SC.BE.1.4","G. Egloff","Rubigen","GE188","Rubigen",NA,NA,"608165","193225",525,6,"10","04","iv","2025","Andrena","falsifica",NA,NA,1,"G. Egloff","C. Praz",NA,NA,NA,"Andrena falsifica","LC",NA,NA,NA,NA,NA
189,"GE189",3,"control","Schwarzbach",2609924,1193119,588,"BE","11.04.2025","1","C.SC.BE.1.3","G. Egloff","Münsingen","GE189","Münsingen",NA,NA,"609924","193119",588,6,"11","04","iv","2025","Nomada","ruficornis",1,NA,NA,"G. Egloff","C. Praz",NA,NA,NA,"Nomada ruficornis","LC",NA,NA,NA,NA,NA
190,"GE190",3,"control","Schwarzbach",2609924,1193119,588,"BE","11.04.2025","1","C.SC.BE.1.3","G. Egloff","Münsingen","GE190","Münsingen",NA,NA,"609924","193119",588,6,"11","04","iv","2025","Lasioglossum","laticeps",1,NA,NA,"G. Egloff","C. Praz",NA,NA,NA,"Lasioglossum laticeps","LC",NA,NA,NA,NA,NA
191,"GE191",3,"control","Schwarzbach",2609924,1193119,588,"BE","11.04.2025","1","C.SC.BE.1.3","G. Egloff","Münsingen","GE191","Münsingen",NA,NA,"609924","193119",588,6,"11","04","iv","2025","Lasioglossum","semilucens",1,NA,NA,"G. Egloff","C. Praz",NA,NA,NA,"Lasioglossum semilucens","LC",NA,NA,NA,NA,NA
192,"GE192",1,"control","Schwarzbach",2609861,1193161,587,"BE","11.04.2025","1","C.SC.BE.1.1","G. Egloff","Münsingen","GE192","Münsingen",NA,NA,"609861","193161",587,6,"11","04","iv","2025","Andrena","nitida",1,NA,NA,"G. Egloff","C. Praz",NA,NA,NA,"Andrena nitida","LC",NA,NA,NA,NA,NA
193,"GE193",1,"control","Schwarzbach",2609861,1193161,587,"BE","11.04.2025","1","C.SC.BE.1.1","G. Egloff","Münsingen","GE193","Münsingen",NA,NA,"609861","193161",587,6,"11","04","iv","2025","Nomada","fabriciana",1,NA,NA,"G. Egloff","C. Praz",NA,NA,NA,"Nomada fabriciana","LC",NA,NA,NA,NA,NA
194,"GE194",5,"control","Schwarzbach",2609958,1193095,588,"BE","11.04.2025","1","C.SC.BE.1.5","G. Egloff","Münsingen","GE194","Münsingen",NA,NA,"609958","193095",588,6,"11","04","iv","2025","Nomada","ruficornis",NA,NA,1,"G. Egloff","C. Praz",NA,NA,NA,"Nomada ruficornis","LC",NA,NA,NA,NA,NA
195,"GE195",8,"control","Schwarzbach",2610004,1193064,589,"BE","11.04.2025","1","C.SC.BE.1.8","G. Egloff","Münsingen","GE195","Münsingen",NA,NA,"610004","193064",589,6,"11","04","iv","2025","Nomada","ruficornis",1,NA,NA,"G. Egloff","C. Praz",NA,NA,NA,"Nomada ruficornis","LC",NA,NA,NA,NA,NA
196,"GE196",8,"control","Schwarzbach",2610004,1193064,589,"BE","11.04.2025","1","C.SC.BE.1.8","G. Egloff","Münsingen","GE196","Münsingen",NA,NA,"610004","193064",589,6,"11","04","iv","2025","Lasioglossum","calceatum",1,NA,NA,"G. Egloff","C. Praz","Used for teaching",NA,NA,"Lasioglossum calceatum","LC",NA,NA,NA,NA,NA
197,"GE197",8,"control","Schwarzbach",2610004,1193064,589,"BE","11.04.2025","1","C.SC.BE.1.8","G. Egloff","Münsingen","GE197","Münsingen",NA,NA,"610004","193064",589,6,"11","04","iv","2025","Nomada","flavoguttata",1,NA,NA,"G. Egloff","C. Praz",NA,NA,NA,"Nomada flavoguttata","LC",NA,NA,NA,NA,NA
198,"GE198",2,"control","Schwarzbach",2609873,1193153,587,"BE","11.04.2025","1","C.SC.BE.1.2","G. Egloff","Münsingen","GE198","Münsingen",NA,NA,"609873","193153",587,6,"11","04","iv","2025","Lasioglossum","calceatum",1,NA,NA,"G. Egloff","C. Praz","Used for teaching",NA,NA,"Lasioglossum calceatum","LC",NA,NA,NA,NA,NA
199,"GE199",7,"control","Schwarzbach",2609983,1193078,589,"BE","11.04.2025","1","C.SC.BE.1.7","G. Egloff","Münsingen","GE199","Münsingen",NA,NA,"609983","193078",589,6,"11","04","iv","2025","Andrena","haemorrhoa",NA,NA,1,"G. Egloff","C. Praz",NA,NA,NA,"Andrena haemorrhoa","LC",NA,NA,NA,NA,NA
200,"GE200",7,"control","Schwarzbach",2609983,1193078,589,"BE","11.04.2025","1","C.SC.BE.1.7","G. Egloff","Münsingen","GE200","Münsingen",NA,NA,"609983","193078",589,6,"11","04","iv","2025","Andrena","haemorrhoa",NA,NA,1,"G. Egloff","C. Praz",NA,NA,NA,"Andrena haemorrhoa","LC",NA,NA,NA,NA,NA
201,"GE201",7,"control","Schwarzbach",2609983,1193078,589,"BE","11.04.2025","1","C.SC.BE.1.7","G. Egloff","Münsingen","GE201","Münsingen",NA,NA,"609983","193078",589,6,"11","04","iv","2025","Andrena","haemorrhoa",NA,NA,1,"G. Egloff","C. Praz",NA,NA,NA,"Andrena haemorrhoa","LC",NA,NA,NA,NA,NA
202,"GE202",7,"control","Schwarzbach",2609983,1193078,589,"BE","11.04.2025","1","C.SC.BE.1.7","G. Egloff","Münsingen","GE202","Münsingen",NA,NA,"609983","193078",589,6,"11","04","iv","2025","Andrena","haemorrhoa",NA,NA,1,"G. Egloff","C. Praz",NA,NA,NA,"Andrena haemorrhoa","LC",NA,NA,NA,NA,NA
203,"GE203",7,"control","Schwarzbach",2609983,1193078,589,"BE","11.04.2025","1","C.SC.BE.1.7","G. Egloff","Münsingen","GE203","Münsingen",NA,NA,"609983","193078",589,6,"11","04","iv","2025","Andrena","haemorrhoa",NA,NA,1,"G. Egloff","C. Praz",NA,NA,NA,"Andrena haemorrhoa","LC",NA,NA,NA,NA,NA
204,"GE204",7,"control","Schwarzbach",2609983,1193078,589,"BE","11.04.2025","1","C.SC.BE.1.7","G. Egloff","Münsingen","GE204","Münsingen",NA,NA,"609983","193078",589,6,"11","04","iv","2025","Andrena","haemorrhoa",NA,NA,1,"G. Egloff","C. Praz",NA,NA,NA,"Andrena haemorrhoa","LC",NA,NA,NA,NA,NA
205,"GE205",7,"control","Schwarzbach",2609983,1193078,589,"BE","11.04.2025","1","C.SC.BE.1.7","G. Egloff","Münsingen","GE205","Münsingen",NA,NA,"609983","193078",589,6,"11","04","iv","2025","Andrena","haemorrhoa",NA,NA,1,"G. Egloff","C. Praz",NA,NA,NA,"Andrena haemorrhoa","LC",NA,NA,NA,NA,NA
206,"GE206",7,"control","Schwarzbach",2609983,1193078,589,"BE","11.04.2025","1","C.SC.BE.1.7","G. Egloff","Münsingen","GE206","Münsingen",NA,NA,"609983","193078",589,6,"11","04","iv","2025","Andrena","haemorrhoa",NA,NA,1,"G. Egloff","C. Praz",NA,NA,NA,"Andrena haemorrhoa","LC",NA,NA,NA,NA,NA
207,"GE207",7,"control","Schwarzbach",2609983,1193078,589,"BE","11.04.2025","1","C.SC.BE.1.7","G. Egloff","Münsingen","GE207","Münsingen",NA,NA,"609983","193078",589,6,"11","04","iv","2025","Andrena","haemorrhoa",NA,NA,1,"G. Egloff","C. Praz",NA,NA,NA,"Andrena haemorrhoa","LC",NA,NA,NA,NA,NA
208,"GE208",7,"control","Schwarzbach",2609983,1193078,589,"BE","11.04.2025","1","C.SC.BE.1.7","G. Egloff","Münsingen","GE208","Münsingen",NA,NA,"609983","193078",589,6,"11","04","iv","2025","Andrena","haemorrhoa",NA,NA,1,"G. Egloff","C. Praz",NA,NA,NA,"Andrena haemorrhoa","LC",NA,NA,NA,NA,NA
209,"GE209",7,"control","Schwarzbach",2609983,1193078,589,"BE","11.04.2025","1","C.SC.BE.1.7","G. Egloff","Münsingen","GE209","Münsingen",NA,NA,"609983","193078",589,6,"11","04","iv","2025","Andrena","haemorrhoa",NA,NA,1,"G. Egloff","C. Praz",NA,NA,NA,"Andrena haemorrhoa","LC",NA,NA,NA,NA,NA
210,"GE210",7,"control","Schwarzbach",2609983,1193078,589,"BE","11.04.2025","1","C.SC.BE.1.7","G. Egloff","Münsingen","GE210","Münsingen",NA,NA,"609983","193078",589,6,"11","04","iv","2025","Andrena","flavipes",NA,NA,1,"G. Egloff","C. Praz",NA,NA,NA,"Andrena flavipes","LC",NA,NA,NA,NA,NA
211,"GE211",7,"control","Schwarzbach",2609983,1193078,589,"BE","11.04.2025","1","C.SC.BE.1.7","G. Egloff","Münsingen","GE211","Münsingen",NA,NA,"609983","193078",589,6,"11","04","iv","2025","Lasioglossum","laticeps",1,NA,NA,"G. Egloff","C. Praz",NA,NA,NA,"Lasioglossum laticeps","LC",NA,NA,NA,NA,NA
212,"GE212",7,"control","Schwarzbach",2609983,1193078,589,"BE","11.04.2025","1","C.SC.BE.1.7","G. Egloff","Münsingen","GE212","Münsingen",NA,NA,"609983","193078",589,6,"11","04","iv","2025","Nomada","ruficornis",1,NA,NA,"G. Egloff","C. Praz",NA,NA,NA,"Nomada ruficornis","LC",NA,NA,NA,NA,NA
213,"GE213",4,"control","Schwarzbach",2609945,1193105,588,"BE","11.04.2025","1","C.SC.BE.1.4","G. Egloff","Münsingen","GE213","Münsingen",NA,NA,"609945","193105",588,6,"11","04","iv","2025","Andrena","haemorrhoa",NA,NA,1,"G. Egloff","C. Praz",NA,NA,NA,"Andrena haemorrhoa","LC",NA,NA,NA,NA,NA
214,"GE214",4,"control","Schwarzbach",2609945,1193105,588,"BE","11.04.2025","1","C.SC.BE.1.4","G. Egloff","Münsingen","GE214","Münsingen",NA,NA,"609945","193105",588,6,"11","04","iv","2025","Andrena","haemorrhoa",NA,NA,1,"G. Egloff","C. Praz",NA,NA,NA,"Andrena haemorrhoa","LC",NA,NA,NA,NA,NA
215,"GE215",4,"control","Schwarzbach",2609945,1193105,588,"BE","11.04.2025","1","C.SC.BE.1.4","G. Egloff","Münsingen","GE215","Münsingen",NA,NA,"609945","193105",588,6,"11","04","iv","2025","Andrena","haemorrhoa",NA,NA,1,"G. Egloff","C. Praz",NA,NA,NA,"Andrena haemorrhoa","LC",NA,NA,NA,NA,NA
216,"GE216",4,"control","Schwarzbach",2609945,1193105,588,"BE","11.04.2025","1","C.SC.BE.1.4","G. Egloff","Münsingen","GE216","Münsingen",NA,NA,"609945","193105",588,6,"11","04","iv","2025","Andrena","haemorrhoa",NA,NA,1,"G. Egloff","C. Praz",NA,NA,NA,"Andrena haemorrhoa","LC",NA,NA,NA,NA,NA
217,"GE217",4,"control","Schwarzbach",2609945,1193105,588,"BE","11.04.2025","1","C.SC.BE.1.4","G. Egloff","Münsingen","GE217","Münsingen",NA,NA,"609945","193105",588,6,"11","04","iv","2025","Andrena","haemorrhoa",NA,NA,1,"G. Egloff","C. Praz",NA,NA,NA,"Andrena haemorrhoa","LC",NA,NA,NA,NA,NA
218,"GE218",4,"control","Schwarzbach",2609945,1193105,588,"BE","11.04.2025","1","C.SC.BE.1.4","G. Egloff","Münsingen","GE218","Münsingen",NA,NA,"609945","193105",588,6,"11","04","iv","2025","Andrena","haemorrhoa",NA,NA,1,"G. Egloff","C. Praz",NA,NA,NA,"Andrena haemorrhoa","LC",NA,NA,NA,NA,NA
219,"GE219",4,"control","Schwarzbach",2609945,1193105,588,"BE","11.04.2025","1","C.SC.BE.1.4","G. Egloff","Münsingen","GE219","Münsingen",NA,NA,"609945","193105",588,6,"11","04","iv","2025","Andrena","haemorrhoa",NA,NA,1,"G. Egloff","C. Praz",NA,NA,NA,"Andrena haemorrhoa","LC",NA,NA,NA,NA,NA
220,"GE220",6,"control","Schwarzbach",2609967,1193089,589,"BE","11.04.2025","1","C.SC.BE.1.6","G. Egloff","Münsingen","GE220","Münsingen",NA,NA,"609967","193089",589,6,"11","04","iv","2025","Andrena","haemorrhoa",NA,NA,1,"G. Egloff","C. Praz",NA,NA,NA,"Andrena haemorrhoa","LC",NA,NA,NA,NA,NA
221,"GE221",6,"control","Schwarzbach",2609967,1193089,589,"BE","11.04.2025","1","C.SC.BE.1.6","G. Egloff","Münsingen","GE221","Münsingen",NA,NA,"609967","193089",589,6,"11","04","iv","2025","Andrena","flavipes",NA,NA,1,"G. Egloff","C. Praz",NA,NA,NA,"Andrena flavipes","LC",NA,NA,NA,NA,NA
222,"GE222",6,"control","Schwarzbach",2609967,1193089,589,"BE","11.04.2025","1","C.SC.BE.1.6","G. Egloff","Münsingen","GE222","Münsingen",NA,NA,"609967","193089",589,6,"11","04","iv","2025","Andrena","haemorrhoa",NA,NA,1,"G. Egloff","C. Praz",NA,NA,NA,"Andrena haemorrhoa","LC",NA,NA,NA,NA,NA
223,"GE223",6,"control","Schwarzbach",2609967,1193089,589,"BE","11.04.2025","1","C.SC.BE.1.6","G. Egloff","Münsingen","GE223","Münsingen",NA,NA,"609967","193089",589,6,"11","04","iv","2025","Andrena","haemorrhoa",NA,NA,1,"G. Egloff","C. Praz",NA,NA,NA,"Andrena haemorrhoa","LC",NA,NA,NA,NA,NA
224,"GE224",6,"control","Schwarzbach",2609967,1193089,589,"BE","11.04.2025","1","C.SC.BE.1.6","G. Egloff","Münsingen","GE224","Münsingen",NA,NA,"609967","193089",589,6,"11","04","iv","2025","Andrena","haemorrhoa",NA,NA,1,"G. Egloff","C. Praz",NA,NA,NA,"Andrena haemorrhoa","LC",NA,NA,NA,NA,NA
225,"GE225",6,"control","Schwarzbach",2609967,1193089,589,"BE","11.04.2025","1","C.SC.BE.1.6","G. Egloff","Münsingen","GE225","Münsingen",NA,NA,"609967","193089",589,6,"11","04","iv","2025","Andrena","haemorrhoa",NA,NA,1,"G. Egloff","C. Praz",NA,NA,NA,"Andrena haemorrhoa","LC",NA,NA,NA,NA,NA
226,"GE226",6,"control","Schwarzbach",2609967,1193089,589,"BE","11.04.2025","1","C.SC.BE.1.6","G. Egloff","Münsingen","GE226","Münsingen",NA,NA,"609967","193089",589,6,"11","04","iv","2025","Andrena","flavipes",NA,NA,1,"G. Egloff","C. Praz",NA,NA,NA,"Andrena flavipes","LC",NA,NA,NA,NA,NA
227,"GE227",6,"control","Schwarzbach",2609967,1193089,589,"BE","11.04.2025","1","C.SC.BE.1.6","G. Egloff","Münsingen","GE227","Münsingen",NA,NA,"609967","193089",589,6,"11","04","iv","2025","Andrena","haemorrhoa",NA,NA,1,"G. Egloff","C. Praz",NA,NA,NA,"Andrena haemorrhoa","LC",NA,NA,NA,NA,NA
228,"GE228",4,"control","Aire",2492622,1116353,380,"GE","30.04.2025","2","C.AI.GE.2.4","G. Egloff","Bernex","GE228","Bernex",NA,NA,"492622","116353",380,6,"30","04","iv","2025","Eucera","nigrescens",NA,NA,1,"G. Egloff","C. Praz",NA,NA,NA,"Eucera nigrescens","LC",NA,NA,NA,NA,NA
229,"GE229",1,"control","Aire",2492581,1116284,380,"GE","30.04.2025","2","C.AI.GE.2.1","G. Egloff","Bernex","GE229","Bernex",NA,NA,"492581","116284",380,6,"30","04","iv","2025","Lasioglossum","pallens",1,NA,NA,"G. Egloff","C. Praz",NA,NA,NA,"Lasioglossum pallens","LC",NA,NA,NA,NA,NA
230,"GE230",1,"control","Aire",2492581,1116284,380,"GE","30.04.2025","2","C.AI.GE.2.1","G. Egloff","Bernex","GE230","Bernex",NA,NA,"492581","116284",380,6,"30","04","iv","2025","Lasioglossum","pallens",1,NA,NA,"G. Egloff","C. Praz",NA,NA,NA,"Lasioglossum pallens","LC",NA,NA,NA,NA,NA
231,"GE231",6,"control","Aire",2492646,1116394,380,"GE","30.04.2025","2","C.AI.GE.2.6","G. Egloff","Bernex","GE231","Bernex",NA,NA,"492646","116394",380,6,"30","04","iv","2025","Eucera","nigrescens",1,NA,NA,"G. Egloff","C. Praz",NA,NA,NA,"Eucera nigrescens","LC",NA,NA,NA,NA,NA
232,"GE232",5,"control","Aire",2492634,1116373,380,"GE","30.04.2025","2","C.AI.GE.2.5","G. Egloff","Bernex","GE232","Bernex",NA,NA,"492634","116373",380,6,"30","04","iv","2025","Eucera","nigrescens",NA,NA,1,"G. Egloff","C. Praz",NA,NA,NA,"Eucera nigrescens","LC",NA,NA,NA,NA,NA
233,"GE233",5,"control","Aire",2492634,1116373,380,"GE","30.04.2025","2","C.AI.GE.2.5","G. Egloff","Bernex","GE233","Bernex",NA,NA,"492634","116373",380,6,"30","04","iv","2025","Andrena","haemorrhoa",1,NA,NA,"G. Egloff","C. Praz",NA,NA,NA,"Andrena haemorrhoa","LC",NA,NA,NA,NA,NA
234,"GE234",5,"control","Aire",2492634,1116373,380,"GE","30.04.2025","2","C.AI.GE.2.5","G. Egloff","Bernex","GE234","Bernex",NA,NA,"492634","116373",380,6,"30","04","iv","2025","Andrena","haemorrhoa",NA,NA,1,"G. Egloff","C. Praz",NA,NA,NA,"Andrena haemorrhoa","LC",NA,NA,NA,NA,NA
235,"GE235",5,"control","Aire",2492634,1116373,380,"GE","30.04.2025","2","C.AI.GE.2.5","G. Egloff","Bernex","GE235","Bernex",NA,NA,"492634","116373",380,6,"30","04","iv","2025","Nomada","sexfasciata",1,NA,NA,"G. Egloff","C. Praz",NA,NA,NA,"Nomada sexfasciata","LC",NA,NA,NA,NA,NA
236,"GE236",5,"control","Aire",2492634,1116373,380,"GE","30.04.2025","2","C.AI.GE.2.5","G. Egloff","Bernex","GE236","Bernex",NA,NA,"492634","116373",380,6,"30","04","iv","2025","Andrena","flavipes",NA,NA,1,"G. Egloff","C. Praz",NA,NA,NA,"Andrena flavipes","LC",NA,NA,NA,NA,NA
237,"GE237",5,"control","Aire",2492634,1116373,380,"GE","30.04.2025","2","C.AI.GE.2.5","G. Egloff","Bernex","GE237","Bernex",NA,NA,"492634","116373",380,6,"30","04","iv","2025","Andrena","minutula",1,NA,NA,"G. Egloff","C. Praz",NA,NA,NA,"Andrena minutula","LC",NA,NA,NA,NA,NA
238,"GE238",5,"control","Aire",2492634,1116373,380,"GE","30.04.2025","2","C.AI.GE.2.5","G. Egloff","Bernex","GE238","Bernex",NA,NA,"492634","116373",380,6,"30","04","iv","2025","Andrena","simontornyella",1,NA,NA,"G. Egloff","C. Praz",NA,NA,NA,"Andrena simontornyella","NT",NA,NA,NA,NA,NA
239,"GE239",5,"control","Aire",2492634,1116373,380,"GE","30.04.2025","2","C.AI.GE.2.5","G. Egloff","Bernex","GE239","Bernex",NA,NA,"492634","116373",380,6,"30","04","iv","2025","Lasioglossum","pauxillum",1,NA,NA,"G. Egloff","C. Praz",NA,NA,NA,"Lasioglossum pauxillum","LC",NA,NA,NA,NA,NA
240,"GE240",5,"control","Aire",2492634,1116373,380,"GE","30.04.2025","2","C.AI.GE.2.5","G. Egloff","Bernex","GE240","Bernex",NA,NA,"492634","116373",380,6,"30","04","iv","2025","Lasioglossum","pauxillum",1,NA,NA,"G. Egloff","C. Praz",NA,NA,NA,"Lasioglossum pauxillum","LC",NA,NA,NA,NA,NA
241,"GE241",3,"control","Aire",2492610,1116333,380,"GE","30.04.2025","2","C.AI.GE.2.3","G. Egloff","Bernex","GE241","Bernex",NA,NA,"492610","116333",380,6,"30","04","iv","2025","Lasioglossum","pauxillum",1,NA,NA,"G. Egloff","C. Praz",NA,NA,NA,"Lasioglossum pauxillum","LC",NA,NA,NA,NA,NA
242,"GE242",7,"control","Aire",2492656,1116411,380,"GE","30.04.2025","2","C.AI.GE.2.7","G. Egloff","Bernex","GE242","Bernex",NA,NA,"492656","116411",380,6,"30","04","iv","2025","Eucera","nigrescens",1,NA,NA,"G. Egloff","C. Praz",NA,NA,NA,"Eucera nigrescens","LC",NA,NA,NA,NA,NA
243,"GE243",8,"control","Aire",2492668,1116432,380,"GE","30.04.2025","2","C.AI.GE.2.8","G. Egloff","Bernex","GE243","Bernex",NA,NA,"492668","116432",380,6,"30","04","iv","2025","Halictus","maculatus",1,NA,NA,"G. Egloff","C. Praz",NA,NA,NA,"Halictus maculatus","LC",NA,NA,NA,NA,NA
244,"GE244",8,"control","Aire",2492668,1116432,380,"GE","30.04.2025","2","C.AI.GE.2.8","G. Egloff","Bernex","GE244","Bernex",NA,NA,"492668","116432",380,6,"30","04","iv","2025","Halictus","subauratus",1,NA,NA,"G. Egloff","C. Praz",NA,NA,NA,"Halictus subauratus","LC",NA,NA,NA,NA,NA
245,"GE245",8,"control","Aire",2492668,1116432,380,"GE","30.04.2025","2","C.AI.GE.2.8","G. Egloff","Bernex","GE245","Bernex",NA,NA,"492668","116432",380,6,"30","04","iv","2025","Halictus","simplex aggr.",1,NA,NA,"G. Egloff","C. Praz",NA,NA,NA,"Halictus simplex aggr.","LC",NA,NA,NA,NA,NA
246,"GE246",8,"control","Aire",2492668,1116432,380,"GE","30.04.2025","2","C.AI.GE.2.8","G. Egloff","Bernex","GE246","Bernex",NA,NA,"492668","116432",380,6,"30","04","iv","2025","Nomada","sexfasciata",1,NA,NA,"G. Egloff","C. Praz",NA,NA,NA,"Nomada sexfasciata","LC",NA,NA,NA,NA,NA
247,"GE247",8,"control","Aire",2492668,1116432,380,"GE","30.04.2025","2","C.AI.GE.2.8","G. Egloff","Bernex","GE247","Bernex",NA,NA,"492668","116432",380,6,"30","04","iv","2025","Nomada","sexfasciata",NA,NA,1,"G. Egloff","C. Praz",NA,NA,NA,"Nomada sexfasciata","LC",NA,NA,NA,NA,NA
248,"GE248",8,"control","Aire",2492668,1116432,380,"GE","30.04.2025","2","C.AI.GE.2.8","G. Egloff","Bernex","GE248","Bernex",NA,NA,"492668","116432",380,6,"30","04","iv","2025","Lasioglossum","pallens",1,NA,NA,"G. Egloff","C. Praz",NA,NA,NA,"Lasioglossum pallens","LC",NA,NA,NA,NA,NA
249,"GE249",8,"control","Aire",2492668,1116432,380,"GE","30.04.2025","2","C.AI.GE.2.8","G. Egloff","Bernex","GE249","Bernex",NA,NA,"492668","116432",380,6,"30","04","iv","2025","Ceratina","cyanea",NA,NA,1,"G. Egloff","C. Praz",NA,NA,NA,"Ceratina cyanea","LC",NA,NA,NA,NA,NA
250,"GE250",8,"control","Aire",2492668,1116432,380,"GE","30.04.2025","2","C.AI.GE.2.8","G. Egloff","Bernex","GE250","Bernex",NA,NA,"492668","116432",380,6,"30","04","iv","2025","Lasioglossum","glabriusculum",1,NA,NA,"G. Egloff","C. Praz",NA,NA,NA,"Lasioglossum glabriusculum","LC",NA,NA,NA,NA,NA
251,"GE251",7,"focal","Aire",2495525,1113833,400,"GE","01.05.2025","2","F.AI.GE.2.7","G. Egloff","Confignon","GE251","Confignon",NA,NA,"495525","113833",400,6,"01","05","v","2025","Andrena","proxima",NA,NA,1,"G. Egloff","C. Praz",NA,NA,NA,"Andrena proxima","LC",NA,NA,NA,NA,NA
252,"GE252",7,"focal","Aire",2495525,1113833,400,"GE","01.05.2025","2","F.AI.GE.2.7","G. Egloff","Confignon","GE252","Confignon",NA,NA,"495525","113833",400,6,"01","05","v","2025","Andrena","minutula",1,NA,NA,"G. Egloff","C. Praz",NA,NA,NA,"Andrena minutula","LC",NA,NA,NA,NA,NA
253,"GE253",7,"focal","Aire",2495525,1113833,400,"GE","01.05.2025","2","F.AI.GE.2.7","G. Egloff","Confignon","GE253","Confignon",NA,NA,"495525","113833",400,6,"01","05","v","2025","Andrena","minutula",1,NA,NA,"G. Egloff","C. Praz",NA,NA,NA,"Andrena minutula","LC",NA,NA,NA,NA,NA
254,"GE254",7,"focal","Aire",2495525,1113833,400,"GE","01.05.2025","2","F.AI.GE.2.7","G. Egloff","Confignon","GE254","Confignon",NA,NA,"495525","113833",400,6,"01","05","v","2025","Andrena","proxima",NA,NA,1,"G. Egloff","C. Praz",NA,NA,NA,"Andrena proxima","LC",NA,NA,NA,NA,NA
255,"GE255",7,"focal","Aire",2495525,1113833,400,"GE","01.05.2025","2","F.AI.GE.2.7","G. Egloff","Confignon","GE255","Confignon",NA,NA,"495525","113833",400,6,"01","05","v","2025","Andrena","flavipes",1,NA,NA,"G. Egloff","C. Praz","Destroyed. Melissa MSc project barcoding",NA,NA,"Andrena flavipes","LC",NA,NA,NA,NA,NA
256,"GE256",7,"focal","Aire",2495525,1113833,400,"GE","01.05.2025","2","F.AI.GE.2.7","G. Egloff","Confignon","GE256","Confignon",NA,NA,"495525","113833",400,6,"01","05","v","2025","Halictus","tumulorum",1,NA,NA,"G. Egloff","C. Praz",NA,NA,NA,"Halictus tumulorum","LC",NA,NA,NA,NA,NA
257,"GE257",7,"focal","Aire",2495525,1113833,400,"GE","01.05.2025","2","F.AI.GE.2.7","G. Egloff","Confignon","GE257","Confignon",NA,NA,"495525","113833",400,6,"01","05","v","2025","Lasioglossum","zonulum",1,NA,NA,"G. Egloff","C. Praz",NA,NA,NA,"Lasioglossum zonulum","LC",NA,NA,NA,NA,NA
258,"GE258",6,"focal","Aire",2495519,1113810,402,"GE","01.05.2025","2","F.AI.GE.2.6","G. Egloff","Confignon","GE258","Confignon",NA,NA,"495519","113810",402,6,"01","05","v","2025","Andrena","flavipes",1,NA,NA,"G. Egloff","C. Praz",NA,NA,NA,"Andrena flavipes","LC",NA,NA,NA,NA,NA
259,"GE259",2,"focal","Aire",2495429,1113779,402,"GE","01.05.2025","2","F.AI.GE.2.2","G. Egloff","Confignon","GE259","Confignon",NA,NA,"495429","113779",402,6,"01","05","v","2025","Lasioglossum","politum",1,NA,NA,"G. Egloff","C. Praz",NA,NA,NA,"Lasioglossum politum","LC",NA,NA,NA,NA,NA
260,"GE260",2,"focal","Aire",2495429,1113779,402,"GE","01.05.2025","2","F.AI.GE.2.2","G. Egloff","Confignon","GE260","Confignon",NA,NA,"495429","113779",402,6,"01","05","v","2025","Lasioglossum","morio",1,NA,NA,"G. Egloff","C. Praz",NA,NA,NA,"Lasioglossum morio","LC",NA,NA,NA,NA,NA
261,"GE261",8,"focal","Aire",2495526,1113823,400,"GE","01.05.2025","2","F.AI.GE.2.8","G. Egloff","Confignon","GE261","Confignon",NA,NA,"495526","113823",400,6,"01","05","v","2025","Andrena","proxima",NA,NA,1,"G. Egloff","C. Praz",NA,NA,NA,"Andrena proxima","LC",NA,NA,NA,NA,NA
262,"GE262",3,"focal","Aire",2495446,1113810,401,"GE","01.05.2025","2","F.AI.GE.2.3","G. Egloff","Confignon","GE262","Confignon",NA,NA,"495446","113810",401,6,"01","05","v","2025","Lasioglossum","politum",1,NA,NA,"G. Egloff","C. Praz",NA,NA,NA,"Lasioglossum politum","LC",NA,NA,NA,NA,NA
263,"GE263",3,"focal","Aire",2495446,1113810,401,"GE","01.05.2025","2","F.AI.GE.2.3","G. Egloff","Confignon","GE263","Confignon",NA,NA,"495446","113810",401,6,"01","05","v","2025","Lasioglossum","interruptum",1,NA,NA,"G. Egloff","C. Praz",NA,NA,NA,"Lasioglossum interruptum","LC",NA,NA,NA,NA,NA
264,"GE264",3,"focal","Aire",2495446,1113810,401,"GE","01.05.2025","2","F.AI.GE.2.3","G. Egloff","Confignon","GE264","Confignon",NA,NA,"495446","113810",401,6,"01","05","v","2025","Lasioglossum","zonulum",1,NA,NA,"G. Egloff","C. Praz",NA,NA,NA,"Lasioglossum zonulum","LC",NA,NA,NA,NA,NA
265,"GE265",3,"focal","Aire",2495446,1113810,401,"GE","01.05.2025","2","F.AI.GE.2.3","G. Egloff","Confignon","GE265","Confignon",NA,NA,"495446","113810",401,6,"01","05","v","2025","Andrena","afzeliella",NA,NA,1,"G. Egloff","C. Praz",NA,NA,NA,"Andrena afzeliella","LC",NA,NA,NA,NA,NA
266,"GE266",3,"focal","Aire",2495446,1113810,401,"GE","01.05.2025","2","F.AI.GE.2.3","G. Egloff","Confignon","GE266","Confignon",NA,NA,"495446","113810",401,6,"01","05","v","2025","Osmia","aurulenta",NA,NA,1,"G. Egloff","C. Praz",NA,NA,NA,"Osmia aurulenta","LC",NA,NA,NA,NA,NA
267,"GE267",3,"focal","Aire",2495446,1113810,401,"GE","01.05.2025","2","F.AI.GE.2.3","G. Egloff","Confignon","GE267","Confignon",NA,NA,"495446","113810",401,6,"01","05","v","2025","Halictus","scabiosae",1,NA,NA,"G. Egloff","C. Praz",NA,NA,NA,"Halictus scabiosae","LC",NA,NA,NA,NA,NA
268,"GE268",3,"focal","Aire",2495446,1113810,401,"GE","01.05.2025","2","F.AI.GE.2.3","G. Egloff","Confignon","GE268","Confignon",NA,NA,"495446","113810",401,6,"01","05","v","2025","Halictus","simplex aggr.",1,NA,NA,"G. Egloff","C. Praz",NA,NA,NA,"Halictus simplex aggr.","LC",NA,NA,NA,NA,NA
269,"GE269",3,"focal","Aire",2495446,1113810,401,"GE","01.05.2025","2","F.AI.GE.2.3","G. Egloff","Confignon","GE269","Confignon",NA,NA,"495446","113810",401,6,"01","05","v","2025","Halictus","tumulorum",1,NA,NA,"G. Egloff","C. Praz",NA,NA,NA,"Halictus tumulorum","LC",NA,NA,NA,NA,NA
270,"GE270",3,"focal","Aire",2495446,1113810,401,"GE","01.05.2025","2","F.AI.GE.2.3","G. Egloff","Confignon","GE270","Confignon",NA,NA,"495446","113810",401,6,"01","05","v","2025","Andrena","afzeliella",NA,NA,1,"G. Egloff","C. Praz",NA,NA,NA,"Andrena afzeliella","LC",NA,NA,NA,NA,NA
271,"GE271",3,"focal","Aire",2495446,1113810,401,"GE","01.05.2025","2","F.AI.GE.2.3","G. Egloff","Confignon","GE271","Confignon",NA,NA,"495446","113810",401,6,"01","05","v","2025","Sphecodes","ephippius",1,NA,NA,"G. Egloff","C. Praz",NA,NA,NA,"Sphecodes ephippius","LC",NA,NA,NA,NA,NA
272,"GE272",3,"focal","Aire",2495446,1113810,401,"GE","01.05.2025","2","F.AI.GE.2.3","G. Egloff","Confignon","GE272","Confignon",NA,NA,"495446","113810",401,6,"01","05","v","2025","Andrena","afzeliella",NA,NA,1,"G. Egloff","C. Praz",NA,NA,NA,"Andrena afzeliella","LC",NA,NA,NA,NA,NA
273,"GE273",3,"focal","Aire",2495446,1113810,401,"GE","01.05.2025","2","F.AI.GE.2.3","G. Egloff","Confignon","GE273","Confignon",NA,NA,"495446","113810",401,6,"01","05","v","2025","Andrena","afzeliella",NA,NA,1,"G. Egloff","C. Praz",NA,NA,NA,"Andrena afzeliella","LC",NA,NA,NA,NA,NA
274,"GE274",3,"focal","Aire",2495446,1113810,401,"GE","01.05.2025","2","F.AI.GE.2.3","G. Egloff","Confignon","GE274","Confignon",NA,NA,"495446","113810",401,6,"01","05","v","2025","Halictus","simplex aggr.",1,NA,NA,"G. Egloff","C. Praz",NA,NA,NA,"Halictus simplex aggr.","LC",NA,NA,NA,NA,NA
275,"GE275",5,"focal","Aire",2495479,1113801,402,"GE","01.05.2025","2","F.AI.GE.2.5","G. Egloff","Confignon","GE275","Confignon",NA,NA,"495479","113801",402,6,"01","05","v","2025","Ceratina","cyanea",1,NA,NA,"G. Egloff","C. Praz",NA,NA,NA,"Ceratina cyanea","LC",NA,NA,NA,NA,NA
276,"GE276",5,"focal","Aire",2495479,1113801,402,"GE","01.05.2025","2","F.AI.GE.2.5","G. Egloff","Confignon","GE276","Confignon",NA,NA,"495479","113801",402,6,"01","05","v","2025","Ceratina","cyanea",1,NA,NA,"G. Egloff","C. Praz",NA,NA,NA,"Ceratina cyanea","LC",NA,NA,NA,NA,NA
277,"GE277",5,"focal","Aire",2495479,1113801,402,"GE","01.05.2025","2","F.AI.GE.2.5","G. Egloff","Confignon","GE277","Confignon",NA,NA,"495479","113801",402,6,"01","05","v","2025","Lasioglossum","punctatissimum",1,NA,NA,"G. Egloff","C. Praz",NA,NA,NA,"Lasioglossum punctatissimum","LC",NA,NA,NA,NA,NA
278,"GE278",5,"focal","Aire",2495479,1113801,402,"GE","01.05.2025","2","F.AI.GE.2.5","G. Egloff","Confignon","GE278","Confignon",NA,NA,"495479","113801",402,6,"01","05","v","2025","Halictus","simplex aggr.",1,NA,NA,"G. Egloff","C. Praz",NA,NA,NA,"Halictus simplex aggr.","LC",NA,NA,NA,NA,NA
279,"GE279",4,"focal","Aire",2495459,1113802,402,"GE","01.05.2025","2","F.AI.GE.2.4","G. Egloff","Confignon","GE279","Confignon",NA,NA,"495459","113802",402,6,"01","05","v","2025","Halictus","simplex aggr.",1,NA,NA,"G. Egloff","C. Praz",NA,NA,NA,"Halictus simplex aggr.","LC",NA,NA,NA,NA,NA
280,"GE280",4,"focal","Aire",2495459,1113802,402,"GE","01.05.2025","2","F.AI.GE.2.4","G. Egloff","Confignon","GE280","Confignon",NA,NA,"495459","113802",402,6,"01","05","v","2025","Lasioglossum","pauxillum",1,NA,NA,"G. Egloff","C. Praz",NA,NA,NA,"Lasioglossum pauxillum","LC",NA,NA,NA,NA,NA
281,"GE281",4,"focal","Aire",2495459,1113802,402,"GE","01.05.2025","2","F.AI.GE.2.4","G. Egloff","Confignon","GE281","Confignon",NA,NA,"495459","113802",402,6,"01","05","v","2025","Halictus","scabiosae",1,NA,NA,"G. Egloff","C. Praz",NA,NA,NA,"Halictus scabiosae","LC",NA,NA,NA,NA,NA
282,"GE282",4,"focal","Aire",2495459,1113802,402,"GE","01.05.2025","2","F.AI.GE.2.4","G. Egloff","Confignon","GE282","Confignon",NA,NA,"495459","113802",402,6,"01","05","v","2025","Eucera","nigrescens",NA,NA,1,"G. Egloff","C. Praz",NA,NA,NA,"Eucera nigrescens","LC",NA,NA,NA,NA,NA
283,"GE283",4,"focal","Aire",2495459,1113802,402,"GE","01.05.2025","2","F.AI.GE.2.4","G. Egloff","Confignon","GE283","Confignon",NA,NA,"495459","113802",402,6,"01","05","v","2025","Halictus","scabiosae",1,NA,NA,"G. Egloff","C. Praz",NA,NA,NA,"Halictus scabiosae","LC",NA,NA,NA,NA,NA
284,"GE284",4,"focal","Aire",2495459,1113802,402,"GE","01.05.2025","2","F.AI.GE.2.4","G. Egloff","Confignon","GE284","Confignon",NA,NA,"495459","113802",402,6,"01","05","v","2025","Lasioglossum","punctatissimum",1,NA,NA,"G. Egloff","C. Praz",NA,NA,NA,"Lasioglossum punctatissimum","LC",NA,NA,NA,NA,NA
285,"GE285",4,"focal","Aire",2495459,1113802,402,"GE","01.05.2025","2","F.AI.GE.2.4","G. Egloff","Confignon","GE285","Confignon",NA,NA,"495459","113802",402,6,"01","05","v","2025","Halictus","simplex aggr.",1,NA,NA,"G. Egloff","C. Praz",NA,NA,NA,"Halictus simplex aggr.","LC",NA,NA,NA,NA,NA
286,"GE286",4,"control","Scheulte",2597636,1244585,444,"JU","02.05.2025","2","C.SC.JU.2.4","G. Egloff","Val Terbi","GE286","Val Terbi",NA,NA,"597636","244585",444,6,"02","05","v","2025","Nomada","panzeri",1,NA,NA,"G. Egloff","C. Praz",NA,NA,NA,"Nomada panzeri","LC",NA,NA,NA,NA,NA
287,"GE287",3,"control","Scheulte",2597625,1244588,444,"JU","02.05.2025","2","C.SC.JU.2.3","G. Egloff","Val Terbi","GE287","Val Terbi",NA,NA,"597625","244588",444,6,"02","05","v","2025","Andrena","haemorrhoa",1,NA,NA,"G. Egloff","C. Praz",NA,NA,NA,"Andrena haemorrhoa","LC",NA,NA,NA,NA,NA
288,"GE288",3,"control","Scheulte",2597625,1244588,444,"JU","02.05.2025","2","C.SC.JU.2.3","G. Egloff","Val Terbi","GE288","Val Terbi",NA,NA,"597625","244588",444,6,"02","05","v","2025","Andrena","haemorrhoa",1,NA,NA,"G. Egloff","C. Praz",NA,NA,NA,"Andrena haemorrhoa","LC",NA,NA,NA,NA,NA
289,"GE289",3,"control","Scheulte",2597625,1244588,444,"JU","02.05.2025","2","C.SC.JU.2.3","G. Egloff","Val Terbi","GE289","Val Terbi",NA,NA,"597625","244588",444,6,"02","05","v","2025","Nomada","panzeri",1,NA,NA,"G. Egloff","C. Praz",NA,NA,NA,"Nomada panzeri","LC",NA,NA,NA,NA,NA
290,"GE290",8,"control","Scheulte",2597681,1244557,445,"JU","02.05.2025","2","C.SC.JU.2.8","G. Egloff","Val Terbi","GE290","Val Terbi",NA,NA,"597681","244557",445,6,"02","05","v","2025","Eucera","nigrescens",NA,NA,1,"G. Egloff","C. Praz",NA,NA,NA,"Eucera nigrescens","LC",NA,NA,NA,NA,NA
291,"GE291",8,"control","Scheulte",2597681,1244557,445,"JU","02.05.2025","2","C.SC.JU.2.8","G. Egloff","Val Terbi","GE291","Val Terbi",NA,NA,"597681","244557",445,6,"02","05","v","2025","Eucera","nigrescens",NA,NA,1,"G. Egloff","C. Praz",NA,NA,NA,"Eucera nigrescens","LC",NA,NA,NA,NA,NA
292,"GE292",8,"control","Scheulte",2597681,1244557,445,"JU","02.05.2025","2","C.SC.JU.2.8","G. Egloff","Val Terbi","GE292","Val Terbi",NA,NA,"597681","244557",445,6,"02","05","v","2025","Andrena","cineraria",1,NA,NA,"G. Egloff","C. Praz",NA,NA,NA,"Andrena cineraria","LC",NA,NA,NA,NA,NA
293,"GE293",8,"control","Scheulte",2597681,1244557,445,"JU","02.05.2025","2","C.SC.JU.2.8","G. Egloff","Val Terbi","GE293","Val Terbi",NA,NA,"597681","244557",445,6,"02","05","v","2025","Wasp",NA,NA,1,NA,"G. Egloff","C. Praz",NA,NA,NA,"Wasp",NA,NA,NA,NA,NA,NA
294,"GE294",2,"control","Scheulte",2597601,1244609,444,"JU","02.05.2025","2","C.SC.JU.2.2","G. Egloff","Val Terbi","GE294","Val Terbi",NA,NA,"597601","244609",444,6,"02","05","v","2025","Chelostoma","florisomne",1,NA,NA,"G. Egloff","C. Praz",NA,NA,NA,"Chelostoma florisomne","LC",NA,NA,NA,NA,NA
295,"GE295",2,"control","Scheulte",2597601,1244609,444,"JU","02.05.2025","2","C.SC.JU.2.2","G. Egloff","Val Terbi","GE295","Val Terbi",NA,NA,"597601","244609",444,6,"02","05","v","2025","Halictus","tumulorum",1,NA,NA,"G. Egloff","C. Praz",NA,NA,NA,"Halictus tumulorum","LC",NA,NA,NA,NA,NA
296,"GE296",6,"control","Scheulte",2597674,1244564,445,"JU","02.05.2025","2","C.SC.JU.2.6","G. Egloff","Val Terbi","GE296","Val Terbi",NA,NA,"597674","244564",445,6,"02","05","v","2025","Andrena","flavipes",NA,NA,1,"G. Egloff","C. Praz",NA,NA,NA,"Andrena flavipes","LC",NA,NA,NA,NA,NA
297,"GE297",6,"control","Scheulte",2597674,1244564,445,"JU","02.05.2025","2","C.SC.JU.2.6","G. Egloff","Val Terbi","GE297","Val Terbi",NA,NA,"597674","244564",445,6,"02","05","v","2025","Andrena","haemorrhoa",1,NA,NA,"G. Egloff","C. Praz",NA,NA,NA,"Andrena haemorrhoa","LC",NA,NA,NA,NA,NA
298,"GE298",6,"control","Scheulte",2597674,1244564,445,"JU","02.05.2025","2","C.SC.JU.2.6","G. Egloff","Val Terbi","GE298","Val Terbi",NA,NA,"597674","244564",445,6,"02","05","v","2025","Lasioglossum","pauxillum",1,NA,NA,"G. Egloff","C. Praz",NA,NA,NA,"Lasioglossum pauxillum","LC",NA,NA,NA,NA,NA
299,"GE299",6,"control","Scheulte",2597674,1244564,445,"JU","02.05.2025","2","C.SC.JU.2.6","G. Egloff","Val Terbi","GE299","Val Terbi",NA,NA,"597674","244564",445,6,"02","05","v","2025","Andrena","fulvata",1,NA,NA,"G. Egloff","C. Praz",NA,NA,NA,"Andrena fulvata","LC",NA,NA,NA,NA,NA
300,"GE300",6,"control","Scheulte",2597674,1244564,445,"JU","02.05.2025","2","C.SC.JU.2.6","G. Egloff","Val Terbi","GE300","Val Terbi",NA,NA,"597674","244564",445,6,"02","05","v","2025","Andrena","flavipes",NA,NA,1,"G. Egloff","C. Praz",NA,NA,NA,"Andrena flavipes","LC",NA,NA,NA,NA,NA
301,"GE301",7,"control","Scheulte",2597681,1244512,445,"JU","02.05.2025","2","C.SC.JU.2.7","G. Egloff","Val Terbi","GE301","Val Terbi",NA,NA,"597681","244512",445,6,"02","05","v","2025","Eucera","nigrescens",1,NA,NA,"G. Egloff","C. Praz",NA,NA,NA,"Eucera nigrescens","LC",NA,NA,NA,NA,NA
302,"GE302",7,"control","Scheulte",2597681,1244512,445,"JU","02.05.2025","2","C.SC.JU.2.7","G. Egloff","Val Terbi","GE302","Val Terbi",NA,NA,"597681","244512",445,6,"02","05","v","2025","Eucera","nigrescens",NA,NA,1,"G. Egloff","C. Praz",NA,NA,NA,"Eucera nigrescens","LC",NA,NA,NA,NA,NA
303,"GE303",7,"control","Scheulte",2597681,1244512,445,"JU","02.05.2025","2","C.SC.JU.2.7","G. Egloff","Val Terbi","GE303","Val Terbi",NA,NA,"597681","244512",445,6,"02","05","v","2025","Hoplitis","ravouxi",NA,NA,1,"G. Egloff","C. Praz",NA,NA,NA,"Hoplitis ravouxi","VU",NA,NA,NA,NA,NA
304,"GE304",7,"control","Scheulte",2597681,1244512,445,"JU","02.05.2025","2","C.SC.JU.2.7","G. Egloff","Val Terbi","GE304","Val Terbi",NA,NA,"597681","244512",445,6,"02","05","v","2025","Andrena","flavipes",NA,NA,1,"G. Egloff","C. Praz",NA,NA,NA,"Andrena flavipes","LC",NA,NA,NA,NA,NA
305,"GE305",7,"control","Scheulte",2597681,1244512,445,"JU","02.05.2025","2","C.SC.JU.2.7","G. Egloff","Val Terbi","GE305","Val Terbi",NA,NA,"597681","244512",445,6,"02","05","v","2025","Chelostoma","florisomne",1,NA,NA,"G. Egloff","C. Praz",NA,NA,NA,"Chelostoma florisomne","LC",NA,NA,NA,NA,NA
306,"GE306",7,"control","Scheulte",2597681,1244512,445,"JU","02.05.2025","2","C.SC.JU.2.7","G. Egloff","Val Terbi","GE306","Val Terbi",NA,NA,"597681","244512",445,6,"02","05","v","2025","Nomada","atroscutellaris",NA,NA,1,"G. Egloff","C. Praz",NA,NA,NA,"Nomada atroscutellaris","LC",NA,NA,NA,NA,NA
307,"GE307",7,"control","Scheulte",2597681,1244512,445,"JU","02.05.2025","2","C.SC.JU.2.7","G. Egloff","Val Terbi","GE307","Val Terbi",NA,NA,"597681","244512",445,6,"02","05","v","2025","Chelostoma","florisomne",NA,NA,1,"G. Egloff","C. Praz",NA,NA,NA,"Chelostoma florisomne","LC",NA,NA,NA,NA,NA
308,"GE308",7,"control","Scheulte",2597681,1244512,445,"JU","02.05.2025","2","C.SC.JU.2.7","G. Egloff","Val Terbi","GE308","Val Terbi",NA,NA,"597681","244512",445,6,"02","05","v","2025","Lasioglossum","calceatum",1,NA,NA,"G. Egloff","C. Praz",NA,NA,NA,"Lasioglossum calceatum","LC",NA,NA,NA,NA,NA
309,"GE309",7,"control","Scheulte",2597681,1244512,445,"JU","02.05.2025","2","C.SC.JU.2.7","G. Egloff","Val Terbi","GE309","Val Terbi",NA,NA,"597681","244512",445,6,"02","05","v","2025","Osmia","gallarum",NA,NA,1,"G. Egloff","C. Praz",NA,NA,NA,"Osmia gallarum","LC",NA,NA,NA,NA,NA
310,"GE310",7,"control","Scheulte",2597681,1244512,445,"JU","02.05.2025","2","C.SC.JU.2.7","G. Egloff","Val Terbi","GE310","Val Terbi",NA,NA,"597681","244512",445,6,"02","05","v","2025","Eucera","nigrescens",NA,NA,1,"G. Egloff","C. Praz",NA,NA,NA,"Eucera nigrescens","LC",NA,NA,NA,NA,NA
311,"GE311",7,"control","Scheulte",2597681,1244512,445,"JU","02.05.2025","2","C.SC.JU.2.7","G. Egloff","Val Terbi","GE311","Val Terbi",NA,NA,"597681","244512",445,6,"02","05","v","2025","Lasioglossum","zonulum",1,NA,NA,"G. Egloff","C. Praz",NA,NA,NA,"Lasioglossum zonulum","LC",NA,NA,NA,NA,NA
312,"GE312",1,"control","Scheulte",2597593,1244621,444,"JU","02.05.2025","2","C.SC.JU.2.1","G. Egloff","Val Terbi","GE312","Val Terbi",NA,NA,"597593","244621",444,6,"02","05","v","2025","Lasioglossum","zonulum",1,NA,NA,"G. Egloff","C. Praz",NA,NA,NA,"Lasioglossum zonulum","LC",NA,NA,NA,NA,NA
313,"GE313",1,"control","Scheulte",2597593,1244621,444,"JU","02.05.2025","2","C.SC.JU.2.1","G. Egloff","Val Terbi","GE313","Val Terbi",NA,NA,"597593","244621",444,6,"02","05","v","2025","Andrena","lagopus",NA,NA,1,"G. Egloff","C. Praz",NA,NA,NA,"Andrena lagopus","LC",NA,NA,NA,NA,NA
314,"GE314",1,"control","Scheulte",2597593,1244621,444,"JU","02.05.2025","2","C.SC.JU.2.1","G. Egloff","Val Terbi","GE314","Val Terbi",NA,NA,"597593","244621",444,6,"02","05","v","2025","Nomada","ruficornis",NA,NA,1,"G. Egloff","C. Praz",NA,NA,NA,"Nomada ruficornis","LC",NA,NA,NA,NA,NA
315,"GE315",1,"control","Scheulte",2597593,1244621,444,"JU","02.05.2025","2","C.SC.JU.2.1","G. Egloff","Val Terbi","GE315","Val Terbi",NA,NA,"597593","244621",444,6,"02","05","v","2025","Nomada","ruficornis",NA,NA,1,"G. Egloff","C. Praz",NA,NA,NA,"Nomada ruficornis","LC",NA,NA,NA,NA,NA
316,"GE316",1,"control","Scheulte",2597593,1244621,444,"JU","02.05.2025","2","C.SC.JU.2.1","G. Egloff","Val Terbi","GE316","Val Terbi",NA,NA,"597593","244621",444,6,"02","05","v","2025","Chelostoma","florisomne",1,NA,NA,"G. Egloff","C. Praz",NA,NA,NA,"Chelostoma florisomne","LC",NA,NA,NA,NA,NA
317,"GE317",1,"control","Scheulte",2597593,1244621,444,"JU","02.05.2025","2","C.SC.JU.2.1","G. Egloff","Val Terbi","GE317","Val Terbi",NA,NA,"597593","244621",444,6,"02","05","v","2025","Halictus","tumulorum",1,NA,NA,"G. Egloff","C. Praz",NA,NA,NA,"Halictus tumulorum","LC",NA,NA,NA,NA,NA
318,"GE318",5,"control","Scheulte",2597647,1244583,445,"JU","02.05.2025","2","C.SC.JU.2.5","G. Egloff","Val Terbi","GE318","Val Terbi",NA,NA,"597647","244583",445,6,"02","05","v","2025","Eucera","nigrescens",NA,NA,1,"G. Egloff","C. Praz",NA,NA,NA,"Eucera nigrescens","LC",NA,NA,NA,NA,NA
319,"GE319",5,"control","Scheulte",2597647,1244583,445,"JU","02.05.2025","2","C.SC.JU.2.5","G. Egloff","Val Terbi","GE319","Val Terbi",NA,NA,"597647","244583",445,6,"02","05","v","2025","Eucera","nigrescens",NA,NA,1,"G. Egloff","C. Praz",NA,NA,NA,"Eucera nigrescens","LC",NA,NA,NA,NA,NA
320,"GE320",5,"control","Scheulte",2597647,1244583,445,"JU","02.05.2025","2","C.SC.JU.2.5","G. Egloff","Val Terbi","GE320","Val Terbi",NA,NA,"597647","244583",445,6,"02","05","v","2025","Eucera","nigrescens",NA,NA,1,"G. Egloff","C. Praz",NA,NA,NA,"Eucera nigrescens","LC",NA,NA,NA,NA,NA
321,"GE321",5,"control","Scheulte",2597647,1244583,445,"JU","02.05.2025","2","C.SC.JU.2.5","G. Egloff","Val Terbi","GE321","Val Terbi",NA,NA,"597647","244583",445,6,"02","05","v","2025","Nomada","atroscutellaris",1,NA,NA,"G. Egloff","C. Praz",NA,NA,NA,"Nomada atroscutellaris","LC",NA,NA,NA,NA,NA
322,"GE322",4,"focal","Scheulte",2595385,1246005,416,"JU","03.05.2025","2","F.SC.JU.2.4","G. Egloff","Courroux","GE322","Courroux",NA,NA,"595385","246005",416,6,"03","05","v","2025","Lasioglossum","zonulum",1,NA,NA,"G. Egloff","C. Praz",NA,NA,NA,"Lasioglossum zonulum","LC",NA,NA,NA,NA,NA
323,"GE323",4,"focal","Scheulte",2595385,1246005,416,"JU","03.05.2025","2","F.SC.JU.2.4","G. Egloff","Courroux","GE323","Courroux",NA,NA,"595385","246005",416,6,"03","05","v","2025","Bombus","hortorum",NA,1,NA,"G. Egloff","C. Praz",NA,NA,NA,"Bombus hortorum","LC",NA,NA,NA,NA,NA
324,"GE324",4,"focal","Scheulte",2595385,1246005,416,"JU","03.05.2025","2","F.SC.JU.2.4","G. Egloff","Courroux","GE324","Courroux",NA,NA,"595385","246005",416,6,"03","05","v","2025","Eucera","nigrescens",NA,NA,1,"G. Egloff","C. Praz",NA,NA,NA,"Eucera nigrescens","LC",NA,NA,NA,NA,NA
325,"GE325",4,"focal","Scheulte",2595385,1246005,416,"JU","03.05.2025","2","F.SC.JU.2.4","G. Egloff","Courroux","GE325","Courroux",NA,NA,"595385","246005",416,6,"03","05","v","2025","Eucera","nigrescens",NA,NA,1,"G. Egloff","C. Praz",NA,NA,NA,"Eucera nigrescens","LC",NA,NA,NA,NA,NA
326,"GE326",4,"focal","Scheulte",2595385,1246005,416,"JU","03.05.2025","2","F.SC.JU.2.4","G. Egloff","Courroux","GE326","Courroux",NA,NA,"595385","246005",416,6,"03","05","v","2025","Lasioglossum","politum",1,NA,NA,"G. Egloff","C. Praz",NA,NA,NA,"Lasioglossum politum","LC",NA,NA,NA,NA,NA
327,"GE327",4,"focal","Scheulte",2595385,1246005,416,"JU","03.05.2025","2","F.SC.JU.2.4","G. Egloff","Courroux","GE327","Courroux",NA,NA,"595385","246005",416,6,"03","05","v","2025","Andrena","viridescens",1,NA,NA,"G. Egloff","C. Praz",NA,NA,NA,"Andrena viridescens","LC",NA,NA,NA,NA,NA
328,"GE328",4,"focal","Scheulte",2595385,1246005,416,"JU","03.05.2025","2","F.SC.JU.2.4","G. Egloff","Courroux","GE328","Courroux",NA,NA,"595385","246005",416,6,"03","05","v","2025","Halictus","tumulorum",1,NA,NA,"G. Egloff","C. Praz",NA,NA,NA,"Halictus tumulorum","LC",NA,NA,NA,NA,NA
329,"GE329",1,"focal","Scheulte",2595329,1245974,416,"JU","03.05.2025","2","F.SC.JU.2.1","G. Egloff","Courroux","GE329","Courroux",NA,NA,"595329","245974",416,6,"03","05","v","2025","Eucera","nigrescens",NA,NA,1,"G. Egloff","C. Praz",NA,NA,NA,"Eucera nigrescens","LC",NA,NA,NA,NA,NA
330,"GE330",1,"focal","Scheulte",2595329,1245974,416,"JU","03.05.2025","2","F.SC.JU.2.1","G. Egloff","Courroux","GE330","Courroux",NA,NA,"595329","245974",416,6,"03","05","v","2025","Eucera","nigrescens",NA,NA,1,"G. Egloff","C. Praz",NA,NA,NA,"Eucera nigrescens","LC",NA,NA,NA,NA,NA
331,"GE331",1,"focal","Scheulte",2595329,1245974,416,"JU","03.05.2025","2","F.SC.JU.2.1","G. Egloff","Courroux","GE331","Courroux",NA,NA,"595329","245974",416,6,"03","05","v","2025","Andrena","cineraria",NA,1,NA,"G. Egloff","C. Praz",NA,NA,NA,"Andrena cineraria","LC",NA,NA,NA,NA,NA
332,"GE332",1,"focal","Scheulte",2595329,1245974,416,"JU","03.05.2025","2","F.SC.JU.2.1","G. Egloff","Courroux","GE332","Courroux",NA,NA,"595329","245974",416,6,"03","05","v","2025","Andrena","humilis",1,NA,NA,"G. Egloff","C. Praz",NA,NA,NA,"Andrena humilis","LC",NA,NA,NA,NA,NA
333,"GE333",1,"focal","Scheulte",2595329,1245974,416,"JU","03.05.2025","2","F.SC.JU.2.1","G. Egloff","Courroux","GE333","Courroux",NA,NA,"595329","245974",416,6,"03","05","v","2025","Ceratina","cyanea",NA,NA,1,"G. Egloff","C. Praz",NA,NA,NA,"Ceratina cyanea","LC",NA,NA,NA,NA,NA
334,"GE334",2,"focal","Scheulte",2595336,1245989,416,"JU","03.05.2025","2","F.SC.JU.2.2","G. Egloff","Courroux","GE334","Courroux",NA,NA,"595336","245989",416,6,"03","05","v","2025","Halictus","tumulorum",1,NA,NA,"G. Egloff","C. Praz",NA,NA,NA,"Halictus tumulorum","LC",NA,NA,NA,NA,NA
335,"GE335",2,"focal","Scheulte",2595336,1245989,416,"JU","03.05.2025","2","F.SC.JU.2.2","G. Egloff","Courroux","GE335","Courroux",NA,NA,"595336","245989",416,6,"03","05","v","2025","Ceratina","cyanea",NA,NA,1,"G. Egloff","C. Praz",NA,NA,NA,"Ceratina cyanea","LC",NA,NA,NA,NA,NA
336,"GE336",2,"focal","Scheulte",2595336,1245989,416,"JU","03.05.2025","2","F.SC.JU.2.2","G. Egloff","Courroux","GE336","Courroux",NA,NA,"595336","245989",416,6,"03","05","v","2025","Lasioglossum","glabriusculum",1,NA,NA,"G. Egloff","C. Praz",NA,NA,NA,"Lasioglossum glabriusculum","LC",NA,NA,NA,NA,NA
337,"GE337",7,"focal","Scheulte",2595436,1245984,416,"JU","03.05.2025","2","F.SC.JU.2.7","G. Egloff","Courroux","GE337","Courroux",NA,NA,"595436","245984",416,6,"03","05","v","2025","Lasioglossum","morio",1,NA,NA,"G. Egloff","C. Praz",NA,NA,NA,"Lasioglossum morio","LC",NA,NA,NA,NA,NA
338,"GE338",7,"focal","Scheulte",2595436,1245984,416,"JU","03.05.2025","2","F.SC.JU.2.7","G. Egloff","Courroux","GE338","Courroux",NA,NA,"595436","245984",416,6,"03","05","v","2025","Lasioglossum","morio",1,NA,NA,"G. Egloff","C. Praz",NA,NA,NA,"Lasioglossum morio","LC",NA,NA,NA,NA,NA
339,"GE339",6,"focal","Scheulte",2595423,1245999,417,"JU","03.05.2025","2","F.SC.JU.2.6","G. Egloff","Courroux","GE339","Courroux",NA,NA,"595423","245999",417,6,"03","05","v","2025","Osmia","aurulenta",1,NA,NA,"G. Egloff","C. Praz","Used for teaching",NA,NA,"Osmia aurulenta","LC",NA,NA,NA,NA,NA
340,"GE340",6,"focal","Scheulte",2595423,1245999,417,"JU","03.05.2025","2","F.SC.JU.2.6","G. Egloff","Courroux","GE340","Courroux",NA,NA,"595423","245999",417,6,"03","05","v","2025","Osmia","aurulenta",1,NA,NA,"G. Egloff","C. Praz","Used for teaching",NA,NA,"Osmia aurulenta","LC",NA,NA,NA,NA,NA
341,"GE341",6,"focal","Scheulte",2595423,1245999,417,"JU","03.05.2025","2","F.SC.JU.2.6","G. Egloff","Courroux","GE341","Courroux",NA,NA,"595423","245999",417,6,"03","05","v","2025","Eucera","nigrescens",NA,NA,1,"G. Egloff","C. Praz",NA,NA,NA,"Eucera nigrescens","LC",NA,NA,NA,NA,NA
342,"GE342",6,"focal","Scheulte",2595423,1245999,417,"JU","03.05.2025","2","F.SC.JU.2.6","G. Egloff","Courroux","GE342","Courroux",NA,NA,"595423","245999",417,6,"03","05","v","2025","Eucera","nigrescens",NA,NA,1,"G. Egloff","C. Praz",NA,NA,NA,"Eucera nigrescens","LC",NA,NA,NA,NA,NA
343,"GE343",6,"focal","Scheulte",2595423,1245999,417,"JU","03.05.2025","2","F.SC.JU.2.6","G. Egloff","Courroux","GE343","Courroux",NA,NA,"595423","245999",417,6,"03","05","v","2025","Andrena","afzeliella",1,NA,NA,"G. Egloff","C. Praz",NA,NA,NA,"Andrena afzeliella","LC",NA,NA,NA,NA,NA
344,"GE344",6,"focal","Scheulte",2595423,1245999,417,"JU","03.05.2025","2","F.SC.JU.2.6","G. Egloff","Courroux","GE344","Courroux",NA,NA,"595423","245999",417,6,"03","05","v","2025","Andrena","afzeliella",NA,NA,1,"G. Egloff","C. Praz",NA,NA,NA,"Andrena afzeliella","LC",NA,NA,NA,NA,NA
345,"GE345",6,"focal","Scheulte",2595423,1245999,417,"JU","03.05.2025","2","F.SC.JU.2.6","G. Egloff","Courroux","GE345","Courroux",NA,NA,"595423","245999",417,6,"03","05","v","2025","Osmia","bicornis",1,NA,NA,"G. Egloff","C. Praz",NA,NA,NA,"Osmia bicornis","LC",NA,NA,NA,NA,NA
346,"GE346",6,"focal","Scheulte",2595423,1245999,417,"JU","03.05.2025","2","F.SC.JU.2.6","G. Egloff","Courroux","GE346","Courroux",NA,NA,"595423","245999",417,6,"03","05","v","2025","Lasioglossum","calceatum",1,NA,NA,"G. Egloff","C. Praz","Used for teaching",NA,NA,"Lasioglossum calceatum","LC",NA,NA,NA,NA,NA
347,"GE347",6,"focal","Scheulte",2595423,1245999,417,"JU","03.05.2025","2","F.SC.JU.2.6","G. Egloff","Courroux","GE347","Courroux",NA,NA,"595423","245999",417,6,"03","05","v","2025","Lasioglossum","morio",1,NA,NA,"G. Egloff","C. Praz",NA,NA,NA,"Lasioglossum morio","LC",NA,NA,NA,NA,NA
348,"GE348",6,"focal","Scheulte",2595423,1245999,417,"JU","03.05.2025","2","F.SC.JU.2.6","G. Egloff","Courroux","GE348","Courroux",NA,NA,"595423","245999",417,6,"03","05","v","2025","Lasioglossum","calceatum",1,NA,NA,"G. Egloff","C. Praz","Used for teaching",NA,NA,"Lasioglossum calceatum","LC",NA,NA,NA,NA,NA
349,"GE349",3,"focal","Scheulte",2595356,1245996,416,"JU","03.05.2025","2","F.SC.JU.2.3","G. Egloff","Courroux","GE349","Courroux",NA,NA,"595356","245996",416,6,"03","05","v","2025","Osmia","bicornis",1,NA,NA,"G. Egloff","C. Praz",NA,NA,NA,"Osmia bicornis","LC",NA,NA,NA,NA,NA
350,"GE350",3,"focal","Scheulte",2595356,1245996,416,"JU","03.05.2025","2","F.SC.JU.2.3","G. Egloff","Courroux","GE350","Courroux",NA,NA,"595356","245996",416,6,"03","05","v","2025","Wasp",NA,NA,1,NA,"G. Egloff","C. Praz",NA,NA,NA,"Wasp",NA,NA,NA,NA,NA,NA
351,"GE351",5,"focal","Scheulte",2595418,1245990,416,"JU","03.05.2025","2","F.SC.JU.2.5","G. Egloff","Courroux","GE351","Courroux",NA,NA,"595418","245990",416,6,"03","05","v","2025","Andrena","lathyri",NA,NA,1,"G. Egloff","C. Praz",NA,NA,NA,"Andrena lathyri","LC",NA,NA,NA,NA,NA
352,"GE352",5,"focal","Scheulte",2595418,1245990,416,"JU","03.05.2025","2","F.SC.JU.2.5","G. Egloff","Courroux","GE352","Courroux",NA,NA,"595418","245990",416,6,"03","05","v","2025","Lasioglossum","glabriusculum",1,NA,NA,"G. Egloff","C. Praz",NA,NA,NA,"Lasioglossum glabriusculum","LC",NA,NA,NA,NA,NA
353,"GE353",8,"focal","Scheulte",2595451,1245988,416,"JU","03.05.2025","2","F.SC.JU.2.8","G. Egloff","Courroux","GE353","Courroux",NA,NA,"595451","245988",416,6,"03","05","v","2025","Lasioglossum","glabriusculum",1,NA,NA,"G. Egloff","C. Praz",NA,NA,NA,"Lasioglossum glabriusculum","LC",NA,NA,NA,NA,NA
354,"GE354",4,"control","Thiele",2535326,1178144,433,"VD","11.05.2025","2","C.TH.VD.2.4","G. Egloff","Suscévaz","GE354","Suscévaz",NA,NA,"535326","178144",433,6,"11","05","v","2025","Andrena","niveata",NA,NA,1,"G. Egloff","C. Praz",NA,NA,NA,"Andrena niveata","EN",NA,NA,NA,NA,NA
355,"GE355",4,"control","Thiele",2535326,1178144,433,"VD","11.05.2025","2","C.TH.VD.2.4","G. Egloff","Suscévaz","GE355","Suscévaz",NA,NA,"535326","178144",433,6,"11","05","v","2025","Andrena","niveata",NA,NA,1,"G. Egloff","C. Praz",NA,NA,NA,"Andrena niveata","EN",NA,NA,NA,NA,NA
356,"GE356",4,"control","Thiele",2535326,1178144,433,"VD","11.05.2025","2","C.TH.VD.2.4","G. Egloff","Suscévaz","GE356","Suscévaz",NA,NA,"535326","178144",433,6,"11","05","v","2025","Andrena","niveata",NA,NA,1,"G. Egloff","C. Praz",NA,NA,NA,"Andrena niveata","EN",NA,NA,NA,NA,NA
357,"GE357",6,"control","Thiele",2535368,1178181,435,"VD","11.05.2025","2","C.TH.VD.2.6","G. Egloff","Suscévaz","GE357","Suscévaz",NA,NA,"535368","178181",435,6,"11","05","v","2025","Andrena","niveata",1,NA,NA,"G. Egloff","C. Praz",NA,NA,NA,"Andrena niveata","EN",NA,NA,NA,NA,NA
358,"GE358",6,"control","Thiele",2535368,1178181,435,"VD","11.05.2025","2","C.TH.VD.2.6","G. Egloff","Suscévaz","GE358","Suscévaz",NA,NA,"535368","178181",435,6,"11","05","v","2025","Andrena","niveata",1,NA,NA,"G. Egloff","C. Praz",NA,NA,NA,"Andrena niveata","EN",NA,NA,NA,NA,NA
359,"GE359",6,"control","Thiele",2535368,1178181,435,"VD","11.05.2025","2","C.TH.VD.2.6","G. Egloff","Suscévaz","GE359","Suscévaz",NA,NA,"535368","178181",435,6,"11","05","v","2025","Andrena","niveata",1,NA,NA,"G. Egloff","C. Praz",NA,NA,NA,"Andrena niveata","EN",NA,NA,NA,NA,NA
360,"GE360",6,"control","Thiele",2535368,1178181,435,"VD","11.05.2025","2","C.TH.VD.2.6","G. Egloff","Suscévaz","GE360","Suscévaz",NA,NA,"535368","178181",435,6,"11","05","v","2025","Andrena","niveata",1,NA,NA,"G. Egloff","C. Praz",NA,NA,NA,"Andrena niveata","EN",NA,NA,NA,NA,NA
361,"GE361",6,"control","Thiele",2535368,1178181,435,"VD","11.05.2025","2","C.TH.VD.2.6","G. Egloff","Suscévaz","GE361","Suscévaz",NA,NA,"535368","178181",435,6,"11","05","v","2025","Andrena","niveata",NA,NA,1,"G. Egloff","C. Praz",NA,NA,NA,"Andrena niveata","EN",NA,NA,NA,NA,NA
362,"GE362",6,"control","Thiele",2535368,1178181,435,"VD","11.05.2025","2","C.TH.VD.2.6","G. Egloff","Suscévaz","GE362","Suscévaz",NA,NA,"535368","178181",435,6,"11","05","v","2025","Andrena","niveata",NA,NA,1,"G. Egloff","C. Praz",NA,NA,NA,"Andrena niveata","EN",NA,NA,NA,NA,NA
363,"GE363",6,"control","Thiele",2535368,1178181,435,"VD","11.05.2025","2","C.TH.VD.2.6","G. Egloff","Suscévaz","GE363","Suscévaz",NA,NA,"535368","178181",435,6,"11","05","v","2025","Andrena","niveata",NA,NA,1,"G. Egloff","C. Praz",NA,NA,NA,"Andrena niveata","EN",NA,NA,NA,NA,NA
364,"GE364",6,"control","Thiele",2535368,1178181,435,"VD","11.05.2025","2","C.TH.VD.2.6","G. Egloff","Suscévaz","GE364","Suscévaz",NA,NA,"535368","178181",435,6,"11","05","v","2025","Andrena","niveata",NA,NA,1,"G. Egloff","C. Praz",NA,NA,NA,"Andrena niveata","EN",NA,NA,NA,NA,NA
365,"GE365",6,"control","Thiele",2535368,1178181,435,"VD","11.05.2025","2","C.TH.VD.2.6","G. Egloff","Suscévaz","GE365","Suscévaz",NA,NA,"535368","178181",435,6,"11","05","v","2025","Andrena","niveata",NA,NA,1,"G. Egloff","C. Praz",NA,NA,NA,"Andrena niveata","EN",NA,NA,NA,NA,NA
366,"GE366",3,"control","Thiele",2535298,1178124,434,"VD","11.05.2025","2","C.TH.VD.2.3","G. Egloff","Suscévaz","GE366","Suscévaz",NA,NA,"535298","178124",434,6,"11","05","v","2025","Andrena","niveata",NA,NA,1,"G. Egloff","C. Praz",NA,NA,NA,"Andrena niveata","EN",NA,NA,NA,NA,NA
367,"GE367",3,"control","Thiele",2535298,1178124,434,"VD","11.05.2025","2","C.TH.VD.2.3","G. Egloff","Suscévaz","GE367","Suscévaz",NA,NA,"535298","178124",434,6,"11","05","v","2025","Andrena","niveata",NA,NA,1,"G. Egloff","C. Praz",NA,NA,NA,"Andrena niveata","EN",NA,NA,NA,NA,NA
368,"GE368",3,"control","Thiele",2535298,1178124,434,"VD","11.05.2025","2","C.TH.VD.2.3","G. Egloff","Suscévaz","GE368","Suscévaz",NA,NA,"535298","178124",434,6,"11","05","v","2025","Andrena","niveata",NA,NA,1,"G. Egloff","C. Praz",NA,NA,NA,"Andrena niveata","EN",NA,NA,NA,NA,NA
369,"GE369",2,"control","Thiele",2535267,1178107,434,"VD","11.05.2025","2","C.TH.VD.2.2","G. Egloff","Suscévaz","GE369","Suscévaz",NA,NA,"535267","178107",434,6,"11","05","v","2025","Andrena","niveata",NA,NA,1,"G. Egloff","C. Praz",NA,NA,NA,"Andrena niveata","EN",NA,NA,NA,NA,NA
370,"GE370",2,"control","Thiele",2535267,1178107,434,"VD","11.05.2025","2","C.TH.VD.2.2","G. Egloff","Suscévaz","GE370","Suscévaz",NA,NA,"535267","178107",434,6,"11","05","v","2025","Andrena","niveata",NA,NA,1,"G. Egloff","C. Praz",NA,NA,NA,"Andrena niveata","EN",NA,NA,NA,NA,NA
371,"GE371",7,"control","Thiele",2535387,1178194,435,"VD","11.05.2025","2","C.TH.VD.2.7","G. Egloff","Suscévaz","GE371","Suscévaz",NA,NA,"535387","178194",435,6,"11","05","v","2025","Andrena","afzeliella",NA,NA,1,"G. Egloff","C. Praz",NA,NA,NA,"Andrena afzeliella","LC",NA,NA,NA,NA,NA
372,"GE372",7,"control","Thiele",2535387,1178194,435,"VD","11.05.2025","2","C.TH.VD.2.7","G. Egloff","Suscévaz","GE372","Suscévaz",NA,NA,"535387","178194",435,6,"11","05","v","2025","Andrena","afzeliella",NA,NA,1,"G. Egloff","C. Praz",NA,NA,NA,"Andrena afzeliella","LC",NA,NA,NA,NA,NA
373,"GE373",7,"control","Thiele",2535387,1178194,435,"VD","11.05.2025","2","C.TH.VD.2.7","G. Egloff","Suscévaz","GE373","Suscévaz",NA,NA,"535387","178194",435,6,"11","05","v","2025","Andrena","niveata",1,NA,NA,"G. Egloff","C. Praz",NA,NA,NA,"Andrena niveata","EN",NA,NA,NA,NA,NA
374,"GE374",7,"control","Thiele",2535387,1178194,435,"VD","11.05.2025","2","C.TH.VD.2.7","G. Egloff","Suscévaz","GE374","Suscévaz",NA,NA,"535387","178194",435,6,"11","05","v","2025","Andrena","niveata",NA,NA,1,"G. Egloff","C. Praz",NA,NA,NA,"Andrena niveata","EN",NA,NA,NA,NA,NA
375,"GE375",7,"control","Thiele",2535387,1178194,435,"VD","11.05.2025","2","C.TH.VD.2.7","G. Egloff","Suscévaz","GE375","Suscévaz",NA,NA,"535387","178194",435,6,"11","05","v","2025","Andrena","niveata",NA,NA,1,"G. Egloff","C. Praz",NA,NA,NA,"Andrena niveata","EN",NA,NA,NA,NA,NA
376,"GE376",1,"control","Thiele",2535249,1178101,435,"VD","11.05.2025","2","C.TH.VD.2.1","G. Egloff","Suscévaz","GE376","Suscévaz",NA,NA,"535249","178101",435,6,"11","05","v","2025","Halictus","simplex aggr.",1,NA,NA,"G. Egloff","C. Praz",NA,NA,NA,"Halictus simplex aggr.","LC",NA,NA,NA,NA,NA
377,"GE377",5,"control","Thiele",2535343,1178155,433,"VD","11.05.2025","2","C.TH.VD.2.5","G. Egloff","Suscévaz","GE377","Suscévaz",NA,NA,"535343","178155",433,6,"11","05","v","2025","Andrena","niveata",NA,NA,1,"G. Egloff","C. Praz",NA,NA,NA,"Andrena niveata","EN",NA,NA,NA,NA,NA
378,"GE378",5,"control","Thiele",2535343,1178155,433,"VD","11.05.2025","2","C.TH.VD.2.5","G. Egloff","Suscévaz","GE378","Suscévaz",NA,NA,"535343","178155",433,6,"11","05","v","2025","Andrena","niveata",NA,NA,1,"G. Egloff","C. Praz",NA,NA,NA,"Andrena niveata","EN",NA,NA,NA,NA,NA
379,"GE379",5,"control","Thiele",2535343,1178155,433,"VD","11.05.2025","2","C.TH.VD.2.5","G. Egloff","Suscévaz","GE379","Suscévaz",NA,NA,"535343","178155",433,6,"11","05","v","2025","Andrena","niveata",NA,NA,1,"G. Egloff","C. Praz",NA,NA,NA,"Andrena niveata","EN",NA,NA,NA,NA,NA
380,"GE380",5,"control","Thiele",2535343,1178155,433,"VD","11.05.2025","2","C.TH.VD.2.5","G. Egloff","Suscévaz","GE380","Suscévaz",NA,NA,"535343","178155",433,6,"11","05","v","2025","Andrena","niveata",NA,NA,1,"G. Egloff","C. Praz",NA,NA,NA,"Andrena niveata","EN",NA,NA,NA,NA,NA
381,"GE381",5,"control","Thiele",2535343,1178155,433,"VD","11.05.2025","2","C.TH.VD.2.5","G. Egloff","Suscévaz","GE381","Suscévaz",NA,NA,"535343","178155",433,6,"11","05","v","2025","Andrena","niveata",NA,NA,1,"G. Egloff","C. Praz",NA,NA,NA,"Andrena niveata","EN",NA,NA,NA,NA,NA
382,"GE382",13,"focal","Thiele",2537540,1180103,433,"VD","11.05.2025","2","F.TH.VD.2.13","G. Egloff","Yverdon-les-Bains","GE382","Yverdon-les-Bains",NA,NA,"537540","180103",433,6,"11","05","v","2025","Lasioglossum","limbellum",1,NA,NA,"G. Egloff","C. Praz",NA,NA,NA,"Lasioglossum limbellum","VU",NA,NA,NA,NA,NA
383,"GE383",13,"focal","Thiele",2537540,1180103,433,"VD","11.05.2025","2","F.TH.VD.2.13","G. Egloff","Yverdon-les-Bains","GE383","Yverdon-les-Bains",NA,NA,"537540","180103",433,6,"11","05","v","2025","Lasioglossum","limbellum",1,NA,NA,"G. Egloff","C. Praz",NA,NA,NA,"Lasioglossum limbellum","VU",NA,NA,NA,NA,NA
384,"GE384",5,"focal","Thiele",2537610,1180170,433,"VD","14.05.2025","2","F.TH.VD.2.5","G. Egloff","Yverdon-les-Bains","GE384","Yverdon-les-Bains",NA,NA,"537610","180170",433,6,"14","05","v","2025","Lasioglossum","pauxillum",1,NA,NA,"G. Egloff","C. Praz",NA,NA,NA,"Lasioglossum pauxillum","LC",NA,NA,NA,NA,NA
385,"GE385",5,"focal","Thiele",2537610,1180170,433,"VD","14.05.2025","2","F.TH.VD.2.5","G. Egloff","Yverdon-les-Bains","GE385","Yverdon-les-Bains",NA,NA,"537610","180170",433,6,"14","05","v","2025","Andrena","niveata",1,NA,NA,"G. Egloff","C. Praz",NA,NA,NA,"Andrena niveata","EN",NA,NA,NA,NA,NA
386,"GE386",5,"focal","Thiele",2537610,1180170,433,"VD","14.05.2025","2","F.TH.VD.2.5","G. Egloff","Yverdon-les-Bains","GE386","Yverdon-les-Bains",NA,NA,"537610","180170",433,6,"14","05","v","2025","Lasioglossum","pauxillum",1,NA,NA,"G. Egloff","C. Praz",NA,NA,NA,"Lasioglossum pauxillum","LC",NA,NA,NA,NA,NA
387,"GE387",5,"focal","Thiele",2537610,1180170,433,"VD","14.05.2025","2","F.TH.VD.2.5","G. Egloff","Yverdon-les-Bains","GE387","Yverdon-les-Bains",NA,NA,"537610","180170",433,6,"14","05","v","2025","Lasioglossum","pauxillum",1,NA,NA,"G. Egloff","C. Praz",NA,NA,NA,"Lasioglossum pauxillum","LC",NA,NA,NA,NA,NA
388,"GE388",5,"focal","Thiele",2537610,1180170,433,"VD","14.05.2025","2","F.TH.VD.2.5","G. Egloff","Yverdon-les-Bains","GE388","Yverdon-les-Bains",NA,NA,"537610","180170",433,6,"14","05","v","2025","Bombus","terrestris aggr.",NA,1,NA,"G. Egloff","C. Praz",NA,NA,NA,"Bombus terrestris aggr.","LC",NA,NA,NA,NA,NA
389,"GE389",5,"focal","Thiele",2537610,1180170,433,"VD","14.05.2025","2","F.TH.VD.2.5","G. Egloff","Yverdon-les-Bains","GE389","Yverdon-les-Bains",NA,NA,"537610","180170",433,6,"14","05","v","2025","Andrena","flavipes",NA,NA,1,"G. Egloff","C. Praz",NA,NA,NA,"Andrena flavipes","LC",NA,NA,NA,NA,NA
390,"GE390",5,"focal","Thiele",2537610,1180170,433,"VD","14.05.2025","2","F.TH.VD.2.5","G. Egloff","Yverdon-les-Bains","GE390","Yverdon-les-Bains",NA,NA,"537610","180170",433,6,"14","05","v","2025","Halictus","simplex aggr.",1,NA,NA,"G. Egloff","C. Praz",NA,NA,NA,"Halictus simplex aggr.","LC",NA,NA,NA,NA,NA
391,"GE391",5,"focal","Thiele",2537610,1180170,433,"VD","14.05.2025","2","F.TH.VD.2.5","G. Egloff","Yverdon-les-Bains","GE391","Yverdon-les-Bains",NA,NA,"537610","180170",433,6,"14","05","v","2025","Lasioglossum","leucozonium",1,NA,NA,"G. Egloff","C. Praz",NA,NA,NA,"Lasioglossum leucozonium","LC",NA,NA,NA,NA,NA
392,"GE392",5,"focal","Thiele",2537610,1180170,433,"VD","14.05.2025","2","F.TH.VD.2.5","G. Egloff","Yverdon-les-Bains","GE392","Yverdon-les-Bains",NA,NA,"537610","180170",433,6,"14","05","v","2025","Andrena","niveata",1,NA,NA,"G. Egloff","C. Praz",NA,NA,NA,"Andrena niveata","EN",NA,NA,NA,NA,NA
393,"GE393",5,"focal","Thiele",2537610,1180170,433,"VD","14.05.2025","2","F.TH.VD.2.5","G. Egloff","Yverdon-les-Bains","GE393","Yverdon-les-Bains",NA,NA,"537610","180170",433,6,"14","05","v","2025","Andrena","niveata",1,NA,NA,"G. Egloff","C. Praz",NA,NA,NA,"Andrena niveata","EN",NA,NA,NA,NA,NA
394,"GE394",5,"focal","Thiele",2537610,1180170,433,"VD","14.05.2025","2","F.TH.VD.2.5","G. Egloff","Yverdon-les-Bains","GE394","Yverdon-les-Bains",NA,NA,"537610","180170",433,6,"14","05","v","2025","Lasioglossum","politum",1,NA,NA,"G. Egloff","C. Praz",NA,NA,NA,"Lasioglossum politum","LC",NA,NA,NA,NA,NA
395,"GE395",5,"focal","Thiele",2537610,1180170,433,"VD","14.05.2025","2","F.TH.VD.2.5","G. Egloff","Yverdon-les-Bains","GE395","Yverdon-les-Bains",NA,NA,"537610","180170",433,6,"14","05","v","2025","Lasioglossum","politum",1,NA,NA,"G. Egloff","C. Praz",NA,NA,NA,"Lasioglossum politum","LC",NA,NA,NA,NA,NA
396,"GE396",5,"focal","Thiele",2537610,1180170,433,"VD","14.05.2025","2","F.TH.VD.2.5","G. Egloff","Yverdon-les-Bains","GE396","Yverdon-les-Bains",NA,NA,"537610","180170",433,6,"14","05","v","2025","Lasioglossum","politum",1,NA,NA,"G. Egloff","C. Praz",NA,NA,NA,"Lasioglossum politum","LC",NA,NA,NA,NA,NA
397,"GE397",5,"focal","Thiele",2537610,1180170,433,"VD","14.05.2025","2","F.TH.VD.2.5","G. Egloff","Yverdon-les-Bains","GE397","Yverdon-les-Bains",NA,NA,"537610","180170",433,6,"14","05","v","2025","Lasioglossum","politum",1,NA,NA,"G. Egloff","C. Praz",NA,NA,NA,"Lasioglossum politum","LC",NA,NA,NA,NA,NA
398,"GE398",5,"focal","Thiele",2537610,1180170,433,"VD","14.05.2025","2","F.TH.VD.2.5","G. Egloff","Yverdon-les-Bains","GE398","Yverdon-les-Bains",NA,NA,"537610","180170",433,6,"14","05","v","2025","Lasioglossum","politum",1,NA,NA,"G. Egloff","C. Praz",NA,NA,NA,"Lasioglossum politum","LC",NA,NA,NA,NA,NA
399,"GE399",5,"focal","Thiele",2537610,1180170,433,"VD","14.05.2025","2","F.TH.VD.2.5","G. Egloff","Yverdon-les-Bains","GE399","Yverdon-les-Bains",NA,NA,"537610","180170",433,6,"14","05","v","2025","Lasioglossum","politum",1,NA,NA,"G. Egloff","C. Praz",NA,NA,NA,"Lasioglossum politum","LC",NA,NA,NA,NA,NA
400,"GE400",5,"focal","Thiele",2537610,1180170,433,"VD","14.05.2025","2","F.TH.VD.2.5","G. Egloff","Yverdon-les-Bains","GE400","Yverdon-les-Bains",NA,NA,"537610","180170",433,6,"14","05","v","2025","Lasioglossum","politum",1,NA,NA,"G. Egloff","C. Praz",NA,NA,NA,"Lasioglossum politum","LC",NA,NA,NA,NA,NA
401,"GE401",5,"focal","Thiele",2537610,1180170,433,"VD","14.05.2025","2","F.TH.VD.2.5","G. Egloff","Yverdon-les-Bains","GE401","Yverdon-les-Bains",NA,NA,"537610","180170",433,6,"14","05","v","2025","Lasioglossum","politum",1,NA,NA,"G. Egloff","C. Praz",NA,NA,NA,"Lasioglossum politum","LC",NA,NA,NA,NA,NA
402,"GE402",5,"focal","Thiele",2537610,1180170,433,"VD","14.05.2025","2","F.TH.VD.2.5","G. Egloff","Yverdon-les-Bains","GE402","Yverdon-les-Bains",NA,NA,"537610","180170",433,6,"14","05","v","2025","Lasioglossum","politum",1,NA,NA,"G. Egloff","C. Praz",NA,NA,NA,"Lasioglossum politum","LC",NA,NA,NA,NA,NA
403,"GE403",5,"focal","Thiele",2537610,1180170,433,"VD","14.05.2025","2","F.TH.VD.2.5","G. Egloff","Yverdon-les-Bains","GE403","Yverdon-les-Bains",NA,NA,"537610","180170",433,6,"14","05","v","2025","Lasioglossum","politum",1,NA,NA,"G. Egloff","C. Praz",NA,NA,NA,"Lasioglossum politum","LC",NA,NA,NA,NA,NA
404,"GE404",5,"focal","Thiele",2537610,1180170,433,"VD","14.05.2025","2","F.TH.VD.2.5","G. Egloff","Yverdon-les-Bains","GE404","Yverdon-les-Bains",NA,NA,"537610","180170",433,6,"14","05","v","2025","Lasioglossum","politum",1,NA,NA,"G. Egloff","C. Praz",NA,NA,NA,"Lasioglossum politum","LC",NA,NA,NA,NA,NA
405,"GE405",5,"focal","Thiele",2537610,1180170,433,"VD","14.05.2025","2","F.TH.VD.2.5","G. Egloff","Yverdon-les-Bains","GE405","Yverdon-les-Bains",NA,NA,"537610","180170",433,6,"14","05","v","2025","Lasioglossum","politum",1,NA,NA,"G. Egloff","C. Praz",NA,NA,NA,"Lasioglossum politum","LC",NA,NA,NA,NA,NA
406,"GE406",5,"focal","Thiele",2537610,1180170,433,"VD","14.05.2025","2","F.TH.VD.2.5","G. Egloff","Yverdon-les-Bains","GE406","Yverdon-les-Bains",NA,NA,"537610","180170",433,6,"14","05","v","2025","Lasioglossum","politum",1,NA,NA,"G. Egloff","C. Praz",NA,NA,NA,"Lasioglossum politum","LC",NA,NA,NA,NA,NA
407,"GE407",5,"focal","Thiele",2537610,1180170,433,"VD","14.05.2025","2","F.TH.VD.2.5","G. Egloff","Yverdon-les-Bains","GE407","Yverdon-les-Bains",NA,NA,"537610","180170",433,6,"14","05","v","2025","Lasioglossum","politum",1,NA,NA,"G. Egloff","C. Praz",NA,NA,NA,"Lasioglossum politum","LC",NA,NA,NA,NA,NA
408,"GE408",5,"focal","Thiele",2537610,1180170,433,"VD","14.05.2025","2","F.TH.VD.2.5","G. Egloff","Yverdon-les-Bains","GE408","Yverdon-les-Bains",NA,NA,"537610","180170",433,6,"14","05","v","2025","Lasioglossum","glabriusculum",1,NA,NA,"G. Egloff","C. Praz",NA,NA,NA,"Lasioglossum glabriusculum","LC",NA,NA,NA,NA,NA
409,"GE409",8,"focal","Thiele",2537676,1180224,433,"VD","14.05.2025","2","F.TH.VD.2.8","G. Egloff","Yverdon-les-Bains","GE409","Yverdon-les-Bains",NA,NA,"537676","180224",433,6,"14","05","v","2025","Lasioglossum","zonulum",1,NA,NA,"G. Egloff","C. Praz",NA,NA,NA,"Lasioglossum zonulum","LC",NA,NA,NA,NA,NA
410,"GE410",8,"focal","Thiele",2537676,1180224,433,"VD","14.05.2025","2","F.TH.VD.2.8","G. Egloff","Yverdon-les-Bains","GE410","Yverdon-les-Bains",NA,NA,"537676","180224",433,6,"14","05","v","2025","Lasioglossum","glabriusculum",1,NA,NA,"G. Egloff","C. Praz",NA,NA,NA,"Lasioglossum glabriusculum","LC",NA,NA,NA,NA,NA
411,"GE411",8,"focal","Thiele",2537676,1180224,433,"VD","14.05.2025","2","F.TH.VD.2.8","G. Egloff","Yverdon-les-Bains","GE411","Yverdon-les-Bains",NA,NA,"537676","180224",433,6,"14","05","v","2025","Lasioglossum","morio",1,NA,NA,"G. Egloff","C. Praz",NA,NA,NA,"Lasioglossum morio","LC",NA,NA,NA,NA,NA
412,"GE412",8,"focal","Thiele",2537676,1180224,433,"VD","14.05.2025","2","F.TH.VD.2.8","G. Egloff","Yverdon-les-Bains","GE412","Yverdon-les-Bains",NA,NA,"537676","180224",433,6,"14","05","v","2025","Andrena","niveata",1,NA,NA,"G. Egloff","C. Praz",NA,NA,NA,"Andrena niveata","EN",NA,NA,NA,NA,NA
413,"GE413",8,"focal","Thiele",2537676,1180224,433,"VD","14.05.2025","2","F.TH.VD.2.8","G. Egloff","Yverdon-les-Bains","GE413","Yverdon-les-Bains",NA,NA,"537676","180224",433,6,"14","05","v","2025","Lasioglossum","glabriusculum",1,NA,NA,"G. Egloff","C. Praz",NA,NA,NA,"Lasioglossum glabriusculum","LC",NA,NA,NA,NA,NA
414,"GE414",8,"focal","Thiele",2537676,1180224,433,"VD","14.05.2025","2","F.TH.VD.2.8","G. Egloff","Yverdon-les-Bains","GE414","Yverdon-les-Bains",NA,NA,"537676","180224",433,6,"14","05","v","2025","Lasioglossum","glabriusculum",1,NA,NA,"G. Egloff","C. Praz",NA,NA,NA,"Lasioglossum glabriusculum","LC",NA,NA,NA,NA,NA
415,"GE415",6,"focal","Thiele",2537647,1180202,433,"VD","14.05.2025","2","F.TH.VD.2.6","G. Egloff","Yverdon-les-Bains","GE415","Yverdon-les-Bains",NA,NA,"537647","180202",433,6,"14","05","v","2025","Lasioglossum","interruptum",1,NA,NA,"G. Egloff","C. Praz",NA,NA,NA,"Lasioglossum interruptum","LC",NA,NA,NA,NA,NA
416,"GE416",6,"focal","Thiele",2537647,1180202,433,"VD","14.05.2025","2","F.TH.VD.2.6","G. Egloff","Yverdon-les-Bains","GE416","Yverdon-les-Bains",NA,NA,"537647","180202",433,6,"14","05","v","2025","Lasioglossum","pauxillum",1,NA,NA,"G. Egloff","C. Praz",NA,NA,NA,"Lasioglossum pauxillum","LC",NA,NA,NA,NA,NA
417,"GE417",6,"focal","Thiele",2537647,1180202,433,"VD","14.05.2025","2","F.TH.VD.2.6","G. Egloff","Yverdon-les-Bains","GE417","Yverdon-les-Bains",NA,NA,"537647","180202",433,6,"14","05","v","2025","Andrena","minutuloides",1,NA,NA,"G. Egloff","C. Praz",NA,NA,NA,"Andrena minutuloides","LC",NA,NA,NA,NA,NA
418,"GE418",6,"focal","Thiele",2537647,1180202,433,"VD","14.05.2025","2","F.TH.VD.2.6","G. Egloff","Yverdon-les-Bains","GE418","Yverdon-les-Bains",NA,NA,"537647","180202",433,6,"14","05","v","2025","Lasioglossum","glabriusculum",1,NA,NA,"G. Egloff","C. Praz",NA,NA,NA,"Lasioglossum glabriusculum","LC",NA,NA,NA,NA,NA
419,"GE419",6,"focal","Thiele",2537647,1180202,433,"VD","14.05.2025","2","F.TH.VD.2.6","G. Egloff","Yverdon-les-Bains","GE419","Yverdon-les-Bains",NA,NA,"537647","180202",433,6,"14","05","v","2025","Lasioglossum","glabriusculum",1,NA,NA,"G. Egloff","C. Praz",NA,NA,NA,"Lasioglossum glabriusculum","LC",NA,NA,NA,NA,NA
420,"GE420",6,"focal","Thiele",2537647,1180202,433,"VD","14.05.2025","2","F.TH.VD.2.6","G. Egloff","Yverdon-les-Bains","GE420","Yverdon-les-Bains",NA,NA,"537647","180202",433,6,"14","05","v","2025","Lasioglossum","glabriusculum",1,NA,NA,"G. Egloff","C. Praz",NA,NA,NA,"Lasioglossum glabriusculum","LC",NA,NA,NA,NA,NA
421,"GE421",4,"focal","Thiele",2537576,1180143,431,"VD","14.05.2025","2","F.TH.VD.2.4","G. Egloff","Yverdon-les-Bains","GE421","Yverdon-les-Bains",NA,NA,"537576","180143",431,6,"14","05","v","2025","Lasioglossum","interruptum",1,NA,NA,"G. Egloff","C. Praz",NA,NA,NA,"Lasioglossum interruptum","LC",NA,NA,NA,NA,NA
422,"GE422",4,"focal","Thiele",2537576,1180143,431,"VD","14.05.2025","2","F.TH.VD.2.4","G. Egloff","Yverdon-les-Bains","GE422","Yverdon-les-Bains",NA,NA,"537576","180143",431,6,"14","05","v","2025","Lasioglossum","interruptum",1,NA,NA,"G. Egloff","C. Praz",NA,NA,NA,"Lasioglossum interruptum","LC",NA,NA,NA,NA,NA
423,"GE423",2,"focal","Thiele",2537559,1180126,433,"VD","14.05.2025","2","F.TH.VD.2.2","G. Egloff","Yverdon-les-Bains","GE423","Yverdon-les-Bains",NA,NA,"537559","180126",433,6,"14","05","v","2025","Halictus","simplex aggr.",1,NA,NA,"G. Egloff","C. Praz",NA,NA,NA,"Halictus simplex aggr.","LC",NA,NA,NA,NA,NA
424,"GE424",2,"focal","Thiele",2537559,1180126,433,"VD","14.05.2025","2","F.TH.VD.2.2","G. Egloff","Yverdon-les-Bains","GE424","Yverdon-les-Bains",NA,NA,"537559","180126",433,6,"14","05","v","2025","Halictus","maculatus",1,NA,NA,"G. Egloff","C. Praz",NA,NA,NA,"Halictus maculatus","LC",NA,NA,NA,NA,NA
425,"GE425",2,"focal","Thiele",2537559,1180126,433,"VD","14.05.2025","2","F.TH.VD.2.2","G. Egloff","Yverdon-les-Bains","GE425","Yverdon-les-Bains",NA,NA,"537559","180126",433,6,"14","05","v","2025","Ceratina","cyanea",1,NA,NA,"G. Egloff","C. Praz",NA,NA,NA,"Ceratina cyanea","LC",NA,NA,NA,NA,NA
426,"GE426",2,"focal","Thiele",2537559,1180126,433,"VD","14.05.2025","2","F.TH.VD.2.2","G. Egloff","Yverdon-les-Bains","GE426","Yverdon-les-Bains",NA,NA,"537559","180126",433,6,"14","05","v","2025","Lasioglossum","glabriusculum",1,NA,NA,"G. Egloff","C. Praz",NA,NA,NA,"Lasioglossum glabriusculum","LC",NA,NA,NA,NA,NA
427,"GE427",2,"focal","Thiele",2537559,1180126,433,"VD","14.05.2025","2","F.TH.VD.2.2","G. Egloff","Yverdon-les-Bains","GE427","Yverdon-les-Bains",NA,NA,"537559","180126",433,6,"14","05","v","2025","Lasioglossum","politum",1,NA,NA,"G. Egloff","C. Praz",NA,NA,NA,"Lasioglossum politum","LC",NA,NA,NA,NA,NA
428,"GE428",2,"focal","Thiele",2537559,1180126,433,"VD","14.05.2025","2","F.TH.VD.2.2","G. Egloff","Yverdon-les-Bains","GE428","Yverdon-les-Bains",NA,NA,"537559","180126",433,6,"14","05","v","2025","Lasioglossum","politum",1,NA,NA,"G. Egloff","C. Praz",NA,NA,NA,"Lasioglossum politum","LC",NA,NA,NA,NA,NA
429,"GE429",2,"focal","Thiele",2537559,1180126,433,"VD","14.05.2025","2","F.TH.VD.2.2","G. Egloff","Yverdon-les-Bains","GE429","Yverdon-les-Bains",NA,NA,"537559","180126",433,6,"14","05","v","2025","Lasioglossum","politum",1,NA,NA,"G. Egloff","C. Praz",NA,NA,NA,"Lasioglossum politum","LC",NA,NA,NA,NA,NA
430,"GE430",2,"focal","Thiele",2537559,1180126,433,"VD","14.05.2025","2","F.TH.VD.2.2","G. Egloff","Yverdon-les-Bains","GE430","Yverdon-les-Bains",NA,NA,"537559","180126",433,6,"14","05","v","2025","Lasioglossum","politum",1,NA,NA,"G. Egloff","C. Praz",NA,NA,NA,"Lasioglossum politum","LC",NA,NA,NA,NA,NA
431,"GE431",2,"focal","Thiele",2537559,1180126,433,"VD","14.05.2025","2","F.TH.VD.2.2","G. Egloff","Yverdon-les-Bains","GE431","Yverdon-les-Bains",NA,NA,"537559","180126",433,6,"14","05","v","2025","Lasioglossum","politum",1,NA,NA,"G. Egloff","C. Praz",NA,NA,NA,"Lasioglossum politum","LC",NA,NA,NA,NA,NA
432,"GE432",2,"focal","Thiele",2537559,1180126,433,"VD","14.05.2025","2","F.TH.VD.2.2","G. Egloff","Yverdon-les-Bains","GE432","Yverdon-les-Bains",NA,NA,"537559","180126",433,6,"14","05","v","2025","Lasioglossum","glabriusculum",1,NA,NA,"G. Egloff","C. Praz",NA,NA,NA,"Lasioglossum glabriusculum","LC",NA,NA,NA,NA,NA
433,"GE433",1,"focal","Thiele",2537558,1180097,433,"VD","14.05.2025","2","F.TH.VD.2.1","G. Egloff","Yverdon-les-Bains","GE433","Yverdon-les-Bains",NA,NA,"537558","180097",433,6,"14","05","v","2025","Lasioglossum","morio",1,NA,NA,"G. Egloff","C. Praz",NA,NA,NA,"Lasioglossum morio","LC",NA,NA,NA,NA,NA
434,"GE434",7,"focal","Thiele",2537657,1180201,431,"VD","14.05.2025","2","F.TH.VD.2.7","G. Egloff","Yverdon-les-Bains","GE434","Yverdon-les-Bains",NA,NA,"537657","180201",431,6,"14","05","v","2025","Halictus","maculatus",1,NA,NA,"G. Egloff","C. Praz",NA,NA,NA,"Halictus maculatus","LC",NA,NA,NA,NA,NA
435,"GE435",7,"focal","Thiele",2537657,1180201,431,"VD","14.05.2025","2","F.TH.VD.2.7","G. Egloff","Yverdon-les-Bains","GE435","Yverdon-les-Bains",NA,NA,"537657","180201",431,6,"14","05","v","2025","Lasioglossum","zonulum",1,NA,NA,"G. Egloff","C. Praz",NA,NA,NA,"Lasioglossum zonulum","LC",NA,NA,NA,NA,NA
436,"GE436",7,"focal","Thiele",2537657,1180201,431,"VD","14.05.2025","2","F.TH.VD.2.7","G. Egloff","Yverdon-les-Bains","GE436","Yverdon-les-Bains",NA,NA,"537657","180201",431,6,"14","05","v","2025","Andrena","niveata",NA,NA,1,"G. Egloff","C. Praz",NA,NA,NA,"Andrena niveata","EN",NA,NA,NA,NA,NA
437,"GE437",7,"focal","Thiele",2537657,1180201,431,"VD","14.05.2025","2","F.TH.VD.2.7","G. Egloff","Yverdon-les-Bains","GE437","Yverdon-les-Bains",NA,NA,"537657","180201",431,6,"14","05","v","2025","Lasioglossum","pauxillum",1,NA,NA,"G. Egloff","C. Praz",NA,NA,NA,"Lasioglossum pauxillum","LC",NA,NA,NA,NA,NA
438,"GE438",7,"focal","Thiele",2537657,1180201,431,"VD","14.05.2025","2","F.TH.VD.2.7","G. Egloff","Yverdon-les-Bains","GE438","Yverdon-les-Bains",NA,NA,"537657","180201",431,6,"14","05","v","2025","Lasioglossum","pauxillum",1,NA,NA,"G. Egloff","C. Praz",NA,NA,NA,"Lasioglossum pauxillum","LC",NA,NA,NA,NA,NA
439,"GE439",7,"focal","Thiele",2537657,1180201,431,"VD","14.05.2025","2","F.TH.VD.2.7","G. Egloff","Yverdon-les-Bains","GE439","Yverdon-les-Bains",NA,NA,"537657","180201",431,6,"14","05","v","2025","Lasioglossum","morio",1,NA,NA,"G. Egloff","C. Praz",NA,NA,NA,"Lasioglossum morio","LC",NA,NA,NA,NA,NA
440,"GE440",7,"focal","Thiele",2537657,1180201,431,"VD","14.05.2025","2","F.TH.VD.2.7","G. Egloff","Yverdon-les-Bains","GE440","Yverdon-les-Bains",NA,NA,"537657","180201",431,6,"14","05","v","2025","Lasioglossum","pauxillum",1,NA,NA,"G. Egloff","C. Praz",NA,NA,NA,"Lasioglossum pauxillum","LC",NA,NA,NA,NA,NA
441,"GE441",7,"focal","Thiele",2537657,1180201,431,"VD","14.05.2025","2","F.TH.VD.2.7","G. Egloff","Yverdon-les-Bains","GE441","Yverdon-les-Bains",NA,NA,"537657","180201",431,6,"14","05","v","2025","Lasioglossum","lucidulum",1,NA,NA,"G. Egloff","C. Praz",NA,NA,NA,"Lasioglossum lucidulum","LC",NA,NA,NA,NA,NA
442,"GE442",2,"focal","Schwarzbach",2608093,1193301,525,"BE","15.06.2025","2","F.SC.BE.2.2","G. Egloff","Rubigen","GE442","Rubigen",NA,NA,"608093","193301",525,6,"15","06","vi","2025","Andrena","cf. minutula",1,NA,NA,"G. Egloff","C. Praz",NA,NA,NA,"Andrena minutula","LC",NA,NA,NA,NA,NA
443,"GE443",2,"focal","Schwarzbach",2608093,1193301,525,"BE","15.06.2025","2","F.SC.BE.2.2","G. Egloff","Rubigen","GE443","Rubigen",NA,NA,"608093","193301",525,6,"15","06","vi","2025","Lasioglossum","politum",1,NA,NA,"G. Egloff","C. Praz",NA,NA,NA,"Lasioglossum politum","LC",NA,NA,NA,NA,NA
444,"GE444",4,"focal","Schwarzbach",2608165,1193225,525,"BE","15.06.2025","2","F.SC.BE.2.4","G. Egloff","Rubigen","GE444","Rubigen",NA,NA,"608165","193225",525,6,"15","06","vi","2025","Megachile","circumcincta",NA,NA,1,"G. Egloff","C. Praz",NA,NA,NA,"Megachile circumcincta","LC",NA,NA,NA,NA,NA
445,"GE445",4,"focal","Schwarzbach",2608165,1193225,525,"BE","15.06.2025","2","F.SC.BE.2.4","G. Egloff","Rubigen","GE445","Rubigen",NA,NA,"608165","193225",525,6,"15","06","vi","2025","Osmia","aurulenta",1,NA,NA,"G. Egloff","C. Praz","Used for teaching",NA,NA,"Osmia aurulenta","LC",NA,NA,NA,NA,NA
446,"GE446",4,"focal","Schwarzbach",2608165,1193225,525,"BE","15.06.2025","2","F.SC.BE.2.4","G. Egloff","Rubigen","GE446","Rubigen",NA,NA,"608165","193225",525,6,"15","06","vi","2025","Halictus","simplex aggr.",1,NA,NA,"G. Egloff","C. Praz",NA,NA,NA,"Halictus simplex aggr.","LC",NA,NA,NA,NA,NA
447,"GE447",4,"focal","Schwarzbach",2608165,1193225,525,"BE","15.06.2025","2","F.SC.BE.2.4","G. Egloff","Rubigen","GE447","Rubigen",NA,NA,"608165","193225",525,6,"15","06","vi","2025","Halictus","tumulorum",1,NA,NA,"G. Egloff","C. Praz",NA,NA,NA,"Halictus tumulorum","LC",NA,NA,NA,NA,NA
448,"GE448",5,"focal","Schwarzbach",2608169,1193214,525,"BE","15.06.2025","2","F.SC.BE.2.5","G. Egloff","Rubigen","GE448","Rubigen",NA,NA,"608169","193214",525,6,"15","06","vi","2025","Lasioglossum","leucozonium",1,NA,NA,"G. Egloff","C. Praz",NA,NA,NA,"Lasioglossum leucozonium","LC",NA,NA,NA,NA,NA
449,"GE449",5,"focal","Schwarzbach",2608169,1193214,525,"BE","15.06.2025","2","F.SC.BE.2.5","G. Egloff","Rubigen","GE449","Rubigen",NA,NA,"608169","193214",525,6,"15","06","vi","2025","Halictus","tumulorum",1,NA,NA,"G. Egloff","C. Praz",NA,NA,NA,"Halictus tumulorum","LC",NA,NA,NA,NA,NA
450,"GE450",5,"focal","Schwarzbach",2608169,1193214,525,"BE","15.06.2025","2","F.SC.BE.2.5","G. Egloff","Rubigen","GE450","Rubigen",NA,NA,"608169","193214",525,6,"15","06","vi","2025","Lasioglossum","laticeps",1,NA,NA,"G. Egloff","C. Praz",NA,NA,NA,"Lasioglossum laticeps","LC",NA,NA,NA,NA,NA
451,"GE451",5,"focal","Schwarzbach",2608169,1193214,525,"BE","15.06.2025","2","F.SC.BE.2.5","G. Egloff","Rubigen","GE451","Rubigen",NA,NA,"608169","193214",525,6,"15","06","vi","2025","Halictus","tumulorum",1,NA,NA,"G. Egloff","C. Praz",NA,NA,NA,"Halictus tumulorum","LC",NA,NA,NA,NA,NA
452,"GE452",5,"focal","Schwarzbach",2608169,1193214,525,"BE","15.06.2025","2","F.SC.BE.2.5","G. Egloff","Rubigen","GE452","Rubigen",NA,NA,"608169","193214",525,6,"15","06","vi","2025","Lasioglossum","punctatissimum",1,NA,NA,"G. Egloff","C. Praz",NA,NA,NA,"Lasioglossum punctatissimum","LC",NA,NA,NA,NA,NA
453,"GE453",3,"focal","Schwarzbach",2608135,1193252,525,"BE","15.06.2025","2","F.SC.BE.2.3","G. Egloff","Rubigen","GE453","Rubigen",NA,NA,"608135","193252",525,6,"15","06","vi","2025","Hylaeus","confusus",NA,NA,1,"G. Egloff","C. Praz",NA,NA,NA,"Hylaeus confusus","LC",NA,NA,NA,NA,NA
454,"GE454",3,"focal","Schwarzbach",2608135,1193252,525,"BE","15.06.2025","2","F.SC.BE.2.3","G. Egloff","Rubigen","GE454","Rubigen",NA,NA,"608135","193252",525,6,"15","06","vi","2025","Lasioglossum","glabriusculum",1,NA,NA,"G. Egloff","C. Praz",NA,NA,NA,"Lasioglossum glabriusculum","LC",NA,NA,NA,NA,NA
455,"GE455",1,"focal","Schwarzbach",2608086,1193312,525,"BE","15.06.2025","2","F.SC.BE.2.1","G. Egloff","Rubigen","GE455","Rubigen",NA,NA,"608086","193312",525,6,"15","06","vi","2025","Andrena","afzeliella",1,NA,NA,"G. Egloff","C. Praz",NA,NA,NA,"Andrena afzeliella","LC",NA,NA,NA,NA,NA
456,"GE456",1,"focal","Schwarzbach",2608086,1193312,525,"BE","15.06.2025","2","F.SC.BE.2.1","G. Egloff","Rubigen","GE456","Rubigen",NA,NA,"608086","193312",525,6,"15","06","vi","2025","Halictus","simplex aggr.",1,NA,NA,"G. Egloff","C. Praz",NA,NA,NA,"Halictus simplex aggr.","LC",NA,NA,NA,NA,NA
457,"GE457",1,"focal","Schwarzbach",2608086,1193312,525,"BE","15.06.2025","2","F.SC.BE.2.1","G. Egloff","Rubigen","GE457","Rubigen",NA,NA,"608086","193312",525,6,"15","06","vi","2025","Halictus","tumulorum",1,NA,NA,"G. Egloff","C. Praz",NA,NA,NA,"Halictus tumulorum","LC",NA,NA,NA,NA,NA
458,"GE458",1,"focal","Schwarzbach",2608086,1193312,525,"BE","15.06.2025","2","F.SC.BE.2.1","G. Egloff","Rubigen","GE458","Rubigen",NA,NA,"608086","193312",525,6,"15","06","vi","2025","Lasioglossum","glabriusculum",1,NA,NA,"G. Egloff","C. Praz",NA,NA,NA,"Lasioglossum glabriusculum","LC",NA,NA,NA,NA,NA
459,"GE459",1,"focal","Schwarzbach",2608086,1193312,525,"BE","15.06.2025","2","F.SC.BE.2.1","G. Egloff","Rubigen","GE459","Rubigen",NA,NA,"608086","193312",525,6,"15","06","vi","2025","Lasioglossum","glabriusculum",1,NA,NA,"G. Egloff","C. Praz",NA,NA,NA,"Lasioglossum glabriusculum","LC",NA,NA,NA,NA,NA
460,"GE460",1,"focal","Schwarzbach",2608086,1193312,525,"BE","15.06.2025","2","F.SC.BE.2.1","G. Egloff","Rubigen","GE460","Rubigen",NA,NA,"608086","193312",525,6,"15","06","vi","2025","Lasioglossum","glabriusculum",1,NA,NA,"G. Egloff","C. Praz",NA,NA,NA,"Lasioglossum glabriusculum","LC",NA,NA,NA,NA,NA
461,"GE461",1,"focal","Schwarzbach",2608086,1193312,525,"BE","15.06.2025","2","F.SC.BE.2.1","G. Egloff","Rubigen","GE461","Rubigen",NA,NA,"608086","193312",525,6,"15","06","vi","2025","Lasioglossum","glabriusculum",1,NA,NA,"G. Egloff","C. Praz",NA,NA,NA,"Lasioglossum glabriusculum","LC",NA,NA,NA,NA,NA
462,"GE462",8,"focal","Schwarzbach",2608198,1193190,525,"BE","15.06.2025","2","F.SC.BE.2.8","G. Egloff","Rubigen","GE462","Rubigen",NA,NA,"608198","193190",525,6,"15","06","vi","2025","Lasioglossum","zonulum",1,NA,NA,"G. Egloff","C. Praz",NA,NA,NA,"Lasioglossum zonulum","LC",NA,NA,NA,NA,NA
463,"GE463",8,"focal","Schwarzbach",2608198,1193190,525,"BE","15.06.2025","2","F.SC.BE.2.8","G. Egloff","Rubigen","GE463","Rubigen",NA,NA,"608198","193190",525,6,"15","06","vi","2025","Hylaeus","confusus",NA,NA,1,"G. Egloff","C. Praz",NA,NA,NA,"Hylaeus confusus","LC",NA,NA,NA,NA,NA
464,"GE464",8,"focal","Schwarzbach",2608198,1193190,525,"BE","15.06.2025","2","F.SC.BE.2.8","G. Egloff","Rubigen","GE464","Rubigen",NA,NA,"608198","193190",525,6,"15","06","vi","2025","Hylaeus","confusus",NA,NA,1,"G. Egloff","C. Praz",NA,NA,NA,"Hylaeus confusus","LC",NA,NA,NA,NA,NA
465,"GE465",8,"focal","Schwarzbach",2608198,1193190,525,"BE","15.06.2025","2","F.SC.BE.2.8","G. Egloff","Rubigen","GE465","Rubigen",NA,NA,"608198","193190",525,6,"15","06","vi","2025","Lasioglossum","morio",1,NA,NA,"G. Egloff","C. Praz",NA,NA,NA,"Lasioglossum morio","LC",NA,NA,NA,NA,NA
466,"GE466",7,"focal","Schwarzbach",2608189,1193195,525,"BE","15.06.2025","2","F.SC.BE.2.7","G. Egloff","Rubigen","GE466","Rubigen",NA,NA,"608189","193195",525,6,"15","06","vi","2025","Lasioglossum","pauxillum",1,NA,NA,"G. Egloff","C. Praz",NA,NA,NA,"Lasioglossum pauxillum","LC",NA,NA,NA,NA,NA
467,"GE467",7,"focal","Schwarzbach",2608189,1193195,525,"BE","15.06.2025","2","F.SC.BE.2.7","G. Egloff","Rubigen","GE467","Rubigen",NA,NA,"608189","193195",525,6,"15","06","vi","2025","Ceratina","cyanea",NA,NA,1,"G. Egloff","C. Praz",NA,NA,NA,"Ceratina cyanea","LC",NA,NA,NA,NA,NA
468,"GE468",7,"focal","Schwarzbach",2608189,1193195,525,"BE","15.06.2025","2","F.SC.BE.2.7","G. Egloff","Rubigen","GE468","Rubigen",NA,NA,"608189","193195",525,6,"15","06","vi","2025","Lasioglossum","morio",1,NA,NA,"G. Egloff","C. Praz",NA,NA,NA,"Lasioglossum morio","LC",NA,NA,NA,NA,NA
469,"GE469",7,"focal","Schwarzbach",2608189,1193195,525,"BE","15.06.2025","2","F.SC.BE.2.7","G. Egloff","Rubigen","GE469","Rubigen",NA,NA,"608189","193195",525,6,"15","06","vi","2025","Lasioglossum","glabriusculum",1,NA,NA,"G. Egloff","C. Praz",NA,NA,NA,"Lasioglossum glabriusculum","LC",NA,NA,NA,NA,NA
470,"GE470",7,"focal","Schwarzbach",2608189,1193195,525,"BE","15.06.2025","2","F.SC.BE.2.7","G. Egloff","Rubigen","GE470","Rubigen",NA,NA,"608189","193195",525,6,"15","06","vi","2025","Lasioglossum","glabriusculum",1,NA,NA,"G. Egloff","C. Praz",NA,NA,NA,"Lasioglossum glabriusculum","LC",NA,NA,NA,NA,NA
471,"GE471",1,"control","Schwarzbach",2609861,1193161,587,"BE","16.05.2025","2","C.SC.BE.2.1","G. Egloff","Münsingen","GE471","Münsingen",NA,NA,"609861","193161",587,6,"16","05","v","2025","Andrena","afzeliella",1,NA,NA,"G. Egloff","C. Praz",NA,NA,NA,"Andrena afzeliella","LC",NA,NA,NA,NA,NA
472,"GE472",1,"control","Schwarzbach",2609861,1193161,587,"BE","16.05.2025","2","C.SC.BE.2.1","G. Egloff","Münsingen","GE472","Münsingen",NA,NA,"609861","193161",587,6,"16","05","v","2025","Lasioglossum","villosulum",1,NA,NA,"G. Egloff","C. Praz",NA,NA,NA,"Lasioglossum villosulum","LC",NA,NA,NA,NA,NA
473,"GE473",1,"control","Schwarzbach",2609861,1193161,587,"BE","16.05.2025","2","C.SC.BE.2.1","G. Egloff","Münsingen","GE473","Münsingen",NA,NA,"609861","193161",587,6,"16","05","v","2025","Lasioglossum","villosulum",1,NA,NA,"G. Egloff","C. Praz",NA,NA,NA,"Lasioglossum villosulum","LC",NA,NA,NA,NA,NA
474,"GE474",1,"control","Schwarzbach",2609861,1193161,587,"BE","16.05.2025","2","C.SC.BE.2.1","G. Egloff","Münsingen","GE474","Münsingen",NA,NA,"609861","193161",587,6,"16","05","v","2025","Lasioglossum","villosulum",1,NA,NA,"G. Egloff","C. Praz",NA,NA,NA,"Lasioglossum villosulum","LC",NA,NA,NA,NA,NA
475,"GE475",1,"control","Schwarzbach",2609861,1193161,587,"BE","16.05.2025","2","C.SC.BE.2.1","G. Egloff","Münsingen","GE475","Münsingen",NA,NA,"609861","193161",587,6,"16","05","v","2025","Lasioglossum","villosulum",1,NA,NA,"G. Egloff","C. Praz",NA,NA,NA,"Lasioglossum villosulum","LC",NA,NA,NA,NA,NA
476,"GE476",1,"control","Schwarzbach",2609861,1193161,587,"BE","16.05.2025","2","C.SC.BE.2.1","G. Egloff","Münsingen","GE476","Münsingen",NA,NA,"609861","193161",587,6,"16","05","v","2025","Lasioglossum","villosulum",1,NA,NA,"G. Egloff","C. Praz",NA,NA,NA,"Lasioglossum villosulum","LC",NA,NA,NA,NA,NA
477,"GE477",1,"control","Schwarzbach",2609861,1193161,587,"BE","16.05.2025","2","C.SC.BE.2.1","G. Egloff","Münsingen","GE477","Münsingen",NA,NA,"609861","193161",587,6,"16","05","v","2025","Lasioglossum","villosulum",1,NA,NA,"G. Egloff","C. Praz",NA,NA,NA,"Lasioglossum villosulum","LC",NA,NA,NA,NA,NA
478,"GE478",2,"control","Schwarzbach",2609873,1193153,587,"BE","16.05.2025","2","C.SC.BE.2.2","G. Egloff","Münsingen","GE478","Münsingen",NA,NA,"609873","193153",587,6,"16","05","v","2025","Andrena","nitida",1,NA,NA,"G. Egloff","C. Praz",NA,NA,NA,"Andrena nitida","LC",NA,NA,NA,NA,NA
479,"GE479",2,"control","Schwarzbach",2609873,1193153,587,"BE","16.05.2025","2","C.SC.BE.2.2","G. Egloff","Münsingen","GE479","Münsingen",NA,NA,"609873","193153",587,6,"16","05","v","2025","Lasioglossum","villosulum",1,NA,NA,"G. Egloff","C. Praz",NA,NA,NA,"Lasioglossum villosulum","LC",NA,NA,NA,NA,NA
480,"GE480",3,"control","Schwarzbach",2609924,1193119,588,"BE","16.05.2025","2","C.SC.BE.2.3","G. Egloff","Münsingen","GE480","Münsingen",NA,NA,"609924","193119",588,6,"16","05","v","2025","Nomada","flavoguttata",NA,NA,1,"G. Egloff","C. Praz",NA,NA,NA,"Nomada flavoguttata","LC",NA,NA,NA,NA,NA
481,"GE481",5,"control","Schwarzbach",2609958,1193095,588,"BE","16.05.2025","2","C.SC.BE.2.5","G. Egloff","Münsingen","GE481","Münsingen",NA,NA,"609958","193095",588,6,"16","05","v","2025","Psithyrus","vestalis",NA,1,NA,"G. Egloff","C. Praz",NA,NA,NA,"Psithyrus vestalis","LC",NA,NA,NA,NA,NA
482,"GE482",4,"focal","Aire",2495459,1113802,402,"GE","29.05.2025","3","F.AI.GE.3.4","G. Egloff","Confignon","GE482","Confignon",NA,NA,"495459","113802",402,6,"29","05","v","2025","Lasioglossum","malachurum",1,NA,NA,"G. Egloff","C. Praz",NA,NA,NA,"Lasioglossum malachurum","LC",NA,NA,NA,NA,NA
483,"GE483",4,"focal","Aire",2495459,1113802,402,"GE","29.05.2025","3","F.AI.GE.3.4","G. Egloff","Confignon","GE483","Confignon",NA,NA,"495459","113802",402,6,"29","05","v","2025","Ceratina","cyanea",NA,NA,1,"G. Egloff","C. Praz",NA,NA,NA,"Ceratina cyanea","LC",NA,NA,NA,NA,NA
484,"GE484",4,"focal","Aire",2495459,1113802,402,"GE","29.05.2025","3","F.AI.GE.3.4","G. Egloff","Confignon","GE484","Confignon",NA,NA,"495459","113802",402,6,"29","05","v","2025","Lasioglossum","interruptum",1,NA,NA,"G. Egloff","C. Praz",NA,NA,NA,"Lasioglossum interruptum","LC",NA,NA,NA,NA,NA
485,"GE485",5,"focal","Aire",2495479,1113801,402,"GE","29.05.2025","3","F.AI.GE.3.5","G. Egloff","Confignon","GE485","Confignon",NA,NA,"495479","113801",402,6,"29","05","v","2025","Halictus","simplex aggr.",1,NA,NA,"G. Egloff","C. Praz",NA,NA,NA,"Halictus simplex aggr.","LC",NA,NA,NA,NA,NA
486,"GE486",5,"focal","Aire",2495479,1113801,402,"GE","29.05.2025","3","F.AI.GE.3.5","G. Egloff","Confignon","GE486","Confignon",NA,NA,"495479","113801",402,6,"29","05","v","2025","Lasioglossum","interruptum",1,NA,NA,"G. Egloff","C. Praz",NA,NA,NA,"Lasioglossum interruptum","LC",NA,NA,NA,NA,NA
487,"GE487",5,"focal","Aire",2495479,1113801,402,"GE","29.05.2025","3","F.AI.GE.3.5","G. Egloff","Confignon","GE487","Confignon",NA,NA,"495479","113801",402,6,"29","05","v","2025","Lasioglossum","malachurum",1,NA,NA,"G. Egloff","C. Praz",NA,NA,NA,"Lasioglossum malachurum","LC",NA,NA,NA,NA,NA
488,"GE488",5,"focal","Aire",2495479,1113801,402,"GE","29.05.2025","3","F.AI.GE.3.5","G. Egloff","Confignon","GE488","Confignon",NA,NA,"495479","113801",402,6,"29","05","v","2025","Lasioglossum","interruptum",1,NA,NA,"G. Egloff","C. Praz",NA,NA,NA,"Lasioglossum interruptum","LC",NA,NA,NA,NA,NA
489,"GE489",5,"focal","Aire",2495479,1113801,402,"GE","29.05.2025","3","F.AI.GE.3.5","G. Egloff","Confignon","GE489","Confignon",NA,NA,"495479","113801",402,6,"29","05","v","2025","Lasioglossum","interruptum",1,NA,NA,"G. Egloff","C. Praz",NA,NA,NA,"Lasioglossum interruptum","LC",NA,NA,NA,NA,NA
490,"GE490",5,"focal","Aire",2495479,1113801,402,"GE","29.05.2025","3","F.AI.GE.3.5","G. Egloff","Confignon","GE490","Confignon",NA,NA,"495479","113801",402,6,"29","05","v","2025","Lasioglossum","interruptum",1,NA,NA,"G. Egloff","C. Praz",NA,NA,NA,"Lasioglossum interruptum","LC",NA,NA,NA,NA,NA
491,"GE491",5,"focal","Aire",2495479,1113801,402,"GE","29.05.2025","3","F.AI.GE.3.5","G. Egloff","Confignon","GE491","Confignon",NA,NA,"495479","113801",402,6,"29","05","v","2025","Lasioglossum","interruptum",1,NA,NA,"G. Egloff","C. Praz",NA,NA,NA,"Lasioglossum interruptum","LC",NA,NA,NA,NA,NA
492,"GE492",5,"focal","Aire",2495479,1113801,402,"GE","29.05.2025","3","F.AI.GE.3.5","G. Egloff","Confignon","GE492","Confignon",NA,NA,"495479","113801",402,6,"29","05","v","2025","Lasioglossum","subhirtum",1,NA,NA,"G. Egloff","C. Praz",NA,NA,NA,"Lasioglossum subhirtum","DD",NA,NA,NA,NA,NA
493,"GE493",5,"focal","Aire",2495479,1113801,402,"GE","29.05.2025","3","F.AI.GE.3.5","G. Egloff","Confignon","GE493","Confignon",NA,NA,"495479","113801",402,6,"29","05","v","2025","Ceratina","cucurbitina",NA,NA,1,"G. Egloff","C. Praz",NA,NA,NA,"Ceratina cucurbitina","LC",NA,NA,NA,NA,NA
494,"GE494",5,"focal","Aire",2495479,1113801,402,"GE","29.05.2025","3","F.AI.GE.3.5","G. Egloff","Confignon","GE494","Confignon",NA,NA,"495479","113801",402,6,"29","05","v","2025","Ceratina","cucurbitina",NA,NA,1,"G. Egloff","C. Praz",NA,NA,NA,"Ceratina cucurbitina","LC",NA,NA,NA,NA,NA
495,"GE495",5,"focal","Aire",2495479,1113801,402,"GE","29.05.2025","3","F.AI.GE.3.5","G. Egloff","Confignon","GE495","Confignon",NA,NA,"495479","113801",402,6,"29","05","v","2025","Lasioglossum","malachurum",1,NA,NA,"G. Egloff","C. Praz",NA,NA,NA,"Lasioglossum malachurum","LC",NA,NA,NA,NA,NA
496,"GE496",5,"focal","Aire",2495479,1113801,402,"GE","29.05.2025","3","F.AI.GE.3.5","G. Egloff","Confignon","GE496","Confignon",NA,NA,"495479","113801",402,6,"29","05","v","2025","Lasioglossum","malachurum",1,NA,NA,"G. Egloff","C. Praz",NA,NA,NA,"Lasioglossum malachurum","LC",NA,NA,NA,NA,NA
497,"GE497",5,"focal","Aire",2495479,1113801,402,"GE","29.05.2025","3","F.AI.GE.3.5","G. Egloff","Confignon","GE497","Confignon",NA,NA,"495479","113801",402,6,"29","05","v","2025","Lasioglossum","interruptum",1,NA,NA,"G. Egloff","C. Praz",NA,NA,NA,"Lasioglossum interruptum","LC",NA,NA,NA,NA,NA
498,"GE498",6,"focal","Aire",2495519,1113810,402,"GE","29.05.2025","3","F.AI.GE.3.6","G. Egloff","Confignon","GE498","Confignon",NA,NA,"495519","113810",402,6,"29","05","v","2025","Bombus","terrestris aggr.",NA,1,NA,"G. Egloff","C. Praz",NA,NA,NA,"Bombus terrestris aggr.","LC",NA,NA,NA,NA,NA
499,"GE499",6,"focal","Aire",2495519,1113810,402,"GE","29.05.2025","3","F.AI.GE.3.6","G. Egloff","Confignon","GE499","Confignon",NA,NA,"495519","113810",402,6,"29","05","v","2025","Andrena","afzeliella",1,NA,NA,"G. Egloff","C. Praz",NA,NA,NA,"Andrena afzeliella","LC",NA,NA,NA,NA,NA
500,"GE500",6,"focal","Aire",2495519,1113810,402,"GE","29.05.2025","3","F.AI.GE.3.6","G. Egloff","Confignon","GE500","Confignon",NA,NA,"495519","113810",402,6,"29","05","v","2025","Lasioglossum","interruptum",1,NA,NA,"G. Egloff","C. Praz",NA,NA,NA,"Lasioglossum interruptum","LC",NA,NA,NA,NA,NA
501,"GE501",6,"focal","Aire",2495519,1113810,402,"GE","29.05.2025","3","F.AI.GE.3.6","G. Egloff","Confignon","GE501","Confignon",NA,NA,"495519","113810",402,6,"29","05","v","2025","Ceratina","cucurbitina",NA,NA,1,"G. Egloff","C. Praz",NA,NA,NA,"Ceratina cucurbitina","LC",NA,NA,NA,NA,NA
502,"GE502",6,"focal","Aire",2495519,1113810,402,"GE","29.05.2025","3","F.AI.GE.3.6","G. Egloff","Confignon","GE502","Confignon",NA,NA,"495519","113810",402,6,"29","05","v","2025","Lasioglossum","malachurum",1,NA,NA,"G. Egloff","C. Praz",NA,NA,NA,"Lasioglossum malachurum","LC",NA,NA,NA,NA,NA
503,"GE503",6,"focal","Aire",2495519,1113810,402,"GE","29.05.2025","3","F.AI.GE.3.6","G. Egloff","Confignon","GE503","Confignon",NA,NA,"495519","113810",402,6,"29","05","v","2025","Ceratina","cucurbitina",NA,NA,1,"G. Egloff","C. Praz",NA,NA,NA,"Ceratina cucurbitina","LC",NA,NA,NA,NA,NA
504,"GE504",6,"focal","Aire",2495519,1113810,402,"GE","29.05.2025","3","F.AI.GE.3.6","G. Egloff","Confignon","GE504","Confignon",NA,NA,"495519","113810",402,6,"29","05","v","2025","Ceratina","cyanea",1,NA,NA,"G. Egloff","C. Praz",NA,NA,NA,"Ceratina cyanea","LC",NA,NA,NA,NA,NA
505,"GE505",6,"focal","Aire",2495519,1113810,402,"GE","29.05.2025","3","F.AI.GE.3.6","G. Egloff","Confignon","GE505","Confignon",NA,NA,"495519","113810",402,6,"29","05","v","2025","Lasioglossum","villosulum",1,NA,NA,"G. Egloff","C. Praz",NA,NA,NA,"Lasioglossum villosulum","LC",NA,NA,NA,NA,NA
506,"GE506",6,"focal","Aire",2495519,1113810,402,"GE","29.05.2025","3","F.AI.GE.3.6","G. Egloff","Confignon","GE506","Confignon",NA,NA,"495519","113810",402,6,"29","05","v","2025","Lasioglossum","bluethgeni",1,NA,NA,"G. Egloff","C. Praz",NA,NA,NA,"Lasioglossum bluethgeni","LC",NA,NA,NA,NA,NA
507,"GE507",6,"focal","Aire",2495519,1113810,402,"GE","29.05.2025","3","F.AI.GE.3.6","G. Egloff","Confignon","GE507","Confignon",NA,NA,"495519","113810",402,6,"29","05","v","2025","Lasioglossum","villosulum",1,NA,NA,"G. Egloff","C. Praz",NA,NA,NA,"Lasioglossum villosulum","LC",NA,NA,NA,NA,NA
508,"GE508",6,"focal","Aire",2495519,1113810,402,"GE","29.05.2025","3","F.AI.GE.3.6","G. Egloff","Confignon","GE508","Confignon",NA,NA,"495519","113810",402,6,"29","05","v","2025","Lasioglossum","interruptum",1,NA,NA,"G. Egloff","C. Praz",NA,NA,NA,"Lasioglossum interruptum","LC",NA,NA,NA,NA,NA
509,"GE509",6,"focal","Aire",2495519,1113810,402,"GE","29.05.2025","3","F.AI.GE.3.6","G. Egloff","Confignon","GE509","Confignon",NA,NA,"495519","113810",402,6,"29","05","v","2025","Lasioglossum","malachurum",1,NA,NA,"G. Egloff","C. Praz",NA,NA,NA,"Lasioglossum malachurum","LC",NA,NA,NA,NA,NA
510,"GE510",6,"focal","Aire",2495519,1113810,402,"GE","29.05.2025","3","F.AI.GE.3.6","G. Egloff","Confignon","GE510","Confignon",NA,NA,"495519","113810",402,6,"29","05","v","2025","Lasioglossum","lineare",1,NA,NA,"G. Egloff","C. Praz",NA,NA,NA,"Lasioglossum lineare","NT",NA,NA,NA,NA,NA
511,"GE511",6,"focal","Aire",2495519,1113810,402,"GE","29.05.2025","3","F.AI.GE.3.6","G. Egloff","Confignon","GE511","Confignon",NA,NA,"495519","113810",402,6,"29","05","v","2025","Lasioglossum","lineare",1,NA,NA,"G. Egloff","C. Praz",NA,NA,NA,"Lasioglossum lineare","NT",NA,NA,NA,NA,NA
512,"GE512",6,"focal","Aire",2495519,1113810,402,"GE","29.05.2025","3","F.AI.GE.3.6","G. Egloff","Confignon","GE512","Confignon",NA,NA,"495519","113810",402,6,"29","05","v","2025","Lasioglossum","malachurum",1,NA,NA,"G. Egloff","C. Praz",NA,NA,NA,"Lasioglossum malachurum","LC",NA,NA,NA,NA,NA
513,"GE513",6,"focal","Aire",2495519,1113810,402,"GE","29.05.2025","3","F.AI.GE.3.6","G. Egloff","Confignon","GE513","Confignon",NA,NA,"495519","113810",402,6,"29","05","v","2025","Nomada","fabriciana",1,NA,NA,"G. Egloff","C. Praz",NA,NA,NA,"Nomada fabriciana","LC",NA,NA,NA,NA,NA
514,"GE514",6,"focal","Aire",2495519,1113810,402,"GE","29.05.2025","3","F.AI.GE.3.6","G. Egloff","Confignon","GE514","Confignon",NA,NA,"495519","113810",402,6,"29","05","v","2025","Ceratina","cucurbitina",NA,NA,1,"G. Egloff","C. Praz",NA,NA,NA,"Ceratina cucurbitina","LC",NA,NA,NA,NA,NA
515,"GE515",6,"focal","Aire",2495519,1113810,402,"GE","29.05.2025","3","F.AI.GE.3.6","G. Egloff","Confignon","GE515","Confignon",NA,NA,"495519","113810",402,6,"29","05","v","2025","Lasioglossum","politum",1,NA,NA,"G. Egloff","C. Praz",NA,NA,NA,"Lasioglossum politum","LC",NA,NA,NA,NA,NA
516,"GE516",2,"focal","Aire",2495429,1113779,402,"GE","29.05.2025","3","F.AI.GE.3.2","G. Egloff","Confignon","GE516","Confignon",NA,NA,"495429","113779",402,6,"29","05","v","2025","Ceratina","chalybea",NA,NA,1,"G. Egloff","C. Praz",NA,NA,NA,"Ceratina chalybea","LC",NA,NA,NA,NA,NA
517,"GE517",2,"focal","Aire",2495429,1113779,402,"GE","29.05.2025","3","F.AI.GE.3.2","G. Egloff","Confignon","GE517","Confignon",NA,NA,"495429","113779",402,6,"29","05","v","2025","Halictus","simplex aggr.",1,NA,NA,"G. Egloff","C. Praz",NA,NA,NA,"Halictus simplex aggr.","LC",NA,NA,NA,NA,NA
518,"GE518",2,"focal","Aire",2495429,1113779,402,"GE","29.05.2025","3","F.AI.GE.3.2","G. Egloff","Confignon","GE518","Confignon",NA,NA,"495429","113779",402,6,"29","05","v","2025","Ceratina","cucurbitina",1,NA,NA,"G. Egloff","C. Praz",NA,NA,NA,"Ceratina cucurbitina","LC",NA,NA,NA,NA,NA
519,"GE519",2,"focal","Aire",2495429,1113779,402,"GE","29.05.2025","3","F.AI.GE.3.2","G. Egloff","Confignon","GE519","Confignon",NA,NA,"495429","113779",402,6,"29","05","v","2025","Ceratina","cucurbitina",1,NA,NA,"G. Egloff","C. Praz",NA,NA,NA,"Ceratina cucurbitina","LC",NA,NA,NA,NA,NA
520,"GE520",2,"focal","Aire",2495429,1113779,402,"GE","29.05.2025","3","F.AI.GE.3.2","G. Egloff","Confignon","GE520","Confignon",NA,NA,"495429","113779",402,6,"29","05","v","2025","Wasp",NA,NA,1,NA,"G. Egloff","C. Praz",NA,NA,NA,"Wasp",NA,NA,NA,NA,NA,NA
521,"GE521",7,"focal","Aire",2495525,1113833,400,"GE","29.05.2025","3","F.AI.GE.3.7","G. Egloff","Confignon","GE521","Confignon",NA,NA,"495525","113833",400,6,"29","05","v","2025","Lasioglossum","glabriusculum",1,NA,NA,"G. Egloff","C. Praz",NA,NA,NA,"Lasioglossum glabriusculum","LC",NA,NA,NA,NA,NA
522,"GE522",1,"focal","Aire",2495403,1113774,402,"GE","29.05.2025","3","F.AI.GE.3.1","G. Egloff","Confignon","GE522","Confignon",NA,NA,"495403","113774",402,6,"29","05","v","2025","Lasioglossum","leucozonium",1,NA,NA,"G. Egloff","C. Praz",NA,NA,NA,"Lasioglossum leucozonium","LC",NA,NA,NA,NA,NA
523,"GE523",1,"focal","Aire",2495403,1113774,402,"GE","29.05.2025","3","F.AI.GE.3.1","G. Egloff","Confignon","GE523","Confignon",NA,NA,"495403","113774",402,6,"29","05","v","2025","Lasioglossum","malachurum",1,NA,NA,"G. Egloff","C. Praz",NA,NA,NA,"Lasioglossum malachurum","LC",NA,NA,NA,NA,NA
524,"GE524",1,"focal","Aire",2495403,1113774,402,"GE","29.05.2025","3","F.AI.GE.3.1","G. Egloff","Confignon","GE524","Confignon",NA,NA,"495403","113774",402,6,"29","05","v","2025","Lasioglossum","malachurum",1,NA,NA,"G. Egloff","C. Praz",NA,NA,NA,"Lasioglossum malachurum","LC",NA,NA,NA,NA,NA
525,"GE525",1,"focal","Aire",2495403,1113774,402,"GE","29.05.2025","3","F.AI.GE.3.1","G. Egloff","Confignon","GE525","Confignon",NA,NA,"495403","113774",402,6,"29","05","v","2025","Andrena","simontornyella",1,NA,NA,"G. Egloff","C. Praz",NA,NA,NA,"Andrena simontornyella","NT",NA,NA,NA,NA,NA
526,"GE526",1,"focal","Aire",2495403,1113774,402,"GE","29.05.2025","3","F.AI.GE.3.1","G. Egloff","Confignon","GE526","Confignon",NA,NA,"495403","113774",402,6,"29","05","v","2025","Lasioglossum","malachurum",1,NA,NA,"G. Egloff","C. Praz",NA,NA,NA,"Lasioglossum malachurum","LC",NA,NA,NA,NA,NA
527,"GE527",1,"focal","Aire",2495403,1113774,402,"GE","29.05.2025","3","F.AI.GE.3.1","G. Egloff","Confignon","GE527","Confignon",NA,NA,"495403","113774",402,6,"29","05","v","2025","Lasioglossum","malachurum",1,NA,NA,"G. Egloff","C. Praz",NA,NA,NA,"Lasioglossum malachurum","LC",NA,NA,NA,NA,NA
528,"GE528",1,"focal","Aire",2495403,1113774,402,"GE","29.05.2025","3","F.AI.GE.3.1","G. Egloff","Confignon","GE528","Confignon",NA,NA,"495403","113774",402,6,"29","05","v","2025","Ceratina","cucurbitina",NA,NA,1,"G. Egloff","C. Praz",NA,NA,NA,"Ceratina cucurbitina","LC",NA,NA,NA,NA,NA
529,"GE529",1,"focal","Aire",2495403,1113774,402,"GE","29.05.2025","3","F.AI.GE.3.1","G. Egloff","Confignon","GE529","Confignon",NA,NA,"495403","113774",402,6,"29","05","v","2025","Lasioglossum","malachurum",1,NA,NA,"G. Egloff","C. Praz",NA,NA,NA,"Lasioglossum malachurum","LC",NA,NA,NA,NA,NA
530,"GE530",1,"focal","Aire",2495403,1113774,402,"GE","29.05.2025","3","F.AI.GE.3.1","G. Egloff","Confignon","GE530","Confignon",NA,NA,"495403","113774",402,6,"29","05","v","2025","Lasioglossum","malachurum",1,NA,NA,"G. Egloff","C. Praz",NA,NA,NA,"Lasioglossum malachurum","LC",NA,NA,NA,NA,NA
531,"GE531",1,"focal","Aire",2495403,1113774,402,"GE","29.05.2025","3","F.AI.GE.3.1","G. Egloff","Confignon","GE531","Confignon",NA,NA,"495403","113774",402,6,"29","05","v","2025","Lasioglossum","malachurum",1,NA,NA,"G. Egloff","C. Praz",NA,NA,NA,"Lasioglossum malachurum","LC",NA,NA,NA,NA,NA
532,"GE532",1,"focal","Aire",2495403,1113774,402,"GE","29.05.2025","3","F.AI.GE.3.1","G. Egloff","Confignon","GE532","Confignon",NA,NA,"495403","113774",402,6,"29","05","v","2025","Lasioglossum","malachurum",1,NA,NA,"G. Egloff","C. Praz",NA,NA,NA,"Lasioglossum malachurum","LC",NA,NA,NA,NA,NA
533,"GE533",1,"focal","Aire",2495403,1113774,402,"GE","29.05.2025","3","F.AI.GE.3.1","G. Egloff","Confignon","GE533","Confignon",NA,NA,"495403","113774",402,6,"29","05","v","2025","Andrena","simontornyella",1,NA,NA,"G. Egloff","C. Praz",NA,NA,NA,"Andrena simontornyella","NT",NA,NA,NA,NA,NA
534,"GE534",1,"focal","Aire",2495403,1113774,402,"GE","29.05.2025","3","F.AI.GE.3.1","G. Egloff","Confignon","GE534","Confignon",NA,NA,"495403","113774",402,6,"29","05","v","2025","Ceratina","cucurbitina",NA,NA,1,"G. Egloff","C. Praz",NA,NA,NA,"Ceratina cucurbitina","LC",NA,NA,NA,NA,NA
535,"GE535",1,"focal","Aire",2495403,1113774,402,"GE","29.05.2025","3","F.AI.GE.3.1","G. Egloff","Confignon","GE535","Confignon",NA,NA,"495403","113774",402,6,"29","05","v","2025","Hylaeus","confusus",NA,NA,1,"G. Egloff","C. Praz",NA,NA,NA,"Hylaeus confusus","LC",NA,NA,NA,NA,NA
536,"GE536",1,"focal","Aire",2495403,1113774,402,"GE","29.05.2025","3","F.AI.GE.3.1","G. Egloff","Confignon","GE536","Confignon",NA,NA,"495403","113774",402,6,"29","05","v","2025","Lasioglossum","glabriusculum",1,NA,NA,"G. Egloff","C. Praz",NA,NA,NA,"Lasioglossum glabriusculum","LC",NA,NA,NA,NA,NA
537,"GE537",5,"control","Aire",2492634,1116373,380,"GE","30.05.2025","3","C.AI.GE.3.5","G. Egloff","Bernex","GE537","Bernex",NA,NA,"492634","116373",380,6,"30","05","v","2025","Lasioglossum","lativentre",1,NA,NA,"G. Egloff","C. Praz",NA,NA,NA,"Lasioglossum lativentre","LC",NA,NA,NA,NA,NA
538,"GE538",5,"control","Aire",2492634,1116373,380,"GE","30.05.2025","3","C.AI.GE.3.5","G. Egloff","Bernex","GE538","Bernex",NA,NA,"492634","116373",380,6,"30","05","v","2025","Halictus","subauratus",1,NA,NA,"G. Egloff","C. Praz",NA,NA,NA,"Halictus subauratus","LC",NA,NA,NA,NA,NA
539,"GE539",5,"control","Aire",2492634,1116373,380,"GE","30.05.2025","3","C.AI.GE.3.5","G. Egloff","Bernex","GE539","Bernex",NA,NA,"492634","116373",380,6,"30","05","v","2025","Halictus","subauratus",1,NA,NA,"G. Egloff","C. Praz",NA,NA,NA,"Halictus subauratus","LC",NA,NA,NA,NA,NA
540,"GE540",5,"control","Aire",2492634,1116373,380,"GE","30.05.2025","3","C.AI.GE.3.5","G. Egloff","Bernex","GE540","Bernex",NA,NA,"492634","116373",380,6,"30","05","v","2025","Halictus","subauratus",1,NA,NA,"G. Egloff","C. Praz",NA,NA,NA,"Halictus subauratus","LC",NA,NA,NA,NA,NA
541,"GE541",5,"control","Aire",2492634,1116373,380,"GE","30.05.2025","3","C.AI.GE.3.5","G. Egloff","Bernex","GE541","Bernex",NA,NA,"492634","116373",380,6,"30","05","v","2025","Wasp",NA,NA,1,NA,"G. Egloff","C. Praz",NA,NA,NA,"Wasp",NA,NA,NA,NA,NA,NA
542,"GE542",7,"control","Aire",2492656,1116411,380,"GE","30.05.2025","3","C.AI.GE.3.7","G. Egloff","Bernex","GE542","Bernex",NA,NA,"492656","116411",380,6,"30","05","v","2025","Halictus","subauratus",1,NA,NA,"G. Egloff","C. Praz",NA,NA,NA,"Halictus subauratus","LC",NA,NA,NA,NA,NA
543,"GE543",7,"control","Aire",2492656,1116411,380,"GE","30.05.2025","3","C.AI.GE.3.7","G. Egloff","Bernex","GE543","Bernex",NA,NA,"492656","116411",380,6,"30","05","v","2025","Halictus","subauratus",1,NA,NA,"G. Egloff","C. Praz",NA,NA,NA,"Halictus subauratus","LC",NA,NA,NA,NA,NA
544,"GE544",7,"control","Aire",2492656,1116411,380,"GE","30.05.2025","3","C.AI.GE.3.7","G. Egloff","Bernex","GE544","Bernex",NA,NA,"492656","116411",380,6,"30","05","v","2025","Ceratina","cucurbitina",1,NA,NA,"G. Egloff","C. Praz",NA,NA,NA,"Ceratina cucurbitina","LC",NA,NA,NA,NA,NA
545,"GE545",8,"control","Aire",2492668,1116432,380,"GE","30.05.2025","3","C.AI.GE.3.8","G. Egloff","Bernex","GE545","Bernex",NA,NA,"492668","116432",380,6,"30","05","v","2025","Halictus","subauratus",1,NA,NA,"G. Egloff","C. Praz",NA,NA,NA,"Halictus subauratus","LC",NA,NA,NA,NA,NA
546,"GE546",3,"focal","Aire",2495446,1113810,401,"GE","29.05.2025","3","F.AI.GE.3.3","G. Egloff","Confignon","GE546","Confignon",NA,NA,"495446","113810",401,6,"29","05","v","2025","Lasioglossum","leucozonium",1,NA,NA,"G. Egloff","C. Praz",NA,NA,NA,"Lasioglossum leucozonium","LC",NA,NA,NA,NA,NA
547,"GE547",3,"focal","Aire",2495446,1113810,401,"GE","29.05.2025","3","F.AI.GE.3.3","G. Egloff","Confignon","GE547","Confignon",NA,NA,"495446","113810",401,6,"29","05","v","2025","Halictus","simplex aggr.",1,NA,NA,"G. Egloff","C. Praz",NA,NA,NA,"Halictus simplex aggr.","LC",NA,NA,NA,NA,NA
548,"GE548",3,"focal","Aire",2495446,1113810,401,"GE","29.05.2025","3","F.AI.GE.3.3","G. Egloff","Confignon","GE548","Confignon",NA,NA,"495446","113810",401,6,"29","05","v","2025","Lasioglossum","interruptum",1,NA,NA,"G. Egloff","C. Praz",NA,NA,NA,"Lasioglossum interruptum","LC",NA,NA,NA,NA,NA
549,"GE549",3,"focal","Aire",2495446,1113810,401,"GE","29.05.2025","3","F.AI.GE.3.3","G. Egloff","Confignon","GE549","Confignon",NA,NA,"495446","113810",401,6,"29","05","v","2025","Lasioglossum","malachurum",1,NA,NA,"G. Egloff","C. Praz",NA,NA,NA,"Lasioglossum malachurum","LC",NA,NA,NA,NA,NA
550,"GE550",3,"focal","Aire",2495446,1113810,401,"GE","29.05.2025","3","F.AI.GE.3.3","G. Egloff","Confignon","GE550","Confignon",NA,NA,"495446","113810",401,6,"29","05","v","2025","Lasioglossum","malachurum",1,NA,NA,"G. Egloff","C. Praz",NA,NA,NA,"Lasioglossum malachurum","LC",NA,NA,NA,NA,NA
551,"GE551",3,"focal","Aire",2495446,1113810,401,"GE","29.05.2025","3","F.AI.GE.3.3","G. Egloff","Confignon","GE551","Confignon",NA,NA,"495446","113810",401,6,"29","05","v","2025","Lasioglossum","malachurum",1,NA,NA,"G. Egloff","C. Praz",NA,NA,NA,"Lasioglossum malachurum","LC",NA,NA,NA,NA,NA
552,"GE552",3,"focal","Aire",2495446,1113810,401,"GE","29.05.2025","3","F.AI.GE.3.3","G. Egloff","Confignon","GE552","Confignon",NA,NA,"495446","113810",401,6,"29","05","v","2025","Ceratina","cucurbitina",NA,NA,1,"G. Egloff","C. Praz",NA,NA,NA,"Ceratina cucurbitina","LC",NA,NA,NA,NA,NA
553,"GE553",3,"focal","Aire",2495446,1113810,401,"GE","29.05.2025","3","F.AI.GE.3.3","G. Egloff","Confignon","GE553","Confignon",NA,NA,"495446","113810",401,6,"29","05","v","2025","Ceratina","cucurbitina",NA,NA,1,"G. Egloff","C. Praz",NA,NA,NA,"Ceratina cucurbitina","LC",NA,NA,NA,NA,NA
554,"GE554",3,"focal","Aire",2495446,1113810,401,"GE","29.05.2025","3","F.AI.GE.3.3","G. Egloff","Confignon","GE554","Confignon",NA,NA,"495446","113810",401,6,"29","05","v","2025","Lasioglossum","malachurum",1,NA,NA,"G. Egloff","C. Praz",NA,NA,NA,"Lasioglossum malachurum","LC",NA,NA,NA,NA,NA
555,"GE555",3,"focal","Aire",2495446,1113810,401,"GE","29.05.2025","3","F.AI.GE.3.3","G. Egloff","Confignon","GE555","Confignon",NA,NA,"495446","113810",401,6,"29","05","v","2025","Lasioglossum","lineare",1,NA,NA,"G. Egloff","C. Praz",NA,NA,NA,"Lasioglossum lineare","NT",NA,NA,NA,NA,NA
556,"GE556",1,"focal","Scheulte",2595329,1245974,416,"JU","09.06.2025","3","F.SC.JU.3.1","G. Egloff","Courroux","GE556","Courroux",NA,NA,"595329","245974",416,6,"09","06","vi","2025","Hoplitis","adunca",NA,NA,1,"G. Egloff","C. Praz",NA,NA,NA,"Hoplitis adunca","LC",NA,NA,NA,NA,NA
557,"GE557",1,"focal","Scheulte",2595329,1245974,416,"JU","09.06.2025","3","F.SC.JU.3.1","G. Egloff","Courroux","GE557","Courroux",NA,NA,"595329","245974",416,6,"09","06","vi","2025","Hoplitis","adunca",NA,NA,1,"G. Egloff","C. Praz",NA,NA,NA,"Hoplitis adunca","LC",NA,NA,NA,NA,NA
558,"GE558",1,"focal","Scheulte",2595329,1245974,416,"JU","09.06.2025","3","F.SC.JU.3.1","G. Egloff","Courroux","GE558","Courroux",NA,NA,"595329","245974",416,6,"09","06","vi","2025","Hoplitis","adunca",NA,NA,1,"G. Egloff","C. Praz",NA,NA,NA,"Hoplitis adunca","LC",NA,NA,NA,NA,NA
559,"GE559",1,"focal","Scheulte",2595329,1245974,416,"JU","09.06.2025","3","F.SC.JU.3.1","G. Egloff","Courroux","GE559","Courroux",NA,NA,"595329","245974",416,6,"09","06","vi","2025","Stelis","punctulatissima",NA,NA,1,"G. Egloff","C. Praz",NA,NA,NA,"Stelis punctulatissima","LC",NA,NA,NA,NA,NA
560,"GE560",8,"focal","Scheulte",2595451,1245988,416,"JU","09.06.2025","3","F.SC.JU.3.8","G. Egloff","Courroux","GE560","Courroux",NA,NA,"595451","245988",416,6,"09","06","vi","2025","Bombus","pascuorum",NA,1,NA,"G. Egloff","C. Praz","Used for teaching",NA,NA,"Bombus pascuorum","LC",NA,NA,NA,NA,NA
561,"GE561",8,"focal","Scheulte",2595451,1245988,416,"JU","09.06.2025","3","F.SC.JU.3.8","G. Egloff","Courroux","GE561","Courroux",NA,NA,"595451","245988",416,6,"09","06","vi","2025","Bombus","subterraneus",NA,1,NA,"G. Egloff","C. Praz",NA,NA,NA,"Bombus subterraneus","NT",NA,NA,NA,NA,NA
562,"GE562",8,"focal","Scheulte",2595451,1245988,416,"JU","09.06.2025","3","F.SC.JU.3.8","G. Egloff","Courroux","GE562","Courroux",NA,NA,"595451","245988",416,6,"09","06","vi","2025","Bombus","subterraneus",NA,1,NA,"G. Egloff","C. Praz",NA,NA,NA,"Bombus subterraneus","NT",NA,NA,NA,NA,NA
563,"GE563",8,"focal","Scheulte",2595451,1245988,416,"JU","09.06.2025","3","F.SC.JU.3.8","G. Egloff","Courroux","GE563","Courroux",NA,NA,"595451","245988",416,6,"09","06","vi","2025","Bombus","subterraneus",NA,1,NA,"G. Egloff","C. Praz",NA,NA,NA,"Bombus subterraneus","NT",NA,NA,NA,NA,NA
564,"GE564",8,"focal","Scheulte",2595451,1245988,416,"JU","09.06.2025","3","F.SC.JU.3.8","G. Egloff","Courroux","GE564","Courroux",NA,NA,"595451","245988",416,6,"09","06","vi","2025","Bombus","hortorum aggr.",NA,1,NA,"G. Egloff","C. Praz",NA,NA,NA,"Bombus hortorum aggr.","LC",NA,NA,NA,NA,NA
565,"GE565",8,"focal","Scheulte",2595451,1245988,416,"JU","09.06.2025","3","F.SC.JU.3.8","G. Egloff","Courroux","GE565","Courroux",NA,NA,"595451","245988",416,6,"09","06","vi","2025","Bombus","subterraneus",NA,1,NA,"G. Egloff","C. Praz",NA,NA,NA,"Bombus subterraneus","NT",NA,NA,NA,NA,NA
566,"GE566",8,"focal","Scheulte",2595451,1245988,416,"JU","09.06.2025","3","F.SC.JU.3.8","G. Egloff","Courroux","GE566","Courroux",NA,NA,"595451","245988",416,6,"09","06","vi","2025","Bombus","pratorum",NA,NA,1,"G. Egloff","C. Praz",NA,NA,NA,"Bombus pratorum","LC",NA,NA,NA,NA,NA
567,"GE567",8,"focal","Scheulte",2595451,1245988,416,"JU","09.06.2025","3","F.SC.JU.3.8","G. Egloff","Courroux","GE567","Courroux",NA,NA,"595451","245988",416,6,"09","06","vi","2025","Bombus","hypnorum",NA,1,NA,"G. Egloff","C. Praz",NA,NA,NA,"Bombus hypnorum","LC",NA,NA,NA,NA,NA
568,"GE568",8,"focal","Scheulte",2595451,1245988,416,"JU","09.06.2025","3","F.SC.JU.3.8","G. Egloff","Courroux","GE568","Courroux",NA,NA,"595451","245988",416,6,"09","06","vi","2025","Bombus","hypnorum",NA,1,NA,"G. Egloff","C. Praz",NA,NA,NA,"Bombus hypnorum","LC",NA,NA,NA,NA,NA
569,"GE569",8,"focal","Scheulte",2595451,1245988,416,"JU","09.06.2025","3","F.SC.JU.3.8","G. Egloff","Courroux","GE569","Courroux",NA,NA,"595451","245988",416,6,"09","06","vi","2025","Bombus","ruderarius",NA,1,NA,"G. Egloff","C. Praz",NA,NA,NA,"Bombus ruderarius","LC",NA,NA,NA,NA,NA
570,"GE570",8,"focal","Scheulte",2595451,1245988,416,"JU","09.06.2025","3","F.SC.JU.3.8","G. Egloff","Courroux","GE570","Courroux",NA,NA,"595451","245988",416,6,"09","06","vi","2025","Bombus","pratorum",NA,1,NA,"G. Egloff","C. Praz",NA,NA,NA,"Bombus pratorum","LC",NA,NA,NA,NA,NA
571,"GE571",8,"focal","Scheulte",2595451,1245988,416,"JU","09.06.2025","3","F.SC.JU.3.8","G. Egloff","Courroux","GE571","Courroux",NA,NA,"595451","245988",416,6,"09","06","vi","2025","Andrena","minutuloides",1,NA,NA,"G. Egloff","C. Praz",NA,NA,NA,"Andrena minutuloides","LC",NA,NA,NA,NA,NA
572,"GE572",8,"focal","Scheulte",2595451,1245988,416,"JU","09.06.2025","3","F.SC.JU.3.8","G. Egloff","Courroux","GE572","Courroux",NA,NA,"595451","245988",416,6,"09","06","vi","2025","Bombus","ruderarius",NA,1,NA,"G. Egloff","C. Praz",NA,NA,NA,"Bombus ruderarius","LC",NA,NA,NA,NA,NA
573,"GE573",8,"focal","Scheulte",2595451,1245988,416,"JU","09.06.2025","3","F.SC.JU.3.8","G. Egloff","Courroux","GE573","Courroux",NA,NA,"595451","245988",416,6,"09","06","vi","2025","Bombus","lapidarius",NA,1,NA,"G. Egloff","C. Praz",NA,NA,NA,"Bombus lapidarius","LC",NA,NA,NA,NA,NA
574,"GE574",8,"focal","Scheulte",2595451,1245988,416,"JU","09.06.2025","3","F.SC.JU.3.8","G. Egloff","Courroux","GE574","Courroux",NA,NA,"595451","245988",416,6,"09","06","vi","2025","Andrena","minutuloides",1,NA,NA,"G. Egloff","C. Praz",NA,NA,NA,"Andrena minutuloides","LC",NA,NA,NA,NA,NA
575,"GE575",8,"focal","Scheulte",2595451,1245988,416,"JU","09.06.2025","3","F.SC.JU.3.8","G. Egloff","Courroux","GE575","Courroux",NA,NA,"595451","245988",416,6,"09","06","vi","2025","Bombus","pascuorum",NA,1,NA,"G. Egloff","C. Praz","Used for teaching",NA,NA,"Bombus pascuorum","LC",NA,NA,NA,NA,NA
576,"GE576",8,"focal","Scheulte",2595451,1245988,416,"JU","09.06.2025","3","F.SC.JU.3.8","G. Egloff","Courroux","GE576","Courroux",NA,NA,"595451","245988",416,6,"09","06","vi","2025","Bombus","hortorum",NA,1,NA,"G. Egloff","C. Praz",NA,NA,NA,"Bombus hortorum","LC",NA,NA,NA,NA,NA
577,"GE577",8,"focal","Scheulte",2595451,1245988,416,"JU","09.06.2025","3","F.SC.JU.3.8","G. Egloff","Courroux","GE577","Courroux",NA,NA,"595451","245988",416,6,"09","06","vi","2025","Lasioglossum","politum",1,NA,NA,"G. Egloff","C. Praz",NA,NA,NA,"Lasioglossum politum","LC",NA,NA,NA,NA,NA
578,"GE578",8,"focal","Scheulte",2595451,1245988,416,"JU","09.06.2025","3","F.SC.JU.3.8","G. Egloff","Courroux","GE578","Courroux",NA,NA,"595451","245988",416,6,"09","06","vi","2025","Bombus","pratorum",NA,NA,1,"G. Egloff","C. Praz",NA,NA,NA,"Bombus pratorum","LC",NA,NA,NA,NA,NA
579,"GE579",8,"focal","Scheulte",2595451,1245988,416,"JU","09.06.2025","3","F.SC.JU.3.8","G. Egloff","Courroux","GE579","Courroux",NA,NA,"595451","245988",416,6,"09","06","vi","2025","Bombus","hortorum",NA,1,NA,"G. Egloff","C. Praz",NA,NA,NA,"Bombus hortorum","LC",NA,NA,NA,NA,NA
580,"GE580",8,"focal","Scheulte",2595451,1245988,416,"JU","09.06.2025","3","F.SC.JU.3.8","G. Egloff","Courroux","GE580","Courroux",NA,NA,"595451","245988",416,6,"09","06","vi","2025","Bombus","subterraneus",NA,1,NA,"G. Egloff","C. Praz",NA,NA,NA,"Bombus subterraneus","NT",NA,NA,NA,NA,NA
581,"GE581",7,"focal","Scheulte",2595436,1245984,416,"JU","09.06.2025","3","F.SC.JU.3.7","G. Egloff","Courroux","GE581","Courroux",NA,NA,"595436","245984",416,6,"09","06","vi","2025","Bombus","lapidarius",NA,1,NA,"G. Egloff","C. Praz",NA,NA,NA,"Bombus lapidarius","LC",NA,NA,NA,NA,NA
582,"GE582",7,"focal","Scheulte",2595436,1245984,416,"JU","09.06.2025","3","F.SC.JU.3.7","G. Egloff","Courroux","GE582","Courroux",NA,NA,"595436","245984",416,6,"09","06","vi","2025","Bombus","pratorum",NA,NA,1,"G. Egloff","C. Praz",NA,NA,NA,"Bombus pratorum","LC",NA,NA,NA,NA,NA
583,"GE583",7,"focal","Scheulte",2595436,1245984,416,"JU","09.06.2025","3","F.SC.JU.3.7","G. Egloff","Courroux","GE583","Courroux",NA,NA,"595436","245984",416,6,"09","06","vi","2025","Hoplitis","adunca",NA,NA,1,"G. Egloff","C. Praz",NA,NA,NA,"Hoplitis adunca","LC",NA,NA,NA,NA,NA
584,"GE584",6,"focal","Scheulte",2595423,1245999,417,"JU","09.06.2025","3","F.SC.JU.3.6","G. Egloff","Courroux","GE584","Courroux",NA,NA,"595423","245999",417,6,"09","06","vi","2025","Bombus","ruderarius",NA,1,NA,"G. Egloff","C. Praz",NA,NA,NA,"Bombus ruderarius","LC",NA,NA,NA,NA,NA
585,"GE585",6,"focal","Scheulte",2595423,1245999,417,"JU","09.06.2025","3","F.SC.JU.3.6","G. Egloff","Courroux","GE585","Courroux",NA,NA,"595423","245999",417,6,"09","06","vi","2025","Bombus","ruderatus",NA,1,NA,"G. Egloff","C. Praz",NA,NA,NA,"Bombus ruderatus","LC",NA,NA,NA,NA,NA
586,"GE586",6,"focal","Scheulte",2595423,1245999,417,"JU","09.06.2025","3","F.SC.JU.3.6","G. Egloff","Courroux","GE586","Courroux",NA,NA,"595423","245999",417,6,"09","06","vi","2025","Bombus","lapidarius",NA,1,NA,"G. Egloff","C. Praz",NA,NA,NA,"Bombus lapidarius","LC",NA,NA,NA,NA,NA
587,"GE587",6,"focal","Scheulte",2595423,1245999,417,"JU","09.06.2025","3","F.SC.JU.3.6","G. Egloff","Courroux","GE587","Courroux",NA,NA,"595423","245999",417,6,"09","06","vi","2025","Bombus","terrestris aggr.",NA,1,NA,"G. Egloff","C. Praz",NA,NA,NA,"Bombus terrestris aggr.","LC",NA,NA,NA,NA,NA
588,"GE588",6,"focal","Scheulte",2595423,1245999,417,"JU","09.06.2025","3","F.SC.JU.3.6","G. Egloff","Courroux","GE588","Courroux",NA,NA,"595423","245999",417,6,"09","06","vi","2025","Bombus","hortorum",NA,1,NA,"G. Egloff","C. Praz",NA,NA,NA,"Bombus hortorum","LC",NA,NA,NA,NA,NA
589,"GE589",6,"focal","Scheulte",2595423,1245999,417,"JU","09.06.2025","3","F.SC.JU.3.6","G. Egloff","Courroux","GE589","Courroux",NA,NA,"595423","245999",417,6,"09","06","vi","2025","Bombus","lapidarius",NA,1,NA,"G. Egloff","C. Praz",NA,NA,NA,"Bombus lapidarius","LC",NA,NA,NA,NA,NA
590,"GE590",6,"focal","Scheulte",2595423,1245999,417,"JU","09.06.2025","3","F.SC.JU.3.6","G. Egloff","Courroux","GE590","Courroux",NA,NA,"595423","245999",417,6,"09","06","vi","2025","Bombus","lapidarius",NA,1,NA,"G. Egloff","C. Praz",NA,NA,NA,"Bombus lapidarius","LC",NA,NA,NA,NA,NA
591,"GE591",6,"focal","Scheulte",2595423,1245999,417,"JU","09.06.2025","3","F.SC.JU.3.6","G. Egloff","Courroux","GE591","Courroux",NA,NA,"595423","245999",417,6,"09","06","vi","2025","Bombus","lapidarius",NA,1,NA,"G. Egloff","C. Praz",NA,NA,NA,"Bombus lapidarius","LC",NA,NA,NA,NA,NA
592,"GE592",6,"focal","Scheulte",2595423,1245999,417,"JU","09.06.2025","3","F.SC.JU.3.6","G. Egloff","Courroux","GE592","Courroux",NA,NA,"595423","245999",417,6,"09","06","vi","2025","Bombus","lapidarius",NA,1,NA,"G. Egloff","C. Praz",NA,NA,NA,"Bombus lapidarius","LC",NA,NA,NA,NA,NA
593,"GE593",6,"focal","Scheulte",2595423,1245999,417,"JU","09.06.2025","3","F.SC.JU.3.6","G. Egloff","Courroux","GE593","Courroux",NA,NA,"595423","245999",417,6,"09","06","vi","2025","Bombus","hortorum aggr.",NA,1,NA,"G. Egloff","C. Praz",NA,NA,NA,"Bombus hortorum aggr.","LC",NA,NA,NA,NA,NA
594,"GE594",6,"focal","Scheulte",2595423,1245999,417,"JU","09.06.2025","3","F.SC.JU.3.6","G. Egloff","Courroux","GE594","Courroux",NA,NA,"595423","245999",417,6,"09","06","vi","2025","Bombus","humilis",NA,1,NA,"G. Egloff","C. Praz",NA,NA,NA,"Bombus humilis","LC",NA,NA,NA,NA,NA
595,"GE595",6,"focal","Scheulte",2595423,1245999,417,"JU","09.06.2025","3","F.SC.JU.3.6","G. Egloff","Courroux","GE595","Courroux",NA,NA,"595423","245999",417,6,"09","06","vi","2025","Bombus","lapidarius",NA,1,NA,"G. Egloff","C. Praz",NA,NA,NA,"Bombus lapidarius","LC",NA,NA,NA,NA,NA
596,"GE596",6,"focal","Scheulte",2595423,1245999,417,"JU","09.06.2025","3","F.SC.JU.3.6","G. Egloff","Courroux","GE596","Courroux",NA,NA,"595423","245999",417,6,"09","06","vi","2025","Bombus","humilis",NA,1,NA,"G. Egloff","C. Praz",NA,NA,NA,"Bombus humilis","LC",NA,NA,NA,NA,NA
597,"GE597",6,"focal","Scheulte",2595423,1245999,417,"JU","09.06.2025","3","F.SC.JU.3.6","G. Egloff","Courroux","GE597","Courroux",NA,NA,"595423","245999",417,6,"09","06","vi","2025","Bombus","pratorum",NA,1,NA,"G. Egloff","C. Praz",NA,NA,NA,"Bombus pratorum","LC",NA,NA,NA,NA,NA
598,"GE598",6,"focal","Scheulte",2595423,1245999,417,"JU","09.06.2025","3","F.SC.JU.3.6","G. Egloff","Courroux","GE598","Courroux",NA,NA,"595423","245999",417,6,"09","06","vi","2025","Bombus","humilis",NA,1,NA,"G. Egloff","C. Praz",NA,NA,NA,"Bombus humilis","LC",NA,NA,NA,NA,NA
599,"GE599",6,"focal","Scheulte",2595423,1245999,417,"JU","09.06.2025","3","F.SC.JU.3.6","G. Egloff","Courroux","GE599","Courroux",NA,NA,"595423","245999",417,6,"09","06","vi","2025","Bombus","sylvestris",NA,1,NA,"G. Egloff","C. Praz",NA,NA,NA,"Bombus sylvestris","LC",NA,NA,NA,NA,NA
600,"GE600",6,"focal","Scheulte",2595423,1245999,417,"JU","09.06.2025","3","F.SC.JU.3.6","G. Egloff","Courroux","GE600","Courroux",NA,NA,"595423","245999",417,6,"09","06","vi","2025","Bombus","pascuorum",NA,1,NA,"G. Egloff","C. Praz","Used for teaching",NA,NA,"Bombus pascuorum","LC",NA,NA,NA,NA,NA
601,"GE601",6,"focal","Scheulte",2595423,1245999,417,"JU","09.06.2025","3","F.SC.JU.3.6","G. Egloff","Courroux","GE601","Courroux",NA,NA,"595423","245999",417,6,"09","06","vi","2025","Halictus","simplex aggr.",1,NA,NA,"G. Egloff","C. Praz",NA,NA,NA,"Halictus simplex aggr.","LC",NA,NA,NA,NA,NA
602,"GE602",6,"focal","Scheulte",2595423,1245999,417,"JU","09.06.2025","3","F.SC.JU.3.6","G. Egloff","Courroux","GE602","Courroux",NA,NA,"595423","245999",417,6,"09","06","vi","2025","Halictus","simplex aggr.",1,NA,NA,"G. Egloff","C. Praz",NA,NA,NA,"Halictus simplex aggr.","LC",NA,NA,NA,NA,NA
603,"GE603",6,"focal","Scheulte",2595423,1245999,417,"JU","09.06.2025","3","F.SC.JU.3.6","G. Egloff","Courroux","GE603","Courroux",NA,NA,"595423","245999",417,6,"09","06","vi","2025","Lasioglossum","morio",1,NA,NA,"G. Egloff","C. Praz",NA,NA,NA,"Lasioglossum morio","LC",NA,NA,NA,NA,NA
604,"GE604",6,"focal","Scheulte",2595423,1245999,417,"JU","09.06.2025","3","F.SC.JU.3.6","G. Egloff","Courroux","GE604","Courroux",NA,NA,"595423","245999",417,6,"09","06","vi","2025","Lasioglossum","morio",NA,NA,1,"G. Egloff","C. Praz",NA,NA,NA,"Lasioglossum morio","LC",NA,NA,NA,NA,NA
605,"GE605",6,"focal","Scheulte",2595423,1245999,417,"JU","09.06.2025","3","F.SC.JU.3.6","G. Egloff","Courroux","GE605","Courroux",NA,NA,"595423","245999",417,6,"09","06","vi","2025","Osmia","aurulenta",1,NA,NA,"G. Egloff","C. Praz","Used for teaching",NA,NA,"Osmia aurulenta","LC",NA,NA,NA,NA,NA
606,"GE606",6,"focal","Scheulte",2595423,1245999,417,"JU","09.06.2025","3","F.SC.JU.3.6","G. Egloff","Courroux","GE606","Courroux",NA,NA,"595423","245999",417,6,"09","06","vi","2025","Halictus","tumulorum",1,NA,NA,"G. Egloff","C. Praz",NA,NA,NA,"Halictus tumulorum","LC",NA,NA,NA,NA,NA
607,"GE607",6,"focal","Scheulte",2595423,1245999,417,"JU","09.06.2025","3","F.SC.JU.3.6","G. Egloff","Courroux","GE607","Courroux",NA,NA,"595423","245999",417,6,"09","06","vi","2025","Hoplitis","claviventris",1,NA,NA,"G. Egloff","C. Praz",NA,NA,NA,"Hoplitis claviventris","LC",NA,NA,NA,NA,NA
608,"GE608",6,"focal","Scheulte",2595423,1245999,417,"JU","09.06.2025","3","F.SC.JU.3.6","G. Egloff","Courroux","GE608","Courroux",NA,NA,"595423","245999",417,6,"09","06","vi","2025","Bombus","humilis",NA,1,NA,"G. Egloff","C. Praz",NA,NA,NA,"Bombus humilis","LC",NA,NA,NA,NA,NA
609,"GE609",6,"focal","Scheulte",2595423,1245999,417,"JU","09.06.2025","3","F.SC.JU.3.6","G. Egloff","Courroux","GE609","Courroux",NA,NA,"595423","245999",417,6,"09","06","vi","2025","Megachile","willughbiella",NA,NA,1,"G. Egloff","C. Praz",NA,NA,NA,"Megachile willughbiella","LC",NA,NA,NA,NA,NA
610,"GE610",4,"focal","Scheulte",2595385,1246005,416,"JU","09.06.2025","3","F.SC.JU.3.4","G. Egloff","Courroux","GE610","Courroux",NA,NA,"595385","246005",416,6,"09","06","vi","2025","Anthidium","manicatum",1,NA,NA,"G. Egloff","C. Praz",NA,NA,NA,"Anthidium manicatum","LC",NA,NA,NA,NA,NA
611,"GE611",4,"focal","Scheulte",2595385,1246005,416,"JU","09.06.2025","3","F.SC.JU.3.4","G. Egloff","Courroux","GE611","Courroux",NA,NA,"595385","246005",416,6,"09","06","vi","2025","Ceratina","cyanea",1,NA,NA,"G. Egloff","C. Praz",NA,NA,NA,"Ceratina cyanea","LC",NA,NA,NA,NA,NA
612,"GE612",4,"focal","Scheulte",2595385,1246005,416,"JU","09.06.2025","3","F.SC.JU.3.4","G. Egloff","Courroux","GE612","Courroux",NA,NA,"595385","246005",416,6,"09","06","vi","2025","Andrena","labialis",1,NA,NA,"G. Egloff","C. Praz",NA,NA,NA,"Andrena labialis","LC",NA,NA,NA,NA,NA
613,"GE613",4,"focal","Scheulte",2595385,1246005,416,"JU","09.06.2025","3","F.SC.JU.3.4","G. Egloff","Courroux","GE613","Courroux",NA,NA,"595385","246005",416,6,"09","06","vi","2025","Bombus","pratorum",NA,1,NA,"G. Egloff","C. Praz",NA,NA,NA,"Bombus pratorum","LC",NA,NA,NA,NA,NA
614,"GE614",4,"focal","Scheulte",2595385,1246005,416,"JU","09.06.2025","3","F.SC.JU.3.4","G. Egloff","Courroux","GE614","Courroux",NA,NA,"595385","246005",416,6,"09","06","vi","2025","Bombus","terrestris aggr.",NA,1,NA,"G. Egloff","C. Praz",NA,NA,NA,"Bombus terrestris aggr.","LC",NA,NA,NA,NA,NA
615,"GE615",4,"focal","Scheulte",2595385,1246005,416,"JU","09.06.2025","3","F.SC.JU.3.4","G. Egloff","Courroux","GE615","Courroux",NA,NA,"595385","246005",416,6,"09","06","vi","2025","Bombus","pratorum",NA,NA,1,"G. Egloff","C. Praz",NA,NA,NA,"Bombus pratorum","LC",NA,NA,NA,NA,NA
616,"GE616",4,"focal","Scheulte",2595385,1246005,416,"JU","09.06.2025","3","F.SC.JU.3.4","G. Egloff","Courroux","GE616","Courroux",NA,NA,"595385","246005",416,6,"09","06","vi","2025","Bombus","lapidarius",NA,1,NA,"G. Egloff","C. Praz",NA,NA,NA,"Bombus lapidarius","LC",NA,NA,NA,NA,NA
617,"GE617",4,"focal","Scheulte",2595385,1246005,416,"JU","09.06.2025","3","F.SC.JU.3.4","G. Egloff","Courroux","GE617","Courroux",NA,NA,"595385","246005",416,6,"09","06","vi","2025","Bombus","terrestris aggr.",NA,1,NA,"G. Egloff","C. Praz",NA,NA,NA,"Bombus terrestris aggr.","LC",NA,NA,NA,NA,NA
618,"GE618",4,"focal","Scheulte",2595385,1246005,416,"JU","09.06.2025","3","F.SC.JU.3.4","G. Egloff","Courroux","GE618","Courroux",NA,NA,"595385","246005",416,6,"09","06","vi","2025","Bombus","lapidarius",NA,1,NA,"G. Egloff","C. Praz",NA,NA,NA,"Bombus lapidarius","LC",NA,NA,NA,NA,NA
619,"GE619",4,"focal","Scheulte",2595385,1246005,416,"JU","09.06.2025","3","F.SC.JU.3.4","G. Egloff","Courroux","GE619","Courroux",NA,NA,"595385","246005",416,6,"09","06","vi","2025","Bombus","pratorum",NA,1,NA,"G. Egloff","C. Praz",NA,NA,NA,"Bombus pratorum","LC",NA,NA,NA,NA,NA
620,"GE620",4,"focal","Scheulte",2595385,1246005,416,"JU","09.06.2025","3","F.SC.JU.3.4","G. Egloff","Courroux","GE620","Courroux",NA,NA,"595385","246005",416,6,"09","06","vi","2025","Bombus","terrestris aggr.",NA,1,NA,"G. Egloff","C. Praz",NA,NA,NA,"Bombus terrestris aggr.","LC",NA,NA,NA,NA,NA
621,"GE621",4,"focal","Scheulte",2595385,1246005,416,"JU","09.06.2025","3","F.SC.JU.3.4","G. Egloff","Courroux","GE621","Courroux",NA,NA,"595385","246005",416,6,"09","06","vi","2025","Bombus","lapidarius",NA,1,NA,"G. Egloff","C. Praz",NA,NA,NA,"Bombus lapidarius","LC",NA,NA,NA,NA,NA
622,"GE622",4,"focal","Scheulte",2595385,1246005,416,"JU","09.06.2025","3","F.SC.JU.3.4","G. Egloff","Courroux","GE622","Courroux",NA,NA,"595385","246005",416,6,"09","06","vi","2025","Bombus","pascuorum",NA,1,NA,"G. Egloff","C. Praz","Used for teaching",NA,NA,"Bombus pascuorum","LC",NA,NA,NA,NA,NA
623,"GE623",4,"focal","Scheulte",2595385,1246005,416,"JU","09.06.2025","3","F.SC.JU.3.4","G. Egloff","Courroux","GE623","Courroux",NA,NA,"595385","246005",416,6,"09","06","vi","2025","Bombus","humilis",NA,1,NA,"G. Egloff","C. Praz",NA,NA,NA,"Bombus humilis","LC",NA,NA,NA,NA,NA
624,"GE624",4,"focal","Scheulte",2595385,1246005,416,"JU","09.06.2025","3","F.SC.JU.3.4","G. Egloff","Courroux","GE624","Courroux",NA,NA,"595385","246005",416,6,"09","06","vi","2025","Bombus","hypnorum",NA,1,NA,"G. Egloff","C. Praz",NA,NA,NA,"Bombus hypnorum","LC",NA,NA,NA,NA,NA
625,"GE625",4,"focal","Scheulte",2595385,1246005,416,"JU","09.06.2025","3","F.SC.JU.3.4","G. Egloff","Courroux","GE625","Courroux",NA,NA,"595385","246005",416,6,"09","06","vi","2025","Bombus","hypnorum",NA,1,NA,"G. Egloff","C. Praz",NA,NA,NA,"Bombus hypnorum","LC",NA,NA,NA,NA,NA
626,"GE626",5,"focal","Scheulte",2595418,1245990,416,"JU","09.06.2025","3","F.SC.JU.3.5","G. Egloff","Courroux","GE626","Courroux",NA,NA,"595418","245990",416,6,"09","06","vi","2025","Osmia","aurulenta",1,NA,NA,"G. Egloff","C. Praz",NA,NA,NA,"Osmia aurulenta","LC",NA,NA,NA,NA,NA
627,"GE627",5,"focal","Scheulte",2595418,1245990,416,"JU","09.06.2025","3","F.SC.JU.3.5","G. Egloff","Courroux","GE627","Courroux",NA,NA,"595418","245990",416,6,"09","06","vi","2025","Halictus","simplex aggr.",1,NA,NA,"G. Egloff","C. Praz",NA,NA,NA,"Halictus simplex aggr.","LC",NA,NA,NA,NA,NA
628,"GE628",5,"focal","Scheulte",2595418,1245990,416,"JU","09.06.2025","3","F.SC.JU.3.5","G. Egloff","Courroux","GE628","Courroux",NA,NA,"595418","245990",416,6,"09","06","vi","2025","Bombus","hypnorum",NA,1,NA,"G. Egloff","C. Praz",NA,NA,NA,"Bombus hypnorum","LC",NA,NA,NA,NA,NA
629,"GE629",5,"focal","Scheulte",2595418,1245990,416,"JU","09.06.2025","3","F.SC.JU.3.5","G. Egloff","Courroux","GE629","Courroux",NA,NA,"595418","245990",416,6,"09","06","vi","2025","Bombus","pratorum",NA,NA,1,"G. Egloff","C. Praz",NA,NA,NA,"Bombus pratorum","LC",NA,NA,NA,NA,NA
630,"GE630",5,"focal","Scheulte",2595418,1245990,416,"JU","09.06.2025","3","F.SC.JU.3.5","G. Egloff","Courroux","GE630","Courroux",NA,NA,"595418","245990",416,6,"09","06","vi","2025","Bombus","lapidarius",NA,1,NA,"G. Egloff","C. Praz",NA,NA,NA,"Bombus lapidarius","LC",NA,NA,NA,NA,NA
631,"GE631",5,"focal","Scheulte",2595418,1245990,416,"JU","09.06.2025","3","F.SC.JU.3.5","G. Egloff","Courroux","GE631","Courroux",NA,NA,"595418","245990",416,6,"09","06","vi","2025","Bombus","pratorum",NA,1,NA,"G. Egloff","C. Praz",NA,NA,NA,"Bombus pratorum","LC",NA,NA,NA,NA,NA
632,"GE632",5,"focal","Scheulte",2595418,1245990,416,"JU","09.06.2025","3","F.SC.JU.3.5","G. Egloff","Courroux","GE632","Courroux",NA,NA,"595418","245990",416,6,"09","06","vi","2025","Bombus","lapidarius",NA,1,NA,"G. Egloff","C. Praz",NA,NA,NA,"Bombus lapidarius","LC",NA,NA,NA,NA,NA
633,"GE633",5,"focal","Scheulte",2595418,1245990,416,"JU","09.06.2025","3","F.SC.JU.3.5","G. Egloff","Courroux","GE633","Courroux",NA,NA,"595418","245990",416,6,"09","06","vi","2025","Bombus","hypnorum",NA,1,NA,"G. Egloff","C. Praz",NA,NA,NA,"Bombus hypnorum","LC",NA,NA,NA,NA,NA
634,"GE634",5,"focal","Scheulte",2595418,1245990,416,"JU","09.06.2025","3","F.SC.JU.3.5","G. Egloff","Courroux","GE634","Courroux",NA,NA,"595418","245990",416,6,"09","06","vi","2025","Bombus","ruderatus",NA,1,NA,"G. Egloff","C. Praz",NA,NA,NA,"Bombus ruderatus","LC",NA,NA,NA,NA,NA
635,"GE635",5,"focal","Scheulte",2595418,1245990,416,"JU","09.06.2025","3","F.SC.JU.3.5","G. Egloff","Courroux","GE635","Courroux",NA,NA,"595418","245990",416,6,"09","06","vi","2025","Bombus","pascuorum",NA,1,NA,"G. Egloff","C. Praz","Used for teaching",NA,NA,"Bombus pascuorum","LC",NA,NA,NA,NA,NA
636,"GE636",2,"focal","Scheulte",2595336,1245989,416,"JU","09.06.2025","3","F.SC.JU.3.2","G. Egloff","Courroux","GE636","Courroux",NA,NA,"595336","245989",416,6,"09","06","vi","2025","Bombus","lapidarius",NA,1,NA,"G. Egloff","C. Praz",NA,NA,NA,"Bombus lapidarius","LC",NA,NA,NA,NA,NA
637,"GE637",2,"focal","Scheulte",2595336,1245989,416,"JU","09.06.2025","3","F.SC.JU.3.2","G. Egloff","Courroux","GE637","Courroux",NA,NA,"595336","245989",416,6,"09","06","vi","2025","Bombus","lapidarius",NA,1,NA,"G. Egloff","C. Praz",NA,NA,NA,"Bombus lapidarius","LC",NA,NA,NA,NA,NA
638,"GE638",2,"focal","Scheulte",2595336,1245989,416,"JU","09.06.2025","3","F.SC.JU.3.2","G. Egloff","Courroux","GE638","Courroux",NA,NA,"595336","245989",416,6,"09","06","vi","2025","Lasioglossum","zonulum",1,NA,NA,"G. Egloff","C. Praz",NA,NA,NA,"Lasioglossum zonulum","LC",NA,NA,NA,NA,NA
639,"GE639",2,"focal","Scheulte",2595336,1245989,416,"JU","09.06.2025","3","F.SC.JU.3.2","G. Egloff","Courroux","GE639","Courroux",NA,NA,"595336","245989",416,6,"09","06","vi","2025","Ceratina","chalybea",1,NA,NA,"G. Egloff","C. Praz",NA,NA,NA,"Ceratina chalybea","LC",NA,NA,NA,NA,NA
640,"GE640",2,"focal","Scheulte",2595336,1245989,416,"JU","09.06.2025","3","F.SC.JU.3.2","G. Egloff","Courroux","GE640","Courroux",NA,NA,"595336","245989",416,6,"09","06","vi","2025","Hoplitis","claviventris",1,NA,NA,"G. Egloff","C. Praz",NA,NA,NA,"Hoplitis claviventris","LC",NA,NA,NA,NA,NA
641,"GE641",2,"focal","Scheulte",2595336,1245989,416,"JU","09.06.2025","3","F.SC.JU.3.2","G. Egloff","Courroux","GE641","Courroux",NA,NA,"595336","245989",416,6,"09","06","vi","2025","Halictus","simplex aggr.",1,NA,NA,"G. Egloff","C. Praz",NA,NA,NA,"Halictus simplex aggr.","LC",NA,NA,NA,NA,NA
642,"GE642",2,"focal","Scheulte",2595336,1245989,416,"JU","09.06.2025","3","F.SC.JU.3.2","G. Egloff","Courroux","GE642","Courroux",NA,NA,"595336","245989",416,6,"09","06","vi","2025","Lasioglossum","malachurum",1,NA,NA,"G. Egloff","C. Praz",NA,NA,NA,"Lasioglossum malachurum","LC",NA,NA,NA,NA,NA
643,"GE643",2,"focal","Scheulte",2595336,1245989,416,"JU","09.06.2025","3","F.SC.JU.3.2","G. Egloff","Courroux","GE643","Courroux",NA,NA,"595336","245989",416,6,"09","06","vi","2025","Halictus","tumulorum",1,NA,NA,"G. Egloff","C. Praz",NA,NA,NA,"Halictus tumulorum","LC",NA,NA,NA,NA,NA
644,"GE644",2,"focal","Scheulte",2595336,1245989,416,"JU","09.06.2025","3","F.SC.JU.3.2","G. Egloff","Courroux","GE644","Courroux",NA,NA,"595336","245989",416,6,"09","06","vi","2025","Halictus","tumulorum",1,NA,NA,"G. Egloff","C. Praz",NA,NA,NA,"Halictus tumulorum","LC",NA,NA,NA,NA,NA
645,"GE645",2,"focal","Scheulte",2595336,1245989,416,"JU","09.06.2025","3","F.SC.JU.3.2","G. Egloff","Courroux","GE645","Courroux",NA,NA,"595336","245989",416,6,"09","06","vi","2025","Lasioglossum","glabriusculum",1,NA,NA,"G. Egloff","C. Praz",NA,NA,NA,"Lasioglossum glabriusculum","LC",NA,NA,NA,NA,NA
646,"GE646",2,"focal","Scheulte",2595336,1245989,416,"JU","09.06.2025","3","F.SC.JU.3.2","G. Egloff","Courroux","GE646","Courroux",NA,NA,"595336","245989",416,6,"09","06","vi","2025","Megachile","ericetorum",NA,NA,1,"G. Egloff","C. Praz",NA,NA,NA,"Megachile ericetorum","LC",NA,NA,NA,NA,NA
647,"GE647",2,"focal","Scheulte",2595336,1245989,416,"JU","09.06.2025","3","F.SC.JU.3.2","G. Egloff","Courroux","GE647","Courroux",NA,NA,"595336","245989",416,6,"09","06","vi","2025","Osmia","aurulenta",1,NA,NA,"G. Egloff","C. Praz",NA,NA,NA,"Osmia aurulenta","LC",NA,NA,NA,NA,NA
648,"GE648",2,"focal","Scheulte",2595336,1245989,416,"JU","09.06.2025","3","F.SC.JU.3.2","G. Egloff","Courroux","GE648","Courroux",NA,NA,"595336","245989",416,6,"09","06","vi","2025","Bombus","subterraneus",NA,1,NA,"G. Egloff","C. Praz",NA,NA,NA,"Bombus subterraneus","NT",NA,NA,NA,NA,NA
649,"GE649",2,"focal","Scheulte",2595336,1245989,416,"JU","09.06.2025","3","F.SC.JU.3.2","G. Egloff","Courroux","GE649","Courroux",NA,NA,"595336","245989",416,6,"09","06","vi","2025","Bombus","lapidarius",NA,1,NA,"G. Egloff","C. Praz",NA,NA,NA,"Bombus lapidarius","LC",NA,NA,NA,NA,NA
650,"GE650",2,"focal","Scheulte",2595336,1245989,416,"JU","09.06.2025","3","F.SC.JU.3.2","G. Egloff","Courroux","GE650","Courroux",NA,NA,"595336","245989",416,6,"09","06","vi","2025","Bombus","lapidarius",NA,1,NA,"G. Egloff","C. Praz",NA,NA,NA,"Bombus lapidarius","LC",NA,NA,NA,NA,NA
651,"GE651",2,"focal","Scheulte",2595336,1245989,416,"JU","09.06.2025","3","F.SC.JU.3.2","G. Egloff","Courroux","GE651","Courroux",NA,NA,"595336","245989",416,6,"09","06","vi","2025","Bombus","hortorum",NA,1,NA,"G. Egloff","C. Praz",NA,NA,NA,"Bombus hortorum","LC",NA,NA,NA,NA,NA
652,"GE652",2,"focal","Scheulte",2595336,1245989,416,"JU","09.06.2025","3","F.SC.JU.3.2","G. Egloff","Courroux","GE652","Courroux",NA,NA,"595336","245989",416,6,"09","06","vi","2025","Bombus","hortorum aggr.",NA,1,NA,"G. Egloff","C. Praz",NA,NA,NA,"Bombus hortorum aggr.","LC",NA,NA,NA,NA,NA
653,"GE653",2,"focal","Scheulte",2595336,1245989,416,"JU","09.06.2025","3","F.SC.JU.3.2","G. Egloff","Courroux","GE653","Courroux",NA,NA,"595336","245989",416,6,"09","06","vi","2025","Bombus","pascuorum",NA,1,NA,"G. Egloff","C. Praz","Used for teaching",NA,NA,"Bombus pascuorum","LC",NA,NA,NA,NA,NA
654,"GE654",2,"focal","Scheulte",2595336,1245989,416,"JU","09.06.2025","3","F.SC.JU.3.2","G. Egloff","Courroux","GE654","Courroux",NA,NA,"595336","245989",416,6,"09","06","vi","2025","Bombus","humilis",NA,1,NA,"G. Egloff","C. Praz",NA,NA,NA,"Bombus humilis","LC",NA,NA,NA,NA,NA
655,"GE655",2,"focal","Scheulte",2595336,1245989,416,"JU","09.06.2025","3","F.SC.JU.3.2","G. Egloff","Courroux","GE655","Courroux",NA,NA,"595336","245989",416,6,"09","06","vi","2025","Bombus","humilis",NA,1,NA,"G. Egloff","C. Praz",NA,NA,NA,"Bombus humilis","LC",NA,NA,NA,NA,NA
656,"GE656",2,"focal","Scheulte",2595336,1245989,416,"JU","09.06.2025","3","F.SC.JU.3.2","G. Egloff","Courroux","GE656","Courroux",NA,NA,"595336","245989",416,6,"09","06","vi","2025","Bombus","pascuorum",NA,1,NA,"G. Egloff","C. Praz","Used for teaching",NA,NA,"Bombus pascuorum","LC",NA,NA,NA,NA,NA
657,"GE657",2,"focal","Scheulte",2595336,1245989,416,"JU","09.06.2025","3","F.SC.JU.3.2","G. Egloff","Courroux","GE657","Courroux",NA,NA,"595336","245989",416,6,"09","06","vi","2025","Bombus","lapidarius",NA,1,NA,"G. Egloff","C. Praz",NA,NA,NA,"Bombus lapidarius","LC",NA,NA,NA,NA,NA
658,"GE658",2,"focal","Scheulte",2595336,1245989,416,"JU","09.06.2025","3","F.SC.JU.3.2","G. Egloff","Courroux","GE658","Courroux",NA,NA,"595336","245989",416,6,"09","06","vi","2025","Bombus","pratorum",NA,1,NA,"G. Egloff","C. Praz",NA,NA,NA,"Bombus pratorum","LC",NA,NA,NA,NA,NA
659,"GE659",2,"focal","Scheulte",2595336,1245989,416,"JU","09.06.2025","3","F.SC.JU.3.2","G. Egloff","Courroux","GE659","Courroux",NA,NA,"595336","245989",416,6,"09","06","vi","2025","Bombus","humilis",NA,1,NA,"G. Egloff","C. Praz",NA,NA,NA,"Bombus humilis","LC",NA,NA,NA,NA,NA
660,"GE660",2,"focal","Scheulte",2595336,1245989,416,"JU","09.06.2025","3","F.SC.JU.3.2","G. Egloff","Courroux","GE660","Courroux",NA,NA,"595336","245989",416,6,"09","06","vi","2025","Bombus","lapidarius",NA,1,NA,"G. Egloff","C. Praz",NA,NA,NA,"Bombus lapidarius","LC",NA,NA,NA,NA,NA
661,"GE661",2,"focal","Scheulte",2595336,1245989,416,"JU","09.06.2025","3","F.SC.JU.3.2","G. Egloff","Courroux","GE661","Courroux",NA,NA,"595336","245989",416,6,"09","06","vi","2025","Bombus","lapidarius",NA,1,NA,"G. Egloff","C. Praz",NA,NA,NA,"Bombus lapidarius","LC",NA,NA,NA,NA,NA
662,"GE662",2,"focal","Scheulte",2595336,1245989,416,"JU","09.06.2025","3","F.SC.JU.3.2","G. Egloff","Courroux","GE662","Courroux",NA,NA,"595336","245989",416,6,"09","06","vi","2025","Bombus","humilis",NA,1,NA,"G. Egloff","C. Praz",NA,NA,NA,"Bombus humilis","LC",NA,NA,NA,NA,NA
663,"GE663",1,"focal","Scheulte",2595329,1245974,416,"JU","09.06.2025","3","F.SC.JU.3.1","G. Egloff","Courroux","GE663","Courroux",NA,NA,"595329","245974",416,6,"09","06","vi","2025","Bombus","lapidarius",NA,1,NA,"G. Egloff","C. Praz",NA,NA,NA,"Bombus lapidarius","LC",NA,NA,NA,NA,NA
664,"GE664",1,"focal","Scheulte",2595329,1245974,416,"JU","09.06.2025","3","F.SC.JU.3.1","G. Egloff","Courroux","GE664","Courroux",NA,NA,"595329","245974",416,6,"09","06","vi","2025","Bombus","humilis",NA,1,NA,"G. Egloff","C. Praz",NA,NA,NA,"Bombus humilis","LC",NA,NA,NA,NA,NA
665,"GE665",1,"focal","Scheulte",2595329,1245974,416,"JU","09.06.2025","3","F.SC.JU.3.1","G. Egloff","Courroux","GE665","Courroux",NA,NA,"595329","245974",416,6,"09","06","vi","2025","Bombus","hortorum aggr.",NA,1,NA,"G. Egloff","C. Praz",NA,NA,NA,"Bombus hortorum aggr.","LC",NA,NA,NA,NA,NA
666,"GE666",1,"focal","Scheulte",2595329,1245974,416,"JU","09.06.2025","3","F.SC.JU.3.1","G. Egloff","Courroux","GE666","Courroux",NA,NA,"595329","245974",416,6,"09","06","vi","2025","Bombus","hortorum aggr.",NA,1,NA,"G. Egloff","C. Praz",NA,NA,NA,"Bombus hortorum aggr.","LC",NA,NA,NA,NA,NA
667,"GE667",1,"focal","Scheulte",2595329,1245974,416,"JU","09.06.2025","3","F.SC.JU.3.1","G. Egloff","Courroux","GE667","Courroux",NA,NA,"595329","245974",416,6,"09","06","vi","2025","Bombus","terrestris aggr.",NA,1,NA,"G. Egloff","C. Praz",NA,NA,NA,"Bombus terrestris aggr.","LC",NA,NA,NA,NA,NA
668,"GE668",1,"focal","Scheulte",2595329,1245974,416,"JU","09.06.2025","3","F.SC.JU.3.1","G. Egloff","Courroux","GE668","Courroux",NA,NA,"595329","245974",416,6,"09","06","vi","2025","Bombus","lapidarius",NA,1,NA,"G. Egloff","C. Praz",NA,NA,NA,"Bombus lapidarius","LC",NA,NA,NA,NA,NA
669,"GE669",1,"focal","Scheulte",2595329,1245974,416,"JU","09.06.2025","3","F.SC.JU.3.1","G. Egloff","Courroux","GE669","Courroux",NA,NA,"595329","245974",416,6,"09","06","vi","2025","Bombus","lapidarius",NA,1,NA,"G. Egloff","C. Praz",NA,NA,NA,"Bombus lapidarius","LC",NA,NA,NA,NA,NA
670,"GE670",1,"focal","Scheulte",2595329,1245974,416,"JU","09.06.2025","3","F.SC.JU.3.1","G. Egloff","Courroux","GE670","Courroux",NA,NA,"595329","245974",416,6,"09","06","vi","2025","Bombus","lapidarius",NA,1,NA,"G. Egloff","C. Praz",NA,NA,NA,"Bombus lapidarius","LC",NA,NA,NA,NA,NA
671,"GE671",1,"focal","Scheulte",2595329,1245974,416,"JU","09.06.2025","3","F.SC.JU.3.1","G. Egloff","Courroux","GE671","Courroux",NA,NA,"595329","245974",416,6,"09","06","vi","2025","Bombus","lapidarius",NA,1,NA,"G. Egloff","C. Praz",NA,NA,NA,"Bombus lapidarius","LC",NA,NA,NA,NA,NA
672,"GE672",1,"focal","Scheulte",2595329,1245974,416,"JU","09.06.2025","3","F.SC.JU.3.1","G. Egloff","Courroux","GE672","Courroux",NA,NA,"595329","245974",416,6,"09","06","vi","2025","Bombus","lapidarius",NA,1,NA,"G. Egloff","C. Praz",NA,NA,NA,"Bombus lapidarius","LC",NA,NA,NA,NA,NA
673,"GE673",3,"focal","Scheulte",2595356,1245996,416,"JU","09.06.2025","3","F.SC.JU.3.3","G. Egloff","Courroux","GE673","Courroux",NA,NA,"595356","245996",416,6,"09","06","vi","2025","Bombus","lapidarius",NA,1,NA,"G. Egloff","C. Praz",NA,NA,NA,"Bombus lapidarius","LC",NA,NA,NA,NA,NA
674,"GE674",3,"focal","Scheulte",2595356,1245996,416,"JU","09.06.2025","3","F.SC.JU.3.3","G. Egloff","Courroux","GE674","Courroux",NA,NA,"595356","245996",416,6,"09","06","vi","2025","Bombus","lapidarius",NA,1,NA,"G. Egloff","C. Praz",NA,NA,NA,"Bombus lapidarius","LC",NA,NA,NA,NA,NA
675,"GE675",3,"focal","Scheulte",2595356,1245996,416,"JU","09.06.2025","3","F.SC.JU.3.3","G. Egloff","Courroux","GE675","Courroux",NA,NA,"595356","245996",416,6,"09","06","vi","2025","Bombus","lapidarius",NA,1,NA,"G. Egloff","C. Praz",NA,NA,NA,"Bombus lapidarius","LC",NA,NA,NA,NA,NA
676,"GE676",3,"focal","Scheulte",2595356,1245996,416,"JU","09.06.2025","3","F.SC.JU.3.3","G. Egloff","Courroux","GE676","Courroux",NA,NA,"595356","245996",416,6,"09","06","vi","2025","Bombus","pascuorum",NA,1,NA,"G. Egloff","C. Praz",NA,NA,NA,"Bombus pascuorum","LC",NA,NA,NA,NA,NA
677,"GE677",3,"focal","Scheulte",2595356,1245996,416,"JU","09.06.2025","3","F.SC.JU.3.3","G. Egloff","Courroux","GE677","Courroux",NA,NA,"595356","245996",416,6,"09","06","vi","2025","Bombus","lapidarius",NA,1,NA,"G. Egloff","C. Praz",NA,NA,NA,"Bombus lapidarius","LC",NA,NA,NA,NA,NA
678,"GE678",3,"focal","Scheulte",2595356,1245996,416,"JU","09.06.2025","3","F.SC.JU.3.3","G. Egloff","Courroux","GE678","Courroux",NA,NA,"595356","245996",416,6,"09","06","vi","2025","Bombus","pratorum",NA,1,NA,"G. Egloff","C. Praz",NA,NA,NA,"Bombus pratorum","LC",NA,NA,NA,NA,NA
679,"GE679",3,"focal","Scheulte",2595356,1245996,416,"JU","09.06.2025","3","F.SC.JU.3.3","G. Egloff","Courroux","GE679","Courroux",NA,NA,"595356","245996",416,6,"09","06","vi","2025","Bombus","ruderatus",NA,1,NA,"G. Egloff","C. Praz",NA,NA,NA,"Bombus ruderatus","LC",NA,NA,NA,NA,NA
680,"GE680",3,"focal","Scheulte",2595356,1245996,416,"JU","09.06.2025","3","F.SC.JU.3.3","G. Egloff","Courroux","GE680","Courroux",NA,NA,"595356","245996",416,6,"09","06","vi","2025","Bombus","hypnorum",NA,1,NA,"G. Egloff","C. Praz",NA,NA,NA,"Bombus hypnorum","LC",NA,NA,NA,NA,NA
681,"GE681",3,"focal","Scheulte",2595356,1245996,416,"JU","09.06.2025","3","F.SC.JU.3.3","G. Egloff","Courroux","GE681","Courroux",NA,NA,"595356","245996",416,6,"09","06","vi","2025","Sphecodes","gibbus",1,NA,NA,"G. Egloff","C. Praz",NA,NA,NA,"Sphecodes gibbus","LC",NA,NA,NA,NA,NA
682,"GE682",3,"focal","Scheulte",2595356,1245996,416,"JU","09.06.2025","3","F.SC.JU.3.3","G. Egloff","Courroux","GE682","Courroux",NA,NA,"595356","245996",416,6,"09","06","vi","2025","Sphecodes","schenckii",1,NA,NA,"G. Egloff","C. Praz",NA,NA,NA,"Sphecodes schenckii","LC",NA,NA,NA,NA,NA
683,"GE683",3,"focal","Scheulte",2595356,1245996,416,"JU","09.06.2025","3","F.SC.JU.3.3","G. Egloff","Courroux","GE683","Courroux",NA,NA,"595356","245996",416,6,"09","06","vi","2025","Lasioglossum","glabriusculum",1,NA,NA,"G. Egloff","C. Praz",NA,NA,NA,"Lasioglossum glabriusculum","LC",NA,NA,NA,NA,NA
684,"GE684",3,"focal","Scheulte",2595356,1245996,416,"JU","09.06.2025","3","F.SC.JU.3.3","G. Egloff","Courroux","GE684","Courroux",NA,NA,"595356","245996",416,6,"09","06","vi","2025","Lasioglossum","politum",1,NA,NA,"G. Egloff","C. Praz",NA,NA,NA,"Lasioglossum politum","LC",NA,NA,NA,NA,NA
685,"GE685",3,"focal","Scheulte",2595356,1245996,416,"JU","09.06.2025","3","F.SC.JU.3.3","G. Egloff","Courroux","GE685","Courroux",NA,NA,"595356","245996",416,6,"09","06","vi","2025","Lasioglossum","malachurum",1,NA,NA,"G. Egloff","C. Praz",NA,NA,NA,"Lasioglossum malachurum","LC",NA,NA,NA,NA,NA
686,"GE686",3,"focal","Scheulte",2595356,1245996,416,"JU","09.06.2025","3","F.SC.JU.3.3","G. Egloff","Courroux","GE686","Courroux",NA,NA,"595356","245996",416,6,"09","06","vi","2025","Ceratina","cyanea",1,NA,NA,"G. Egloff","C. Praz",NA,NA,NA,"Ceratina cyanea","LC",NA,NA,NA,NA,NA
687,"GE687",3,"focal","Scheulte",2595356,1245996,416,"JU","09.06.2025","3","F.SC.JU.3.3","G. Egloff","Courroux","GE687","Courroux",NA,NA,"595356","245996",416,6,"09","06","vi","2025","Lasioglossum","malachurum",1,NA,NA,"G. Egloff","C. Praz",NA,NA,NA,"Lasioglossum malachurum","LC",NA,NA,NA,NA,NA
688,"GE688",3,"focal","Scheulte",2595356,1245996,416,"JU","09.06.2025","3","F.SC.JU.3.3","G. Egloff","Courroux","GE688","Courroux",NA,NA,"595356","245996",416,6,"09","06","vi","2025","Lasioglossum","malachurum",1,NA,NA,"G. Egloff","C. Praz",NA,NA,NA,"Lasioglossum malachurum","LC",NA,NA,NA,NA,NA
689,"GE689",3,"focal","Scheulte",2595356,1245996,416,"JU","09.06.2025","3","F.SC.JU.3.3","G. Egloff","Courroux","GE689","Courroux",NA,NA,"595356","245996",416,6,"09","06","vi","2025","Lasioglossum","pauxillum",1,NA,NA,"G. Egloff","C. Praz",NA,NA,NA,"Lasioglossum pauxillum","LC",NA,NA,NA,NA,NA
690,"GE690",3,"focal","Scheulte",2595356,1245996,416,"JU","09.06.2025","3","F.SC.JU.3.3","G. Egloff","Courroux","GE690","Courroux",NA,NA,"595356","245996",416,6,"09","06","vi","2025","Lasioglossum","pauxillum",1,NA,NA,"G. Egloff","C. Praz",NA,NA,NA,"Lasioglossum pauxillum","LC",NA,NA,NA,NA,NA
691,"GE691",3,"focal","Scheulte",2595356,1245996,416,"JU","09.06.2025","3","F.SC.JU.3.3","G. Egloff","Courroux","GE691","Courroux",NA,NA,"595356","245996",416,6,"09","06","vi","2025","Lasioglossum","pauxillum",1,NA,NA,"G. Egloff","C. Praz",NA,NA,NA,"Lasioglossum pauxillum","LC",NA,NA,NA,NA,NA
692,"GE692",3,"focal","Scheulte",2595356,1245996,416,"JU","09.06.2025","3","F.SC.JU.3.3","G. Egloff","Courroux","GE692","Courroux",NA,NA,"595356","245996",416,6,"09","06","vi","2025","Lasioglossum","pauxillum",1,NA,NA,"G. Egloff","C. Praz",NA,NA,NA,"Lasioglossum pauxillum","LC",NA,NA,NA,NA,NA
693,"GE693",3,"focal","Scheulte",2595356,1245996,416,"JU","09.06.2025","3","F.SC.JU.3.3","G. Egloff","Courroux","GE693","Courroux",NA,NA,"595356","245996",416,6,"09","06","vi","2025","Lasioglossum","pauxillum",1,NA,NA,"G. Egloff","C. Praz",NA,NA,NA,"Lasioglossum pauxillum","LC",NA,NA,NA,NA,NA
694,"GE694",3,"focal","Scheulte",2595356,1245996,416,"JU","09.06.2025","3","F.SC.JU.3.3","G. Egloff","Courroux","GE694","Courroux",NA,NA,"595356","245996",416,6,"09","06","vi","2025","Halictus","tumulorum",1,NA,NA,"G. Egloff","C. Praz",NA,NA,NA,"Halictus tumulorum","LC",NA,NA,NA,NA,NA
695,"GE695",3,"focal","Scheulte",2595356,1245996,416,"JU","09.06.2025","3","F.SC.JU.3.3","G. Egloff","Courroux","GE695","Courroux",NA,NA,"595356","245996",416,6,"09","06","vi","2025","Lasioglossum","pauxillum",1,NA,NA,"G. Egloff","C. Praz",NA,NA,NA,"Lasioglossum pauxillum","LC",NA,NA,NA,NA,NA
696,"GE696",3,"focal","Scheulte",2595356,1245996,416,"JU","09.06.2025","3","F.SC.JU.3.3","G. Egloff","Courroux","GE696","Courroux",NA,NA,"595356","245996",416,6,"09","06","vi","2025","Lasioglossum","pauxillum",1,NA,NA,"G. Egloff","C. Praz",NA,NA,NA,"Lasioglossum pauxillum","LC",NA,NA,NA,NA,NA
697,"GE697",3,"focal","Scheulte",2595356,1245996,416,"JU","09.06.2025","3","F.SC.JU.3.3","G. Egloff","Courroux","GE697","Courroux",NA,NA,"595356","245996",416,6,"09","06","vi","2025","Lasioglossum","pauxillum",1,NA,NA,"G. Egloff","C. Praz",NA,NA,NA,"Lasioglossum pauxillum","LC",NA,NA,NA,NA,NA
698,"GE698",3,"focal","Scheulte",2595356,1245996,416,"JU","09.06.2025","3","F.SC.JU.3.3","G. Egloff","Courroux","GE698","Courroux",NA,NA,"595356","245996",416,6,"09","06","vi","2025","Lasioglossum","pauxillum",1,NA,NA,"G. Egloff","C. Praz",NA,NA,NA,"Lasioglossum pauxillum","LC",NA,NA,NA,NA,NA
699,"GE699",3,"focal","Scheulte",2595356,1245996,416,"JU","09.06.2025","3","F.SC.JU.3.3","G. Egloff","Courroux","GE699","Courroux",NA,NA,"595356","245996",416,6,"09","06","vi","2025","Lasioglossum","pauxillum",1,NA,NA,"G. Egloff","C. Praz",NA,NA,NA,"Lasioglossum pauxillum","LC",NA,NA,NA,NA,NA
700,"GE700",3,"focal","Scheulte",2595356,1245996,416,"JU","09.06.2025","3","F.SC.JU.3.3","G. Egloff","Courroux","GE700","Courroux",NA,NA,"595356","245996",416,6,"09","06","vi","2025","Lasioglossum","morio",1,NA,NA,"G. Egloff","C. Praz",NA,NA,NA,"Lasioglossum morio","LC",NA,NA,NA,NA,NA
701,"GE701",3,"focal","Scheulte",2595356,1245996,416,"JU","09.06.2025","3","F.SC.JU.3.3","G. Egloff","Courroux","GE701","Courroux",NA,NA,"595356","245996",416,6,"09","06","vi","2025","Lasioglossum","glabriusculum",1,NA,NA,"G. Egloff","C. Praz",NA,NA,NA,"Lasioglossum glabriusculum","LC",NA,NA,NA,NA,NA
702,"GE702",3,"focal","Scheulte",2595356,1245996,416,"JU","09.06.2025","3","F.SC.JU.3.3","G. Egloff","Courroux","GE702","Courroux",NA,NA,"595356","245996",416,6,"09","06","vi","2025","Lasioglossum","politum",1,NA,NA,"G. Egloff","C. Praz",NA,NA,NA,"Lasioglossum politum","LC",NA,NA,NA,NA,NA
703,"GE703",3,"focal","Scheulte",2595356,1245996,416,"JU","09.06.2025","3","F.SC.JU.3.3","G. Egloff","Courroux","GE703","Courroux",NA,NA,"595356","245996",416,6,"09","06","vi","2025","Lasioglossum","glabriusculum",1,NA,NA,"G. Egloff","C. Praz",NA,NA,NA,"Lasioglossum glabriusculum","LC",NA,NA,NA,NA,NA
704,"GE704",2,"control","Scheulte",2597601,1244609,444,"JU","10.06.2025","3","C.SC.JU.3.2","G. Egloff","Val Terbi","GE704","Val Terbi",NA,NA,"597601","244609",444,6,"10","06","vi","2025","Lasioglossum","lativentre",1,NA,NA,"G. Egloff","C. Praz",NA,NA,NA,"Lasioglossum lativentre","LC",NA,NA,NA,NA,NA
705,"GE705",7,"control","Scheulte",2597681,1244512,445,"JU","10.06.2025","3","C.SC.JU.3.7","G. Egloff","Val Terbi","GE705","Val Terbi",NA,NA,"597681","244512",445,6,"10","06","vi","2025","Bombus","pascuorum",NA,1,NA,"G. Egloff","C. Praz",NA,NA,NA,"Bombus pascuorum","LC",NA,NA,NA,NA,NA
706,"GE706",3,"control","Scheulte",2597625,1244588,444,"JU","10.06.2025","3","C.SC.JU.3.3","G. Egloff","Val Terbi","GE706","Val Terbi",NA,NA,"597625","244588",444,6,"10","06","vi","2025","Bombus","pascuorum",NA,1,NA,"G. Egloff","C. Praz",NA,NA,NA,"Bombus pascuorum","LC",NA,NA,NA,NA,NA
707,"GE707",3,"control","Scheulte",2597625,1244588,444,"JU","10.06.2025","3","C.SC.JU.3.3","G. Egloff","Val Terbi","GE707","Val Terbi",NA,NA,"597625","244588",444,6,"10","06","vi","2025","Lasioglossum","malachurum",1,NA,NA,"G. Egloff","C. Praz",NA,NA,NA,"Lasioglossum malachurum","LC",NA,NA,NA,NA,NA
708,"GE708",3,"control","Scheulte",2597625,1244588,444,"JU","10.06.2025","3","C.SC.JU.3.3","G. Egloff","Val Terbi","GE708","Val Terbi",NA,NA,"597625","244588",444,6,"10","06","vi","2025","Lasioglossum","malachurum",1,NA,NA,"G. Egloff","C. Praz",NA,NA,NA,"Lasioglossum malachurum","LC",NA,NA,NA,NA,NA
709,"GE709",3,"control","Scheulte",2597625,1244588,444,"JU","10.06.2025","3","C.SC.JU.3.3","G. Egloff","Val Terbi","GE709","Val Terbi",NA,NA,"597625","244588",444,6,"10","06","vi","2025","Andrena","minutuloides",1,NA,NA,"G. Egloff","C. Praz",NA,NA,NA,"Andrena minutuloides","LC",NA,NA,NA,NA,NA
710,"GE710",4,"control","Scheulte",2597636,1244585,444,"JU","10.06.2025","3","C.SC.JU.3.4","G. Egloff","Val Terbi","GE710","Val Terbi",NA,NA,"597636","244585",444,6,"10","06","vi","2025","Bombus","pascuorum",NA,1,NA,"G. Egloff","C. Praz",NA,NA,NA,"Bombus pascuorum","LC",NA,NA,NA,NA,NA
711,"GE711",8,"control","Scheulte",2597681,1244557,445,"JU","10.06.2025","3","C.SC.JU.3.8","G. Egloff","Val Terbi","GE711","Val Terbi",NA,NA,"597681","244557",445,6,"10","06","vi","2025","Nomada","ruficornis",NA,NA,1,"G. Egloff","C. Praz",NA,NA,NA,"Nomada ruficornis","LC",NA,NA,NA,NA,NA
712,"GE712",8,"control","Scheulte",2597681,1244557,445,"JU","10.06.2025","3","C.SC.JU.3.8","G. Egloff","Val Terbi","GE712","Val Terbi",NA,NA,"597681","244557",445,6,"10","06","vi","2025","Lasioglossum","pauxillum",1,NA,NA,"G. Egloff","C. Praz",NA,NA,NA,"Lasioglossum pauxillum","LC",NA,NA,NA,NA,NA
713,"GE713",5,"control","Scheulte",2597647,1244583,445,"JU","10.06.2025","3","C.SC.JU.3.5","G. Egloff","Val Terbi","GE713","Val Terbi",NA,NA,"597647","244583",445,6,"10","06","vi","2025","Andrena","lathyri",1,NA,NA,"G. Egloff","C. Praz",NA,NA,NA,"Andrena lathyri","LC",NA,NA,NA,NA,NA
714,"GE714",5,"control","Scheulte",2597647,1244583,445,"JU","10.06.2025","3","C.SC.JU.3.5","G. Egloff","Val Terbi","GE714","Val Terbi",NA,NA,"597647","244583",445,6,"10","06","vi","2025","Andrena","lathyri",1,NA,NA,"G. Egloff","C. Praz",NA,NA,NA,"Andrena lathyri","LC",NA,NA,NA,NA,NA
715,"GE715",5,"control","Scheulte",2597647,1244583,445,"JU","10.06.2025","3","C.SC.JU.3.5","G. Egloff","Val Terbi","GE715","Val Terbi",NA,NA,"597647","244583",445,6,"10","06","vi","2025","Bombus","pascuorum",NA,1,NA,"G. Egloff","C. Praz",NA,NA,NA,"Bombus pascuorum","LC",NA,NA,NA,NA,NA
716,"GE716",5,"control","Scheulte",2597647,1244583,445,"JU","10.06.2025","3","C.SC.JU.3.5","G. Egloff","Val Terbi","GE716","Val Terbi",NA,NA,"597647","244583",445,6,"10","06","vi","2025","Bombus","pratorum",NA,NA,1,"G. Egloff","C. Praz",NA,NA,NA,"Bombus pratorum","LC",NA,NA,NA,NA,NA
717,"GE717",5,"control","Scheulte",2597647,1244583,445,"JU","10.06.2025","3","C.SC.JU.3.5","G. Egloff","Val Terbi","GE717","Val Terbi",NA,NA,"597647","244583",445,6,"10","06","vi","2025","Bombus","pascuorum",NA,1,NA,"G. Egloff","C. Praz",NA,NA,NA,"Bombus pascuorum","LC",NA,NA,NA,NA,NA
718,"GE718",2,"focal","Thiele",2537559,1180126,433,"VD","12.06.2025","3","F.TH.VD.3.2","G. Egloff","Yverdon-les-Bains","GE718","Yverdon-les-Bains",NA,NA,"537559","180126",433,6,"12","06","vi","2025","Bombus","terrestris aggr.",NA,1,NA,"G. Egloff","C. Praz",NA,NA,NA,"Bombus terrestris aggr.","LC",NA,NA,NA,NA,NA
719,"GE719",2,"focal","Thiele",2537559,1180126,433,"VD","12.06.2025","3","F.TH.VD.3.2","G. Egloff","Yverdon-les-Bains","GE719","Yverdon-les-Bains",NA,NA,"537559","180126",433,6,"12","06","vi","2025","Bombus","hypnorum",NA,1,NA,"G. Egloff","C. Praz",NA,NA,NA,"Bombus hypnorum","LC",NA,NA,NA,NA,NA
720,"GE720",4,"focal","Thiele",2537576,1180143,431,"VD","12.06.2025","3","F.TH.VD.3.4","G. Egloff","Yverdon-les-Bains","GE720","Yverdon-les-Bains",NA,NA,"537576","180143",431,6,"12","06","vi","2025","Sphecodes","monilicornis",1,NA,NA,"G. Egloff","C. Praz",NA,NA,NA,"Sphecodes monilicornis","LC",NA,NA,NA,NA,NA
721,"GE721",4,"focal","Thiele",2537576,1180143,431,"VD","12.06.2025","3","F.TH.VD.3.4","G. Egloff","Yverdon-les-Bains","GE721","Yverdon-les-Bains",NA,NA,"537576","180143",431,6,"12","06","vi","2025","Sphecodes","monilicornis",1,NA,NA,"G. Egloff","C. Praz",NA,NA,NA,"Sphecodes monilicornis","LC",NA,NA,NA,NA,NA
722,"GE722",4,"focal","Thiele",2537576,1180143,431,"VD","12.06.2025","3","F.TH.VD.3.4","G. Egloff","Yverdon-les-Bains","GE722","Yverdon-les-Bains",NA,NA,"537576","180143",431,6,"12","06","vi","2025","Sphecodes","monilicornis",1,NA,NA,"G. Egloff","C. Praz",NA,NA,NA,"Sphecodes monilicornis","LC",NA,NA,NA,NA,NA
723,"GE723",4,"focal","Thiele",2537576,1180143,431,"VD","12.06.2025","3","F.TH.VD.3.4","G. Egloff","Yverdon-les-Bains","GE723","Yverdon-les-Bains",NA,NA,"537576","180143",431,6,"12","06","vi","2025","Lasioglossum","pauxillum",1,NA,NA,"G. Egloff","C. Praz",NA,NA,NA,"Lasioglossum pauxillum","LC",NA,NA,NA,NA,NA
724,"GE724",4,"focal","Thiele",2537576,1180143,431,"VD","12.06.2025","3","F.TH.VD.3.4","G. Egloff","Yverdon-les-Bains","GE724","Yverdon-les-Bains",NA,NA,"537576","180143",431,6,"12","06","vi","2025","Lasioglossum","malachurum",1,NA,NA,"G. Egloff","C. Praz",NA,NA,NA,"Lasioglossum malachurum","LC",NA,NA,NA,NA,NA
725,"GE725",4,"focal","Thiele",2537576,1180143,431,"VD","12.06.2025","3","F.TH.VD.3.4","G. Egloff","Yverdon-les-Bains","GE725","Yverdon-les-Bains",NA,NA,"537576","180143",431,6,"12","06","vi","2025","Lasioglossum","malachurum",1,NA,NA,"G. Egloff","C. Praz",NA,NA,NA,"Lasioglossum malachurum","LC",NA,NA,NA,NA,NA
726,"GE726",4,"focal","Thiele",2537576,1180143,431,"VD","12.06.2025","3","F.TH.VD.3.4","G. Egloff","Yverdon-les-Bains","GE726","Yverdon-les-Bains",NA,NA,"537576","180143",431,6,"12","06","vi","2025","Lasioglossum","malachurum",1,NA,NA,"G. Egloff","C. Praz",NA,NA,NA,"Lasioglossum malachurum","LC",NA,NA,NA,NA,NA
727,"GE727",4,"focal","Thiele",2537576,1180143,431,"VD","12.06.2025","3","F.TH.VD.3.4","G. Egloff","Yverdon-les-Bains","GE727","Yverdon-les-Bains",NA,NA,"537576","180143",431,6,"12","06","vi","2025","Lasioglossum","malachurum",1,NA,NA,"G. Egloff","C. Praz",NA,NA,NA,"Lasioglossum malachurum","LC",NA,NA,NA,NA,NA
728,"GE728",4,"focal","Thiele",2537576,1180143,431,"VD","12.06.2025","3","F.TH.VD.3.4","G. Egloff","Yverdon-les-Bains","GE728","Yverdon-les-Bains",NA,NA,"537576","180143",431,6,"12","06","vi","2025","Lasioglossum","malachurum",1,NA,NA,"G. Egloff","C. Praz",NA,NA,NA,"Lasioglossum malachurum","LC",NA,NA,NA,NA,NA
729,"GE729",4,"focal","Thiele",2537576,1180143,431,"VD","12.06.2025","3","F.TH.VD.3.4","G. Egloff","Yverdon-les-Bains","GE729","Yverdon-les-Bains",NA,NA,"537576","180143",431,6,"12","06","vi","2025","Lasioglossum","malachurum",1,NA,NA,"G. Egloff","C. Praz",NA,NA,NA,"Lasioglossum malachurum","LC",NA,NA,NA,NA,NA
730,"GE730",4,"focal","Thiele",2537576,1180143,431,"VD","12.06.2025","3","F.TH.VD.3.4","G. Egloff","Yverdon-les-Bains","GE730","Yverdon-les-Bains",NA,NA,"537576","180143",431,6,"12","06","vi","2025","Lasioglossum","malachurum",1,NA,NA,"G. Egloff","C. Praz",NA,NA,NA,"Lasioglossum malachurum","LC",NA,NA,NA,NA,NA
731,"GE731",4,"focal","Thiele",2537576,1180143,431,"VD","12.06.2025","3","F.TH.VD.3.4","G. Egloff","Yverdon-les-Bains","GE731","Yverdon-les-Bains",NA,NA,"537576","180143",431,6,"12","06","vi","2025","Lasioglossum","malachurum",1,NA,NA,"G. Egloff","C. Praz",NA,NA,NA,"Lasioglossum malachurum","LC",NA,NA,NA,NA,NA
732,"GE732",4,"focal","Thiele",2537576,1180143,431,"VD","12.06.2025","3","F.TH.VD.3.4","G. Egloff","Yverdon-les-Bains","GE732","Yverdon-les-Bains",NA,NA,"537576","180143",431,6,"12","06","vi","2025","Lasioglossum","malachurum",1,NA,NA,"G. Egloff","C. Praz",NA,NA,NA,"Lasioglossum malachurum","LC",NA,NA,NA,NA,NA
733,"GE733",4,"focal","Thiele",2537576,1180143,431,"VD","12.06.2025","3","F.TH.VD.3.4","G. Egloff","Yverdon-les-Bains","GE733","Yverdon-les-Bains",NA,NA,"537576","180143",431,6,"12","06","vi","2025","Lasioglossum","malachurum",1,NA,NA,"G. Egloff","C. Praz",NA,NA,NA,"Lasioglossum malachurum","LC",NA,NA,NA,NA,NA
734,"GE734",4,"focal","Thiele",2537576,1180143,431,"VD","12.06.2025","3","F.TH.VD.3.4","G. Egloff","Yverdon-les-Bains","GE734","Yverdon-les-Bains",NA,NA,"537576","180143",431,6,"12","06","vi","2025","Lasioglossum","malachurum",1,NA,NA,"G. Egloff","C. Praz",NA,NA,NA,"Lasioglossum malachurum","LC",NA,NA,NA,NA,NA
735,"GE735",13,"focal","Thiele",2537540,1180103,433,"VD","12.06.2025","2","F.TH.VD.2.13","G. Egloff","Yverdon-les-Bains","GE735","Yverdon-les-Bains",NA,NA,"537540","180103",433,6,"12","06","vi","2025","Hylaeus","signatus",NA,NA,1,"G. Egloff","C. Praz",NA,NA,NA,"Hylaeus signatus","LC",NA,NA,NA,NA,NA
736,"GE736",13,"focal","Thiele",2537540,1180103,433,"VD","12.06.2025","2","F.TH.VD.2.13","G. Egloff","Yverdon-les-Bains","GE736","Yverdon-les-Bains",NA,NA,"537540","180103",433,6,"12","06","vi","2025","Hylaeus","signatus",NA,NA,1,"G. Egloff","C. Praz",NA,NA,NA,"Hylaeus signatus","LC",NA,NA,NA,NA,NA
737,"GE737",8,"focal","Thiele",2537676,1180224,433,"VD","12.06.2025","3","F.TH.VD.3.8","G. Egloff","Yverdon-les-Bains","GE737","Yverdon-les-Bains",NA,NA,"537676","180224",433,6,"12","06","vi","2025","Megachile","willughbiella",NA,NA,1,"G. Egloff","C. Praz",NA,NA,NA,"Megachile willughbiella","LC",NA,NA,NA,NA,NA
738,"GE738",8,"focal","Thiele",2537676,1180224,433,"VD","12.06.2025","3","F.TH.VD.3.8","G. Egloff","Yverdon-les-Bains","GE738","Yverdon-les-Bains",NA,NA,"537676","180224",433,6,"12","06","vi","2025","Halictus","simplex aggr.",1,NA,NA,"G. Egloff","C. Praz",NA,NA,NA,"Halictus simplex aggr.","LC",NA,NA,NA,NA,NA
739,"GE739",8,"focal","Thiele",2537676,1180224,433,"VD","12.06.2025","3","F.TH.VD.3.8","G. Egloff","Yverdon-les-Bains","GE739","Yverdon-les-Bains",NA,NA,"537676","180224",433,6,"12","06","vi","2025","Andrena","niveata",1,NA,NA,"G. Egloff","C. Praz",NA,NA,NA,"Andrena niveata","EN",NA,NA,NA,NA,NA
740,"GE740",8,"focal","Thiele",2537676,1180224,433,"VD","12.06.2025","3","F.TH.VD.3.8","G. Egloff","Yverdon-les-Bains","GE740","Yverdon-les-Bains",NA,NA,"537676","180224",433,6,"12","06","vi","2025","Lasioglossum","glabriusculum",1,NA,NA,"G. Egloff","C. Praz",NA,NA,NA,"Lasioglossum glabriusculum","LC",NA,NA,NA,NA,NA
741,"GE741",8,"focal","Thiele",2537676,1180224,433,"VD","12.06.2025","3","F.TH.VD.3.8","G. Egloff","Yverdon-les-Bains","GE741","Yverdon-les-Bains",NA,NA,"537676","180224",433,6,"12","06","vi","2025","Bombus","lapidarius",NA,1,NA,"G. Egloff","C. Praz",NA,NA,NA,"Bombus lapidarius","LC",NA,NA,NA,NA,NA
742,"GE742",8,"focal","Thiele",2537676,1180224,433,"VD","12.06.2025","3","F.TH.VD.3.8","G. Egloff","Yverdon-les-Bains","GE742","Yverdon-les-Bains",NA,NA,"537676","180224",433,6,"12","06","vi","2025","Bombus","terrestris aggr.",NA,1,NA,"G. Egloff","C. Praz",NA,NA,NA,"Bombus terrestris aggr.","LC",NA,NA,NA,NA,NA
743,"GE743",3,"focal","Thiele",2537573,1180123,433,"VD","12.06.2025","3","F.TH.VD.3.3","G. Egloff","Yverdon-les-Bains","GE743","Yverdon-les-Bains",NA,NA,"537573","180123",433,6,"12","06","vi","2025","Bombus","hortorum",NA,1,NA,"G. Egloff","C. Praz",NA,NA,NA,"Bombus hortorum","LC",NA,NA,NA,NA,NA
744,"GE744",3,"focal","Thiele",2537573,1180123,433,"VD","12.06.2025","3","F.TH.VD.3.3","G. Egloff","Yverdon-les-Bains","GE744","Yverdon-les-Bains",NA,NA,"537573","180123",433,6,"12","06","vi","2025","Anthophora","furcata",1,NA,NA,"G. Egloff","C. Praz",NA,NA,NA,"Anthophora furcata","LC",NA,NA,NA,NA,NA
745,"GE745",7,"focal","Thiele",2537657,1180201,431,"VD","12.06.2025","3","F.TH.VD.3.7","G. Egloff","Yverdon-les-Bains","GE745","Yverdon-les-Bains",NA,NA,"537657","180201",431,6,"12","06","vi","2025","Halictus","simplex aggr.",1,NA,NA,"G. Egloff","C. Praz",NA,NA,NA,"Halictus simplex aggr.","LC",NA,NA,NA,NA,NA
746,"GE746",7,"focal","Thiele",2537657,1180201,431,"VD","12.06.2025","3","F.TH.VD.3.7","G. Egloff","Yverdon-les-Bains","GE746","Yverdon-les-Bains",NA,NA,"537657","180201",431,6,"12","06","vi","2025","Lasioglossum","malachurum",1,NA,NA,"G. Egloff","C. Praz",NA,NA,NA,"Lasioglossum malachurum","LC",NA,NA,NA,NA,NA
747,"GE747",7,"focal","Thiele",2537657,1180201,431,"VD","12.06.2025","3","F.TH.VD.3.7","G. Egloff","Yverdon-les-Bains","GE747","Yverdon-les-Bains",NA,NA,"537657","180201",431,6,"12","06","vi","2025","Lasioglossum","malachurum",1,NA,NA,"G. Egloff","C. Praz",NA,NA,NA,"Lasioglossum malachurum","LC",NA,NA,NA,NA,NA
748,"GE748",7,"focal","Thiele",2537657,1180201,431,"VD","12.06.2025","3","F.TH.VD.3.7","G. Egloff","Yverdon-les-Bains","GE748","Yverdon-les-Bains",NA,NA,"537657","180201",431,6,"12","06","vi","2025","Sphecodes","crassus",1,NA,NA,"G. Egloff","C. Praz",NA,NA,NA,"Sphecodes crassus","LC",NA,NA,NA,NA,NA
749,"GE749",7,"focal","Thiele",2537657,1180201,431,"VD","12.06.2025","3","F.TH.VD.3.7","G. Egloff","Yverdon-les-Bains","GE749","Yverdon-les-Bains",NA,NA,"537657","180201",431,6,"12","06","vi","2025","Hylaeus","brevicornis",1,NA,NA,"G. Egloff","C. Praz",NA,NA,NA,"Hylaeus brevicornis","LC",NA,NA,NA,NA,NA
750,"GE750",7,"focal","Thiele",2537657,1180201,431,"VD","12.06.2025","3","F.TH.VD.3.7","G. Egloff","Yverdon-les-Bains","GE750","Yverdon-les-Bains",NA,NA,"537657","180201",431,6,"12","06","vi","2025","Halictus","subauratus",1,NA,NA,"G. Egloff","C. Praz",NA,NA,NA,"Halictus subauratus","LC",NA,NA,NA,NA,NA
751,"GE751",7,"focal","Thiele",2537657,1180201,431,"VD","12.06.2025","3","F.TH.VD.3.7","G. Egloff","Yverdon-les-Bains","GE751","Yverdon-les-Bains",NA,NA,"537657","180201",431,6,"12","06","vi","2025","Lasioglossum","pauxillum",1,NA,NA,"G. Egloff","C. Praz",NA,NA,NA,"Lasioglossum pauxillum","LC",NA,NA,NA,NA,NA
752,"GE752",6,"focal","Thiele",2537647,1180202,433,"VD","12.06.2025","3","F.TH.VD.3.6","G. Egloff","Yverdon-les-Bains","GE752","Yverdon-les-Bains",NA,NA,"537647","180202",433,6,"12","06","vi","2025","Sphecodes","monilicornis",1,NA,NA,"G. Egloff","C. Praz",NA,NA,NA,"Sphecodes monilicornis","LC",NA,NA,NA,NA,NA
753,"GE753",6,"focal","Thiele",2537647,1180202,433,"VD","12.06.2025","3","F.TH.VD.3.6","G. Egloff","Yverdon-les-Bains","GE753","Yverdon-les-Bains",NA,NA,"537647","180202",433,6,"12","06","vi","2025","Lasioglossum","malachurum",1,NA,NA,"G. Egloff","C. Praz",NA,NA,NA,"Lasioglossum malachurum","LC",NA,NA,NA,NA,NA
754,"GE754",6,"focal","Thiele",2537647,1180202,433,"VD","12.06.2025","3","F.TH.VD.3.6","G. Egloff","Yverdon-les-Bains","GE754","Yverdon-les-Bains",NA,NA,"537647","180202",433,6,"12","06","vi","2025","Lasioglossum","malachurum",1,NA,NA,"G. Egloff","C. Praz",NA,NA,NA,"Lasioglossum malachurum","LC",NA,NA,NA,NA,NA
755,"GE755",6,"focal","Thiele",2537647,1180202,433,"VD","12.06.2025","3","F.TH.VD.3.6","G. Egloff","Yverdon-les-Bains","GE755","Yverdon-les-Bains",NA,NA,"537647","180202",433,6,"12","06","vi","2025","Lasioglossum","malachurum",1,NA,NA,"G. Egloff","C. Praz",NA,NA,NA,"Lasioglossum malachurum","LC",NA,NA,NA,NA,NA
756,"GE756",6,"focal","Thiele",2537647,1180202,433,"VD","12.06.2025","3","F.TH.VD.3.6","G. Egloff","Yverdon-les-Bains","GE756","Yverdon-les-Bains",NA,NA,"537647","180202",433,6,"12","06","vi","2025","Lasioglossum","malachurum",1,NA,NA,"G. Egloff","C. Praz",NA,NA,NA,"Lasioglossum malachurum","LC",NA,NA,NA,NA,NA
757,"GE757",6,"focal","Thiele",2537647,1180202,433,"VD","12.06.2025","3","F.TH.VD.3.6","G. Egloff","Yverdon-les-Bains","GE757","Yverdon-les-Bains",NA,NA,"537647","180202",433,6,"12","06","vi","2025","Lasioglossum","malachurum",1,NA,NA,"G. Egloff","C. Praz",NA,NA,NA,"Lasioglossum malachurum","LC",NA,NA,NA,NA,NA
758,"GE758",6,"focal","Thiele",2537647,1180202,433,"VD","12.06.2025","3","F.TH.VD.3.6","G. Egloff","Yverdon-les-Bains","GE758","Yverdon-les-Bains",NA,NA,"537647","180202",433,6,"12","06","vi","2025","Lasioglossum","malachurum",1,NA,NA,"G. Egloff","C. Praz",NA,NA,NA,"Lasioglossum malachurum","LC",NA,NA,NA,NA,NA
759,"GE759",6,"focal","Thiele",2537647,1180202,433,"VD","12.06.2025","3","F.TH.VD.3.6","G. Egloff","Yverdon-les-Bains","GE759","Yverdon-les-Bains",NA,NA,"537647","180202",433,6,"12","06","vi","2025","Lasioglossum","glabriusculum",1,NA,NA,"G. Egloff","C. Praz",NA,NA,NA,"Lasioglossum glabriusculum","LC",NA,NA,NA,NA,NA
760,"GE760",6,"focal","Thiele",2537647,1180202,433,"VD","12.06.2025","3","F.TH.VD.3.6","G. Egloff","Yverdon-les-Bains","GE760","Yverdon-les-Bains",NA,NA,"537647","180202",433,6,"12","06","vi","2025","Lasioglossum","glabriusculum",1,NA,NA,"G. Egloff","C. Praz",NA,NA,NA,"Lasioglossum glabriusculum","LC",NA,NA,NA,NA,NA
761,"GE761",6,"focal","Thiele",2537647,1180202,433,"VD","12.06.2025","3","F.TH.VD.3.6","G. Egloff","Yverdon-les-Bains","GE761","Yverdon-les-Bains",NA,NA,"537647","180202",433,6,"12","06","vi","2025","Sphecodes","longulus",1,NA,NA,"G. Egloff","C. Praz",NA,NA,NA,"Sphecodes longulus","LC",NA,NA,NA,NA,NA
762,"GE762",6,"focal","Thiele",2537647,1180202,433,"VD","12.06.2025","3","F.TH.VD.3.6","G. Egloff","Yverdon-les-Bains","GE762","Yverdon-les-Bains",NA,NA,"537647","180202",433,6,"12","06","vi","2025","Lasioglossum","pauxillum",1,NA,NA,"G. Egloff","C. Praz",NA,NA,NA,"Lasioglossum pauxillum","LC",NA,NA,NA,NA,NA
763,"GE763",6,"focal","Thiele",2537647,1180202,433,"VD","12.06.2025","3","F.TH.VD.3.6","G. Egloff","Yverdon-les-Bains","GE763","Yverdon-les-Bains",NA,NA,"537647","180202",433,6,"12","06","vi","2025","Lasioglossum","malachurum",1,NA,NA,"G. Egloff","C. Praz",NA,NA,NA,"Lasioglossum malachurum","LC",NA,NA,NA,NA,NA
764,"GE764",6,"focal","Thiele",2537647,1180202,433,"VD","12.06.2025","3","F.TH.VD.3.6","G. Egloff","Yverdon-les-Bains","GE764","Yverdon-les-Bains",NA,NA,"537647","180202",433,6,"12","06","vi","2025","Lasioglossum","malachurum",1,NA,NA,"G. Egloff","C. Praz",NA,NA,NA,"Lasioglossum malachurum","LC",NA,NA,NA,NA,NA
765,"GE765",6,"focal","Thiele",2537647,1180202,433,"VD","12.06.2025","3","F.TH.VD.3.6","G. Egloff","Yverdon-les-Bains","GE765","Yverdon-les-Bains",NA,NA,"537647","180202",433,6,"12","06","vi","2025","Lasioglossum","malachurum",1,NA,NA,"G. Egloff","C. Praz",NA,NA,NA,"Lasioglossum malachurum","LC",NA,NA,NA,NA,NA
766,"GE766",6,"focal","Thiele",2537647,1180202,433,"VD","12.06.2025","3","F.TH.VD.3.6","G. Egloff","Yverdon-les-Bains","GE766","Yverdon-les-Bains",NA,NA,"537647","180202",433,6,"12","06","vi","2025","Andrena","minutula",NA,1,NA,"G. Egloff","C. Praz",NA,NA,NA,"Andrena minutula","LC",NA,NA,NA,NA,NA
767,"GE767",6,"focal","Thiele",2537647,1180202,433,"VD","12.06.2025","3","F.TH.VD.3.6","G. Egloff","Yverdon-les-Bains","GE767","Yverdon-les-Bains",NA,NA,"537647","180202",433,6,"12","06","vi","2025","Lasioglossum","malachurum",1,NA,NA,"G. Egloff","C. Praz",NA,NA,NA,"Lasioglossum malachurum","LC",NA,NA,NA,NA,NA
768,"GE768",6,"focal","Thiele",2537647,1180202,433,"VD","12.06.2025","3","F.TH.VD.3.6","G. Egloff","Yverdon-les-Bains","GE768","Yverdon-les-Bains",NA,NA,"537647","180202",433,6,"12","06","vi","2025","Lasioglossum","glabriusculum",1,NA,NA,"G. Egloff","C. Praz",NA,NA,NA,"Lasioglossum glabriusculum","LC",NA,NA,NA,NA,NA
769,"GE769",6,"focal","Thiele",2537647,1180202,433,"VD","12.06.2025","3","F.TH.VD.3.6","G. Egloff","Yverdon-les-Bains","GE769","Yverdon-les-Bains",NA,NA,"537647","180202",433,6,"12","06","vi","2025","Lasioglossum","malachurum",1,NA,NA,"G. Egloff","C. Praz",NA,NA,NA,"Lasioglossum malachurum","LC",NA,NA,NA,NA,NA
770,"GE770",6,"focal","Thiele",2537647,1180202,433,"VD","12.06.2025","3","F.TH.VD.3.6","G. Egloff","Yverdon-les-Bains","GE770","Yverdon-les-Bains",NA,NA,"537647","180202",433,6,"12","06","vi","2025","Sphecodes","pseudofasciatus",1,NA,NA,"G. Egloff","C. Praz",NA,NA,NA,"Sphecodes pseudofasciatus","LC",NA,NA,NA,NA,NA
771,"GE771",6,"focal","Thiele",2537647,1180202,433,"VD","12.06.2025","3","F.TH.VD.3.6","G. Egloff","Yverdon-les-Bains","GE771","Yverdon-les-Bains",NA,NA,"537647","180202",433,6,"12","06","vi","2025","Lasioglossum","malachurum",1,NA,NA,"G. Egloff","C. Praz",NA,NA,NA,"Lasioglossum malachurum","LC",NA,NA,NA,NA,NA
772,"GE772",6,"focal","Thiele",2537647,1180202,433,"VD","12.06.2025","3","F.TH.VD.3.6","G. Egloff","Yverdon-les-Bains","GE772","Yverdon-les-Bains",NA,NA,"537647","180202",433,6,"12","06","vi","2025","Lasioglossum","malachurum",1,NA,NA,"G. Egloff","C. Praz",NA,NA,NA,"Lasioglossum malachurum","LC",NA,NA,NA,NA,NA
773,"GE773",6,"focal","Thiele",2537647,1180202,433,"VD","12.06.2025","3","F.TH.VD.3.6","G. Egloff","Yverdon-les-Bains","GE773","Yverdon-les-Bains",NA,NA,"537647","180202",433,6,"12","06","vi","2025","Sphecodes","ephippius",1,NA,NA,"G. Egloff","C. Praz",NA,NA,NA,"Sphecodes ephippius","LC",NA,NA,NA,NA,NA
774,"GE774",6,"focal","Thiele",2537647,1180202,433,"VD","12.06.2025","3","F.TH.VD.3.6","G. Egloff","Yverdon-les-Bains","GE774","Yverdon-les-Bains",NA,NA,"537647","180202",433,6,"12","06","vi","2025","Lasioglossum","malachurum",1,NA,NA,"G. Egloff","C. Praz",NA,NA,NA,"Lasioglossum malachurum","LC",NA,NA,NA,NA,NA
775,"GE775",6,"focal","Thiele",2537647,1180202,433,"VD","12.06.2025","3","F.TH.VD.3.6","G. Egloff","Yverdon-les-Bains","GE775","Yverdon-les-Bains",NA,NA,"537647","180202",433,6,"12","06","vi","2025","Halictus","simplex aggr.",1,NA,NA,"G. Egloff","C. Praz",NA,NA,NA,"Halictus simplex aggr.","LC",NA,NA,NA,NA,NA
776,"GE776",6,"focal","Thiele",2537647,1180202,433,"VD","12.06.2025","3","F.TH.VD.3.6","G. Egloff","Yverdon-les-Bains","GE776","Yverdon-les-Bains",NA,NA,"537647","180202",433,6,"12","06","vi","2025","Sphecodes","monilicornis",1,NA,NA,"G. Egloff","C. Praz",NA,NA,NA,"Sphecodes monilicornis","LC",NA,NA,NA,NA,NA
777,"GE777",6,"focal","Thiele",2537647,1180202,433,"VD","12.06.2025","3","F.TH.VD.3.6","G. Egloff","Yverdon-les-Bains","GE777","Yverdon-les-Bains",NA,NA,"537647","180202",433,6,"12","06","vi","2025","Sphecodes","monilicornis",1,NA,NA,"G. Egloff","C. Praz",NA,NA,NA,"Sphecodes monilicornis","LC",NA,NA,NA,NA,NA
778,"GE778",6,"focal","Thiele",2537647,1180202,433,"VD","12.06.2025","3","F.TH.VD.3.6","G. Egloff","Yverdon-les-Bains","GE778","Yverdon-les-Bains",NA,NA,"537647","180202",433,6,"12","06","vi","2025","Sphecodes","monilicornis",1,NA,NA,"G. Egloff","C. Praz",NA,NA,NA,"Sphecodes monilicornis","LC",NA,NA,NA,NA,NA
779,"GE779",6,"focal","Thiele",2537647,1180202,433,"VD","12.06.2025","3","F.TH.VD.3.6","G. Egloff","Yverdon-les-Bains","GE779","Yverdon-les-Bains",NA,NA,"537647","180202",433,6,"12","06","vi","2025","Lasioglossum","malachurum",1,NA,NA,"G. Egloff","C. Praz",NA,NA,NA,"Lasioglossum malachurum","LC",NA,NA,NA,NA,NA
780,"GE780",6,"focal","Thiele",2537647,1180202,433,"VD","12.06.2025","3","F.TH.VD.3.6","G. Egloff","Yverdon-les-Bains","GE780","Yverdon-les-Bains",NA,NA,"537647","180202",433,6,"12","06","vi","2025","Lasioglossum","malachurum",1,NA,NA,"G. Egloff","C. Praz",NA,NA,NA,"Lasioglossum malachurum","LC",NA,NA,NA,NA,NA
781,"GE781",6,"focal","Thiele",2537647,1180202,433,"VD","12.06.2025","3","F.TH.VD.3.6","G. Egloff","Yverdon-les-Bains","GE781","Yverdon-les-Bains",NA,NA,"537647","180202",433,6,"12","06","vi","2025","Lasioglossum","malachurum",1,NA,NA,"G. Egloff","C. Praz",NA,NA,NA,"Lasioglossum malachurum","LC",NA,NA,NA,NA,NA
782,"GE782",6,"focal","Thiele",2537647,1180202,433,"VD","12.06.2025","3","F.TH.VD.3.6","G. Egloff","Yverdon-les-Bains","GE782","Yverdon-les-Bains",NA,NA,"537647","180202",433,6,"12","06","vi","2025","Lasioglossum","malachurum",1,NA,NA,"G. Egloff","C. Praz",NA,NA,NA,"Lasioglossum malachurum","LC",NA,NA,NA,NA,NA
783,"GE783",6,"focal","Thiele",2537647,1180202,433,"VD","12.06.2025","3","F.TH.VD.3.6","G. Egloff","Yverdon-les-Bains","GE783","Yverdon-les-Bains",NA,NA,"537647","180202",433,6,"12","06","vi","2025","Lasioglossum","malachurum",1,NA,NA,"G. Egloff","C. Praz",NA,NA,NA,"Lasioglossum malachurum","LC",NA,NA,NA,NA,NA
784,"GE784",6,"focal","Thiele",2537647,1180202,433,"VD","12.06.2025","3","F.TH.VD.3.6","G. Egloff","Yverdon-les-Bains","GE784","Yverdon-les-Bains",NA,NA,"537647","180202",433,6,"12","06","vi","2025","Lasioglossum","malachurum",1,NA,NA,"G. Egloff","C. Praz",NA,NA,NA,"Lasioglossum malachurum","LC",NA,NA,NA,NA,NA
785,"GE785",6,"focal","Thiele",2537647,1180202,433,"VD","12.06.2025","3","F.TH.VD.3.6","G. Egloff","Yverdon-les-Bains","GE785","Yverdon-les-Bains",NA,NA,"537647","180202",433,6,"12","06","vi","2025","Lasioglossum","malachurum",1,NA,NA,"G. Egloff","C. Praz",NA,NA,NA,"Lasioglossum malachurum","LC",NA,NA,NA,NA,NA
786,"GE786",6,"focal","Thiele",2537647,1180202,433,"VD","12.06.2025","3","F.TH.VD.3.6","G. Egloff","Yverdon-les-Bains","GE786","Yverdon-les-Bains",NA,NA,"537647","180202",433,6,"12","06","vi","2025","Lasioglossum","malachurum",1,NA,NA,"G. Egloff","C. Praz",NA,NA,NA,"Lasioglossum malachurum","LC",NA,NA,NA,NA,NA
787,"GE787",7,"focal","Schwarzbach",2608189,1193195,525,"BE","17.06.2025","3","F.SC.BE.3.7","G. Egloff","Rubigen","GE787","Rubigen",NA,NA,"608189","193195",525,6,"17","06","vi","2025","Lasioglossum","malachurum",1,NA,NA,"G. Egloff","C. Praz",NA,NA,NA,"Lasioglossum malachurum","LC",NA,NA,NA,NA,NA
788,"GE788",7,"focal","Schwarzbach",2608189,1193195,525,"BE","17.06.2025","3","F.SC.BE.3.7","G. Egloff","Rubigen","GE788","Rubigen",NA,NA,"608189","193195",525,6,"17","06","vi","2025","Lasioglossum","malachurum",1,NA,NA,"G. Egloff","C. Praz",NA,NA,NA,"Lasioglossum malachurum","LC",NA,NA,NA,NA,NA
789,"GE789",7,"focal","Schwarzbach",2608189,1193195,525,"BE","17.06.2025","3","F.SC.BE.3.7","G. Egloff","Rubigen","GE789","Rubigen",NA,NA,"608189","193195",525,6,"17","06","vi","2025","Lasioglossum","malachurum",1,NA,NA,"G. Egloff","C. Praz",NA,NA,NA,"Lasioglossum malachurum","LC",NA,NA,NA,NA,NA
790,"GE790",7,"focal","Schwarzbach",2608189,1193195,525,"BE","17.06.2025","3","F.SC.BE.3.7","G. Egloff","Rubigen","GE790","Rubigen",NA,NA,"608189","193195",525,6,"17","06","vi","2025","Lasioglossum","malachurum",1,NA,NA,"G. Egloff","C. Praz",NA,NA,NA,"Lasioglossum malachurum","LC",NA,NA,NA,NA,NA
791,"GE791",7,"focal","Schwarzbach",2608189,1193195,525,"BE","17.06.2025","3","F.SC.BE.3.7","G. Egloff","Rubigen","GE791","Rubigen",NA,NA,"608189","193195",525,6,"17","06","vi","2025","Lasioglossum","laticeps",1,NA,NA,"G. Egloff","C. Praz",NA,NA,NA,"Lasioglossum laticeps","LC",NA,NA,NA,NA,NA
792,"GE792",7,"focal","Schwarzbach",2608189,1193195,525,"BE","17.06.2025","3","F.SC.BE.3.7","G. Egloff","Rubigen","GE792","Rubigen",NA,NA,"608189","193195",525,6,"17","06","vi","2025","Andrena","minutula",NA,NA,1,"G. Egloff","C. Praz",NA,NA,NA,"Andrena minutula","LC",NA,NA,NA,NA,NA
793,"GE793",7,"focal","Schwarzbach",2608189,1193195,525,"BE","17.06.2025","3","F.SC.BE.3.7","G. Egloff","Rubigen","GE793","Rubigen",NA,NA,"608189","193195",525,6,"17","06","vi","2025","Hylaeus","confusus",NA,NA,1,"G. Egloff","C. Praz",NA,NA,NA,"Hylaeus confusus","LC",NA,NA,NA,NA,NA
794,"GE794",7,"focal","Schwarzbach",2608189,1193195,525,"BE","17.06.2025","3","F.SC.BE.3.7","G. Egloff","Rubigen","GE794","Rubigen",NA,NA,"608189","193195",525,6,"17","06","vi","2025","Lasioglossum","pauxillum",1,NA,NA,"G. Egloff","C. Praz",NA,NA,NA,"Lasioglossum pauxillum","LC",NA,NA,NA,NA,NA
795,"GE795",7,"focal","Schwarzbach",2608189,1193195,525,"BE","17.06.2025","3","F.SC.BE.3.7","G. Egloff","Rubigen","GE795","Rubigen",NA,NA,"608189","193195",525,6,"17","06","vi","2025","Lasioglossum","pauxillum",1,NA,NA,"G. Egloff","C. Praz",NA,NA,NA,"Lasioglossum pauxillum","LC",NA,NA,NA,NA,NA
796,"GE796",4,"focal","Schwarzbach",2608165,1193225,525,"BE","17.06.2025","3","F.SC.BE.3.4","G. Egloff","Rubigen","GE796","Rubigen",NA,NA,"608165","193225",525,6,"17","06","vi","2025","Halictus","tumulorum",1,NA,NA,"G. Egloff","C. Praz",NA,NA,NA,"Halictus tumulorum","LC",NA,NA,NA,NA,NA
797,"GE797",4,"focal","Schwarzbach",2608165,1193225,525,"BE","17.06.2025","3","F.SC.BE.3.4","G. Egloff","Rubigen","GE797","Rubigen",NA,NA,"608165","193225",525,6,"17","06","vi","2025","Lasioglossum","malachurum",1,NA,NA,"G. Egloff","C. Praz",NA,NA,NA,"Lasioglossum malachurum","LC",NA,NA,NA,NA,NA
798,"GE798",4,"focal","Schwarzbach",2608165,1193225,525,"BE","17.06.2025","3","F.SC.BE.3.4","G. Egloff","Rubigen","GE798","Rubigen",NA,NA,"608165","193225",525,6,"17","06","vi","2025","Lasioglossum","laticeps",1,NA,NA,"G. Egloff","C. Praz",NA,NA,NA,"Lasioglossum laticeps","LC",NA,NA,NA,NA,NA
799,"GE799",4,"focal","Schwarzbach",2608165,1193225,525,"BE","17.06.2025","3","F.SC.BE.3.4","G. Egloff","Rubigen","GE799","Rubigen",NA,NA,"608165","193225",525,6,"17","06","vi","2025","Lasioglossum","laticeps",1,NA,NA,"G. Egloff","C. Praz",NA,NA,NA,"Lasioglossum laticeps","LC",NA,NA,NA,NA,NA
800,"GE800",4,"focal","Schwarzbach",2608165,1193225,525,"BE","17.06.2025","3","F.SC.BE.3.4","G. Egloff","Rubigen","GE800","Rubigen",NA,NA,"608165","193225",525,6,"17","06","vi","2025","Hylaeus","dilatatus",1,NA,NA,"G. Egloff","C. Praz",NA,NA,NA,"Hylaeus dilatatus","LC",NA,NA,NA,NA,NA
801,"GE801",4,"focal","Schwarzbach",2608165,1193225,525,"BE","17.06.2025","3","F.SC.BE.3.4","G. Egloff","Rubigen","GE801","Rubigen",NA,NA,"608165","193225",525,6,"17","06","vi","2025","Lasioglossum","pauxillum",1,NA,NA,"G. Egloff","C. Praz",NA,NA,NA,"Lasioglossum pauxillum","LC",NA,NA,NA,NA,NA
802,"GE802",4,"focal","Schwarzbach",2608165,1193225,525,"BE","17.06.2025","3","F.SC.BE.3.4","G. Egloff","Rubigen","GE802","Rubigen",NA,NA,"608165","193225",525,6,"17","06","vi","2025","Lasioglossum","politum",1,NA,NA,"G. Egloff","C. Praz",NA,NA,NA,"Lasioglossum politum","LC",NA,NA,NA,NA,NA
803,"GE803",4,"focal","Schwarzbach",2608165,1193225,525,"BE","17.06.2025","3","F.SC.BE.3.4","G. Egloff","Rubigen","GE803","Rubigen",NA,NA,"608165","193225",525,6,"17","06","vi","2025","Hylaeus","dilatatus",1,NA,NA,"G. Egloff","C. Praz",NA,NA,NA,"Hylaeus dilatatus","LC",NA,NA,NA,NA,NA
804,"GE804",8,"focal","Schwarzbach",2608198,1193190,525,"BE","17.06.2025","3","F.SC.BE.3.8","G. Egloff","Rubigen","GE804","Rubigen",NA,NA,"608198","193190",525,6,"17","06","vi","2025","Eucera","nigrescens",1,NA,NA,"G. Egloff","C. Praz",NA,NA,NA,"Eucera nigrescens","LC",NA,NA,NA,NA,NA
805,"GE805",8,"focal","Schwarzbach",2608198,1193190,525,"BE","17.06.2025","3","F.SC.BE.3.8","G. Egloff","Rubigen","GE805","Rubigen",NA,NA,"608198","193190",525,6,"17","06","vi","2025","Hylaeus","confusus",NA,NA,1,"G. Egloff","C. Praz",NA,NA,NA,"Hylaeus confusus","LC",NA,NA,NA,NA,NA
806,"GE806",8,"focal","Schwarzbach",2608198,1193190,525,"BE","17.06.2025","3","F.SC.BE.3.8","G. Egloff","Rubigen","GE806","Rubigen",NA,NA,"608198","193190",525,6,"17","06","vi","2025","Lasioglossum","glabriusculum",1,NA,NA,"G. Egloff","C. Praz",NA,NA,NA,"Lasioglossum glabriusculum","LC",NA,NA,NA,NA,NA
807,"GE807",8,"focal","Schwarzbach",2608198,1193190,525,"BE","17.06.2025","3","F.SC.BE.3.8","G. Egloff","Rubigen","GE807","Rubigen",NA,NA,"608198","193190",525,6,"17","06","vi","2025","Lasioglossum","morio",NA,NA,1,"G. Egloff","C. Praz",NA,NA,NA,"Lasioglossum morio","LC",NA,NA,NA,NA,NA
808,"GE808",8,"focal","Schwarzbach",2608198,1193190,525,"BE","17.06.2025","3","F.SC.BE.3.8","G. Egloff","Rubigen","GE808","Rubigen",NA,NA,"608198","193190",525,6,"17","06","vi","2025","Wasp",NA,NA,1,NA,"G. Egloff","C. Praz",NA,NA,NA,"Wasp",NA,NA,NA,NA,NA,NA
809,"GE809",5,"focal","Schwarzbach",2608169,1193214,525,"BE","17.06.2025","3","F.SC.BE.3.5","G. Egloff","Rubigen","GE809","Rubigen",NA,NA,"608169","193214",525,6,"17","06","vi","2025","Hylaeus","dilatatus",NA,NA,1,"G. Egloff","C. Praz",NA,NA,NA,"Hylaeus dilatatus","LC",NA,NA,NA,NA,NA
810,"GE810",5,"focal","Schwarzbach",2608169,1193214,525,"BE","17.06.2025","3","F.SC.BE.3.5","G. Egloff","Rubigen","GE810","Rubigen",NA,NA,"608169","193214",525,6,"17","06","vi","2025","Hoplitis","leucomelana",NA,NA,1,"G. Egloff","C. Praz",NA,NA,NA,"Hoplitis leucomelana","LC",NA,NA,NA,NA,NA
811,"GE811",5,"focal","Schwarzbach",2608169,1193214,525,"BE","17.06.2025","3","F.SC.BE.3.5","G. Egloff","Rubigen","GE811","Rubigen",NA,NA,"608169","193214",525,6,"17","06","vi","2025","Lasioglossum","fulvicorne",1,NA,NA,"G. Egloff","C. Praz",NA,NA,NA,"Lasioglossum fulvicorne","LC",NA,NA,NA,NA,NA
812,"GE812",5,"focal","Schwarzbach",2608169,1193214,525,"BE","17.06.2025","3","F.SC.BE.3.5","G. Egloff","Rubigen","GE812","Rubigen",NA,NA,"608169","193214",525,6,"17","06","vi","2025","Lasioglossum","lineare",1,NA,NA,"G. Egloff","C. Praz",NA,NA,NA,"Lasioglossum lineare","NT",NA,NA,NA,NA,NA
813,"GE813",5,"focal","Schwarzbach",2608169,1193214,525,"BE","17.06.2025","3","F.SC.BE.3.5","G. Egloff","Rubigen","GE813","Rubigen",NA,NA,"608169","193214",525,6,"17","06","vi","2025","Lasioglossum","pauxillum",1,NA,NA,"G. Egloff","C. Praz",NA,NA,NA,"Lasioglossum pauxillum","LC",NA,NA,NA,NA,NA
814,"GE814",5,"focal","Schwarzbach",2608169,1193214,525,"BE","17.06.2025","3","F.SC.BE.3.5","G. Egloff","Rubigen","GE814","Rubigen",NA,NA,"608169","193214",525,6,"17","06","vi","2025","Lasioglossum","glabriusculum",1,NA,NA,"G. Egloff","C. Praz",NA,NA,NA,"Lasioglossum glabriusculum","LC",NA,NA,NA,NA,NA
815,"GE815",5,"focal","Schwarzbach",2608169,1193214,525,"BE","17.06.2025","3","F.SC.BE.3.5","G. Egloff","Rubigen","GE815","Rubigen",NA,NA,"608169","193214",525,6,"17","06","vi","2025","Lasioglossum","glabriusculum",1,NA,NA,"G. Egloff","C. Praz",NA,NA,NA,"Lasioglossum glabriusculum","LC",NA,NA,NA,NA,NA
816,"GE816",5,"focal","Schwarzbach",2608169,1193214,525,"BE","17.06.2025","3","F.SC.BE.3.5","G. Egloff","Rubigen","GE816","Rubigen",NA,NA,"608169","193214",525,6,"17","06","vi","2025","Lasioglossum","morio",1,NA,NA,"G. Egloff","C. Praz",NA,NA,NA,"Lasioglossum morio","LC",NA,NA,NA,NA,NA
817,"GE817",5,"focal","Schwarzbach",2608169,1193214,525,"BE","17.06.2025","3","F.SC.BE.3.5","G. Egloff","Rubigen","GE817","Rubigen",NA,NA,"608169","193214",525,6,"17","06","vi","2025","Hylaeus","gredleri",NA,NA,1,"G. Egloff","C. Praz",NA,NA,NA,"Hylaeus gredleri","LC",NA,NA,NA,NA,NA
818,"GE818",5,"focal","Schwarzbach",2608169,1193214,525,"BE","17.06.2025","3","F.SC.BE.3.5","G. Egloff","Rubigen","GE818","Rubigen",NA,NA,"608169","193214",525,6,"17","06","vi","2025","Lasioglossum","glabriusculum",1,NA,NA,"G. Egloff","C. Praz",NA,NA,NA,"Lasioglossum glabriusculum","LC",NA,NA,NA,NA,NA
819,"GE819",5,"focal","Schwarzbach",2608169,1193214,525,"BE","17.06.2025","3","F.SC.BE.3.5","G. Egloff","Rubigen","GE819","Rubigen",NA,NA,"608169","193214",525,6,"17","06","vi","2025","Lasioglossum","glabriusculum",1,NA,NA,"G. Egloff","C. Praz",NA,NA,NA,"Lasioglossum glabriusculum","LC",NA,NA,NA,NA,NA
820,"GE820",5,"focal","Schwarzbach",2608169,1193214,525,"BE","17.06.2025","3","F.SC.BE.3.5","G. Egloff","Rubigen","GE820","Rubigen",NA,NA,"608169","193214",525,6,"17","06","vi","2025","Lasioglossum","glabriusculum",1,NA,NA,"G. Egloff","C. Praz",NA,NA,NA,"Lasioglossum glabriusculum","LC",NA,NA,NA,NA,NA
821,"GE821",1,"focal","Schwarzbach",2608086,1193312,525,"BE","17.06.2025","3","F.SC.BE.3.1","G. Egloff","Rubigen","GE821","Rubigen",NA,NA,"608086","193312",525,6,"17","06","vi","2025","Halictus","simplex aggr.",1,NA,NA,"G. Egloff","C. Praz",NA,NA,NA,"Halictus simplex aggr.","LC",NA,NA,NA,NA,NA
822,"GE822",1,"focal","Schwarzbach",2608086,1193312,525,"BE","17.06.2025","3","F.SC.BE.3.1","G. Egloff","Rubigen","GE822","Rubigen",NA,NA,"608086","193312",525,6,"17","06","vi","2025","Lasioglossum","malachurum",1,NA,NA,"G. Egloff","C. Praz",NA,NA,NA,"Lasioglossum malachurum","LC",NA,NA,NA,NA,NA
823,"GE823",1,"focal","Schwarzbach",2608086,1193312,525,"BE","17.06.2025","3","F.SC.BE.3.1","G. Egloff","Rubigen","GE823","Rubigen",NA,NA,"608086","193312",525,6,"17","06","vi","2025","Hoplitis","leucomelana",NA,NA,1,"G. Egloff","C. Praz",NA,NA,NA,"Hoplitis leucomelana","LC",NA,NA,NA,NA,NA
824,"GE824",1,"focal","Schwarzbach",2608086,1193312,525,"BE","17.06.2025","3","F.SC.BE.3.1","G. Egloff","Rubigen","GE824","Rubigen",NA,NA,"608086","193312",525,6,"17","06","vi","2025","Lasioglossum","glabriusculum",1,NA,NA,"G. Egloff","C. Praz",NA,NA,NA,"Lasioglossum glabriusculum","LC",NA,NA,NA,NA,NA
825,"GE825",1,"focal","Schwarzbach",2608086,1193312,525,"BE","17.06.2025","3","F.SC.BE.3.1","G. Egloff","Rubigen","GE825","Rubigen",NA,NA,"608086","193312",525,6,"17","06","vi","2025","Lasioglossum","glabriusculum",1,NA,NA,"G. Egloff","C. Praz",NA,NA,NA,"Lasioglossum glabriusculum","LC",NA,NA,NA,NA,NA
826,"GE826",1,"focal","Schwarzbach",2608086,1193312,525,"BE","17.06.2025","3","F.SC.BE.3.1","G. Egloff","Rubigen","GE826","Rubigen",NA,NA,"608086","193312",525,6,"17","06","vi","2025","Lasioglossum","pauxillum",1,NA,NA,"G. Egloff","C. Praz",NA,NA,NA,"Lasioglossum pauxillum","LC",NA,NA,NA,NA,NA
827,"GE827",1,"focal","Schwarzbach",2608086,1193312,525,"BE","17.06.2025","3","F.SC.BE.3.1","G. Egloff","Rubigen","GE827","Rubigen",NA,NA,"608086","193312",525,6,"17","06","vi","2025","Lasioglossum","glabriusculum",1,NA,NA,"G. Egloff","C. Praz",NA,NA,NA,"Lasioglossum glabriusculum","LC",NA,NA,NA,NA,NA
828,"GE828",1,"focal","Schwarzbach",2608086,1193312,525,"BE","17.06.2025","3","F.SC.BE.3.1","G. Egloff","Rubigen","GE828","Rubigen",NA,NA,"608086","193312",525,6,"17","06","vi","2025","Lasioglossum","glabriusculum",1,NA,NA,"G. Egloff","C. Praz",NA,NA,NA,"Lasioglossum glabriusculum","LC",NA,NA,NA,NA,NA
829,"GE829",1,"focal","Schwarzbach",2608086,1193312,525,"BE","17.06.2025","3","F.SC.BE.3.1","G. Egloff","Rubigen","GE829","Rubigen",NA,NA,"608086","193312",525,6,"17","06","vi","2025","Lasioglossum","glabriusculum",1,NA,NA,"G. Egloff","C. Praz",NA,NA,NA,"Lasioglossum glabriusculum","LC",NA,NA,NA,NA,NA
830,"GE830",1,"focal","Schwarzbach",2608086,1193312,525,"BE","17.06.2025","3","F.SC.BE.3.1","G. Egloff","Rubigen","GE830","Rubigen",NA,NA,"608086","193312",525,6,"17","06","vi","2025","Lasioglossum","glabriusculum",1,NA,NA,"G. Egloff","C. Praz",NA,NA,NA,"Lasioglossum glabriusculum","LC",NA,NA,NA,NA,NA
831,"GE831",1,"focal","Schwarzbach",2608086,1193312,525,"BE","17.06.2025","3","F.SC.BE.3.1","G. Egloff","Rubigen","GE831","Rubigen",NA,NA,"608086","193312",525,6,"17","06","vi","2025","Lasioglossum","glabriusculum",1,NA,NA,"G. Egloff","C. Praz",NA,NA,NA,"Lasioglossum glabriusculum","LC",NA,NA,NA,NA,NA
832,"GE832",1,"focal","Schwarzbach",2608086,1193312,525,"BE","17.06.2025","3","F.SC.BE.3.1","G. Egloff","Rubigen","GE832","Rubigen",NA,NA,"608086","193312",525,6,"17","06","vi","2025","Lasioglossum","glabriusculum",1,NA,NA,"G. Egloff","C. Praz",NA,NA,NA,"Lasioglossum glabriusculum","LC",NA,NA,NA,NA,NA
833,"GE833",2,"focal","Schwarzbach",2608093,1193301,525,"BE","17.06.2025","3","F.SC.BE.3.2","G. Egloff","Rubigen","GE833","Rubigen",NA,NA,"608093","193301",525,6,"17","06","vi","2025","Lasioglossum","laticeps",1,NA,NA,"G. Egloff","C. Praz",NA,NA,NA,"Lasioglossum laticeps","LC",NA,NA,NA,NA,NA
834,"GE834",2,"focal","Schwarzbach",2608093,1193301,525,"BE","17.06.2025","3","F.SC.BE.3.2","G. Egloff","Rubigen","GE834","Rubigen",NA,NA,"608093","193301",525,6,"17","06","vi","2025","Lasioglossum","laticeps",1,NA,NA,"G. Egloff","C. Praz",NA,NA,NA,"Lasioglossum laticeps","LC",NA,NA,NA,NA,NA
835,"GE835",2,"focal","Schwarzbach",2608093,1193301,525,"BE","17.06.2025","3","F.SC.BE.3.2","G. Egloff","Rubigen","GE835","Rubigen",NA,NA,"608093","193301",525,6,"17","06","vi","2025","Hylaeus","confusus",NA,NA,1,"G. Egloff","C. Praz",NA,NA,NA,"Hylaeus confusus","LC",NA,NA,NA,NA,NA
836,"GE836",6,"focal","Schwarzbach",2608180,1193208,525,"BE","17.06.2025","3","F.SC.BE.3.6","G. Egloff","Rubigen","GE836","Rubigen",NA,NA,"608180","193208",525,6,"17","06","vi","2025","Macropis","fulvipes",NA,NA,1,"G. Egloff","C. Praz",NA,NA,NA,"Macropis fulvipes","LC",NA,NA,NA,NA,NA
837,"GE837",6,"focal","Schwarzbach",2608180,1193208,525,"BE","17.06.2025","3","F.SC.BE.3.6","G. Egloff","Rubigen","GE837","Rubigen",NA,NA,"608180","193208",525,6,"17","06","vi","2025","Hylaeus","confusus",NA,NA,1,"G. Egloff","C. Praz",NA,NA,NA,"Hylaeus confusus","LC",NA,NA,NA,NA,NA
838,"GE838",6,"focal","Schwarzbach",2608180,1193208,525,"BE","17.06.2025","3","F.SC.BE.3.6","G. Egloff","Rubigen","GE838","Rubigen",NA,NA,"608180","193208",525,6,"17","06","vi","2025","Hylaeus","confusus",NA,NA,1,"G. Egloff","C. Praz",NA,NA,NA,"Hylaeus confusus","LC",NA,NA,NA,NA,NA
839,"GE839",3,"focal","Schwarzbach",2608135,1193252,525,"BE","17.06.2025","3","F.SC.BE.3.3","G. Egloff","Rubigen","GE839","Rubigen",NA,NA,"608135","193252",525,6,"17","06","vi","2025","Bombus","pascuorum",NA,1,NA,"G. Egloff","C. Praz","Used for teaching",NA,NA,"Bombus pascuorum","LC",NA,NA,NA,NA,NA
840,"GE840",1,"control","Schwarzbach",2609861,1193161,587,"BE","19.06.2025","3","C.SC.BE.3.1","G. Egloff","Münsingen","GE840","Münsingen",NA,NA,"609861","193161",587,6,"19","06","vi","2025","Anthidium","manicatum",1,NA,NA,"G. Egloff","C. Praz",NA,NA,NA,"Anthidium manicatum","LC",NA,NA,NA,NA,NA
841,"GE841",1,"control","Schwarzbach",2609861,1193161,587,"BE","19.06.2025","3","C.SC.BE.3.1","G. Egloff","Münsingen","GE841","Münsingen",NA,NA,"609861","193161",587,6,"19","06","vi","2025","Megachile","versicolor",1,NA,NA,"G. Egloff","C. Praz",NA,NA,NA,"Megachile versicolor","LC",NA,NA,NA,NA,NA
842,"GE842",1,"control","Schwarzbach",2609861,1193161,587,"BE","19.06.2025","3","C.SC.BE.3.1","G. Egloff","Münsingen","GE842","Münsingen",NA,NA,"609861","193161",587,6,"19","06","vi","2025","Sphecodes","monilicornis",1,NA,NA,"G. Egloff","C. Praz",NA,NA,NA,"Sphecodes monilicornis","LC",NA,NA,NA,NA,NA
843,"GE843",1,"control","Schwarzbach",2609861,1193161,587,"BE","19.06.2025","3","C.SC.BE.3.1","G. Egloff","Münsingen","GE843","Münsingen",NA,NA,"609861","193161",587,6,"19","06","vi","2025","Stelis","ornatula",1,NA,NA,"G. Egloff","C. Praz",NA,NA,NA,"Stelis ornatula","LC",NA,NA,NA,NA,NA
844,"GE844",6,"control","Schwarzbach",2609967,1193089,589,"BE","19.06.2025","3","C.SC.BE.3.6","G. Egloff","Münsingen","GE844","Münsingen",NA,NA,"609967","193089",589,6,"19","06","vi","2025","Lasioglossum","laticeps",1,NA,NA,"G. Egloff","C. Praz",NA,NA,NA,"Lasioglossum laticeps","LC",NA,NA,NA,NA,NA
845,"GE845",8,"control","Schwarzbach",2610004,1193064,589,"BE","19.06.2025","3","C.SC.BE.3.8","G. Egloff","Münsingen","GE845","Münsingen",NA,NA,"610004","193064",589,6,"19","06","vi","2025","Bombus","pratorum",NA,1,NA,"G. Egloff","C. Praz",NA,NA,NA,"Bombus pratorum","LC",NA,NA,NA,NA,NA
846,"GE846",5,"focal","Aire",2495479,1113801,402,"GE","30.06.2025","4","F.AI.GE.4.5","G. Egloff","Confignon","GE846","Confignon",NA,NA,"495479","113801",402,6,"30","06","vi","2025","Halictus","scabiosae",1,NA,NA,"G. Egloff","C. Praz",NA,NA,NA,"Halictus scabiosae","LC",NA,NA,NA,NA,NA
847,"GE847",5,"focal","Aire",2495479,1113801,402,"GE","30.06.2025","4","F.AI.GE.4.5","G. Egloff","Confignon","GE847","Confignon",NA,NA,"495479","113801",402,6,"30","06","vi","2025","Halictus","simplex aggr.",1,NA,NA,"G. Egloff","C. Praz",NA,NA,NA,"Halictus simplex aggr.","LC",NA,NA,NA,NA,NA
848,"GE848",5,"focal","Aire",2495479,1113801,402,"GE","30.06.2025","4","F.AI.GE.4.5","G. Egloff","Confignon","GE848","Confignon",NA,NA,"495479","113801",402,6,"30","06","vi","2025","Halictus","simplex aggr.",1,NA,NA,"G. Egloff","C. Praz",NA,NA,NA,"Halictus simplex aggr.","LC",NA,NA,NA,NA,NA
849,"GE849",5,"focal","Aire",2495479,1113801,402,"GE","30.06.2025","4","F.AI.GE.4.5","G. Egloff","Confignon","GE849","Confignon",NA,NA,"495479","113801",402,6,"30","06","vi","2025","Lasioglossum","calceatum",1,NA,NA,"G. Egloff","C. Praz","Used for teaching",NA,NA,"Lasioglossum calceatum","LC",NA,NA,NA,NA,NA
850,"GE850",5,"focal","Aire",2495479,1113801,402,"GE","30.06.2025","4","F.AI.GE.4.5","G. Egloff","Confignon","GE850","Confignon",NA,NA,"495479","113801",402,6,"30","06","vi","2025","Halictus","simplex aggr.",1,NA,NA,"G. Egloff","C. Praz",NA,NA,NA,"Halictus simplex aggr.","LC",NA,NA,NA,NA,NA
851,"GE851",5,"focal","Aire",2495479,1113801,402,"GE","30.06.2025","4","F.AI.GE.4.5","G. Egloff","Confignon","GE851","Confignon",NA,NA,"495479","113801",402,6,"30","06","vi","2025","Lasioglossum","interruptum",1,NA,NA,"G. Egloff","C. Praz",NA,NA,NA,"Lasioglossum interruptum","LC",NA,NA,NA,NA,NA
852,"GE852",5,"focal","Aire",2495479,1113801,402,"GE","30.06.2025","4","F.AI.GE.4.5","G. Egloff","Confignon","GE852","Confignon",NA,NA,"495479","113801",402,6,"30","06","vi","2025","Lasioglossum","zonulum",NA,NA,1,"G. Egloff","C. Praz",NA,NA,NA,"Lasioglossum zonulum","LC",NA,NA,NA,NA,NA
853,"GE853",5,"focal","Aire",2495479,1113801,402,"GE","30.06.2025","4","F.AI.GE.4.5","G. Egloff","Confignon","GE853","Confignon",NA,NA,"495479","113801",402,6,"30","06","vi","2025","Halictus","simplex",NA,NA,1,"G. Egloff","C. Praz",NA,NA,NA,"Halictus simplex","LC",NA,NA,NA,NA,NA
854,"GE854",5,"focal","Aire",2495479,1113801,402,"GE","30.06.2025","4","F.AI.GE.4.5","G. Egloff","Confignon","GE854","Confignon",NA,NA,"495479","113801",402,6,"30","06","vi","2025","Ceratina","cyanea",1,NA,NA,"G. Egloff","C. Praz",NA,NA,NA,"Ceratina cyanea","LC",NA,NA,NA,NA,NA
855,"GE855",5,"focal","Aire",2495479,1113801,402,"GE","30.06.2025","4","F.AI.GE.4.5","G. Egloff","Confignon","GE855","Confignon",NA,NA,"495479","113801",402,6,"30","06","vi","2025","Lasioglossum","lineare",1,NA,NA,"G. Egloff","C. Praz",NA,NA,NA,"Lasioglossum lineare","NT",NA,NA,NA,NA,NA
856,"GE856",5,"focal","Aire",2495479,1113801,402,"GE","30.06.2025","4","F.AI.GE.4.5","G. Egloff","Confignon","GE856","Confignon",NA,NA,"495479","113801",402,6,"30","06","vi","2025","Lasioglossum","laticeps",NA,NA,1,"G. Egloff","C. Praz",NA,NA,NA,"Lasioglossum laticeps","LC",NA,NA,NA,NA,NA
857,"GE857",5,"focal","Aire",2495479,1113801,402,"GE","30.06.2025","4","F.AI.GE.4.5","G. Egloff","Confignon","GE857","Confignon",NA,NA,"495479","113801",402,6,"30","06","vi","2025","Lasioglossum","glabriusculum",1,NA,NA,"G. Egloff","C. Praz",NA,NA,NA,"Lasioglossum glabriusculum","LC",NA,NA,NA,NA,NA
858,"GE858",3,"focal","Aire",2495446,1113810,401,"GE","30.06.2025","4","F.AI.GE.4.3","G. Egloff","Confignon","GE858","Confignon",NA,NA,"495446","113810",401,6,"30","06","vi","2025","Hoplitis","adunca",1,NA,NA,"G. Egloff","C. Praz",NA,NA,NA,"Hoplitis adunca","LC",NA,NA,NA,NA,NA
859,"GE859",3,"focal","Aire",2495446,1113810,401,"GE","30.06.2025","4","F.AI.GE.4.3","G. Egloff","Confignon","GE859","Confignon",NA,NA,"495446","113810",401,6,"30","06","vi","2025","Lasioglossum","malachurum",1,NA,NA,"G. Egloff","C. Praz",NA,NA,NA,"Lasioglossum malachurum","LC",NA,NA,NA,NA,NA
860,"GE860",3,"focal","Aire",2495446,1113810,401,"GE","30.06.2025","4","F.AI.GE.4.3","G. Egloff","Confignon","GE860","Confignon",NA,NA,"495446","113810",401,6,"30","06","vi","2025","Lasioglossum","malachurum",1,NA,NA,"G. Egloff","C. Praz",NA,NA,NA,"Lasioglossum malachurum","LC",NA,NA,NA,NA,NA
861,"GE861",3,"focal","Aire",2495446,1113810,401,"GE","30.06.2025","4","F.AI.GE.4.3","G. Egloff","Confignon","GE861","Confignon",NA,NA,"495446","113810",401,6,"30","06","vi","2025","Lasioglossum","malachurum",1,NA,NA,"G. Egloff","C. Praz",NA,NA,NA,"Lasioglossum malachurum","LC",NA,NA,NA,NA,NA
862,"GE862",3,"focal","Aire",2495446,1113810,401,"GE","30.06.2025","4","F.AI.GE.4.3","G. Egloff","Confignon","GE862","Confignon",NA,NA,"495446","113810",401,6,"30","06","vi","2025","Lasioglossum","malachurum",1,NA,NA,"G. Egloff","C. Praz",NA,NA,NA,"Lasioglossum malachurum","LC",NA,NA,NA,NA,NA
863,"GE863",3,"focal","Aire",2495446,1113810,401,"GE","30.06.2025","4","F.AI.GE.4.3","G. Egloff","Confignon","GE863","Confignon",NA,NA,"495446","113810",401,6,"30","06","vi","2025","Lasioglossum","malachurum",1,NA,NA,"G. Egloff","C. Praz",NA,NA,NA,"Lasioglossum malachurum","LC",NA,NA,NA,NA,NA
864,"GE864",3,"focal","Aire",2495446,1113810,401,"GE","30.06.2025","4","F.AI.GE.4.3","G. Egloff","Confignon","GE864","Confignon",NA,NA,"495446","113810",401,6,"30","06","vi","2025","Lasioglossum","malachurum",1,NA,NA,"G. Egloff","C. Praz",NA,NA,NA,"Lasioglossum malachurum","LC",NA,NA,NA,NA,NA
865,"GE865",3,"focal","Aire",2495446,1113810,401,"GE","30.06.2025","4","F.AI.GE.4.3","G. Egloff","Confignon","GE865","Confignon",NA,NA,"495446","113810",401,6,"30","06","vi","2025","Heriades","truncorum",1,NA,NA,"G. Egloff","C. Praz",NA,NA,NA,"Heriades truncorum","LC",NA,NA,NA,NA,NA
866,"GE866",3,"focal","Aire",2495446,1113810,401,"GE","30.06.2025","4","F.AI.GE.4.3","G. Egloff","Confignon","GE866","Confignon",NA,NA,"495446","113810",401,6,"30","06","vi","2025","Heriades","crenulatus",1,NA,NA,"G. Egloff","C. Praz",NA,NA,NA,"Heriades crenulatus","NT",NA,NA,NA,NA,NA
867,"GE867",2,"focal","Aire",2495429,1113779,402,"GE","30.06.2025","4","F.AI.GE.4.2","G. Egloff","Confignon","GE867","Confignon",NA,NA,"495429","113779",402,6,"30","06","vi","2025","Lasioglossum","politum",1,NA,NA,"G. Egloff","C. Praz",NA,NA,NA,"Lasioglossum politum","LC",NA,NA,NA,NA,NA
868,"GE868",2,"focal","Aire",2495429,1113779,402,"GE","30.06.2025","4","F.AI.GE.4.2","G. Egloff","Confignon","GE868","Confignon",NA,NA,"495429","113779",402,6,"30","06","vi","2025","Lasioglossum","politum",1,NA,NA,"G. Egloff","C. Praz",NA,NA,NA,"Lasioglossum politum","LC",NA,NA,NA,NA,NA
869,"GE869",2,"focal","Aire",2495429,1113779,402,"GE","30.06.2025","4","F.AI.GE.4.2","G. Egloff","Confignon","GE869","Confignon",NA,NA,"495429","113779",402,6,"30","06","vi","2025","Lasioglossum","pauxillum",1,NA,NA,"G. Egloff","C. Praz",NA,NA,NA,"Lasioglossum pauxillum","LC",NA,NA,NA,NA,NA
870,"GE870",2,"focal","Aire",2495429,1113779,402,"GE","30.06.2025","4","F.AI.GE.4.2","G. Egloff","Confignon","GE870","Confignon",NA,NA,"495429","113779",402,6,"30","06","vi","2025","Lasioglossum","pauxillum",1,NA,NA,"G. Egloff","C. Praz",NA,NA,NA,"Lasioglossum pauxillum","LC",NA,NA,NA,NA,NA
871,"GE871",2,"focal","Aire",2495429,1113779,402,"GE","30.06.2025","4","F.AI.GE.4.2","G. Egloff","Confignon","GE871","Confignon",NA,NA,"495429","113779",402,6,"30","06","vi","2025","Lasioglossum","pauxillum",1,NA,NA,"G. Egloff","C. Praz",NA,NA,NA,"Lasioglossum pauxillum","LC",NA,NA,NA,NA,NA
872,"GE872",2,"focal","Aire",2495429,1113779,402,"GE","30.06.2025","4","F.AI.GE.4.2","G. Egloff","Confignon","GE872","Confignon",NA,NA,"495429","113779",402,6,"30","06","vi","2025","Lasioglossum","malachurum",1,NA,NA,"G. Egloff","C. Praz",NA,NA,NA,"Lasioglossum malachurum","LC",NA,NA,NA,NA,NA
873,"GE873",2,"focal","Aire",2495429,1113779,402,"GE","30.06.2025","4","F.AI.GE.4.2","G. Egloff","Confignon","GE873","Confignon",NA,NA,"495429","113779",402,6,"30","06","vi","2025","Lasioglossum","villosulum",NA,NA,1,"G. Egloff","C. Praz",NA,NA,NA,"Lasioglossum villosulum","LC",NA,NA,NA,NA,NA
874,"GE874",2,"focal","Aire",2495429,1113779,402,"GE","30.06.2025","4","F.AI.GE.4.2","G. Egloff","Confignon","GE874","Confignon",NA,NA,"495429","113779",402,6,"30","06","vi","2025","Lasioglossum","sexnotatum",1,NA,NA,"G. Egloff","C. Praz",NA,NA,NA,"Lasioglossum sexnotatum","VU",NA,NA,NA,NA,NA
875,"GE875",2,"focal","Aire",2495429,1113779,402,"GE","30.06.2025","4","F.AI.GE.4.2","G. Egloff","Confignon","GE875","Confignon",NA,NA,"495429","113779",402,6,"30","06","vi","2025","Lasioglossum","sexnotatum",1,NA,NA,"G. Egloff","C. Praz",NA,NA,NA,"Lasioglossum sexnotatum","VU",NA,NA,NA,NA,NA
876,"GE876",2,"focal","Aire",2495429,1113779,402,"GE","30.06.2025","4","F.AI.GE.4.2","G. Egloff","Confignon","GE876","Confignon",NA,NA,"495429","113779",402,6,"30","06","vi","2025","Halictus","simplex aggr.",1,NA,NA,"G. Egloff","C. Praz",NA,NA,NA,"Halictus simplex aggr.","LC",NA,NA,NA,NA,NA
877,"GE877",2,"focal","Aire",2495429,1113779,402,"GE","30.06.2025","4","F.AI.GE.4.2","G. Egloff","Confignon","GE877","Confignon",NA,NA,"495429","113779",402,6,"30","06","vi","2025","Lasioglossum","malachurum",1,NA,NA,"G. Egloff","C. Praz",NA,NA,NA,"Lasioglossum malachurum","LC",NA,NA,NA,NA,NA
878,"GE878",2,"focal","Aire",2495429,1113779,402,"GE","30.06.2025","4","F.AI.GE.4.2","G. Egloff","Confignon","GE878","Confignon",NA,NA,"495429","113779",402,6,"30","06","vi","2025","Andrena","flavipes",NA,NA,1,"G. Egloff","C. Praz",NA,NA,NA,"Andrena flavipes","LC",NA,NA,NA,NA,NA
879,"GE879",2,"focal","Aire",2495429,1113779,402,"GE","30.06.2025","4","F.AI.GE.4.2","G. Egloff","Confignon","GE879","Confignon",NA,NA,"495429","113779",402,6,"30","06","vi","2025","Lasioglossum","sexnotatum",1,NA,NA,"G. Egloff","C. Praz",NA,NA,NA,"Lasioglossum sexnotatum","VU",NA,NA,NA,NA,NA
880,"GE880",6,"focal","Aire",2495519,1113810,402,"GE","30.06.2025","4","F.AI.GE.4.6","G. Egloff","Confignon","GE880","Confignon",NA,NA,"495519","113810",402,6,"30","06","vi","2025","Nomada","flavoguttata",NA,NA,1,"G. Egloff","C. Praz",NA,NA,NA,"Nomada flavoguttata","LC",NA,NA,NA,NA,NA
881,"GE881",6,"focal","Aire",2495519,1113810,402,"GE","30.06.2025","4","F.AI.GE.4.6","G. Egloff","Confignon","GE881","Confignon",NA,NA,"495519","113810",402,6,"30","06","vi","2025","Lasioglossum","glabriusculum",1,NA,NA,"G. Egloff","C. Praz",NA,NA,NA,"Lasioglossum glabriusculum","LC",NA,NA,NA,NA,NA
882,"GE882",6,"focal","Aire",2495519,1113810,402,"GE","30.06.2025","4","F.AI.GE.4.6","G. Egloff","Confignon","GE882","Confignon",NA,NA,"495519","113810",402,6,"30","06","vi","2025","Hylaeus","tyrolensis",NA,NA,1,"G. Egloff","C. Praz",NA,NA,NA,"Hylaeus tyrolensis","VU",NA,NA,NA,NA,NA
883,"GE883",6,"focal","Aire",2495519,1113810,402,"GE","30.06.2025","4","F.AI.GE.4.6","G. Egloff","Confignon","GE883","Confignon",NA,NA,"495519","113810",402,6,"30","06","vi","2025","Lasioglossum","glabriusculum",1,NA,NA,"G. Egloff","C. Praz",NA,NA,NA,"Lasioglossum glabriusculum","LC",NA,NA,NA,NA,NA
884,"GE884",6,"focal","Aire",2495519,1113810,402,"GE","30.06.2025","4","F.AI.GE.4.6","G. Egloff","Confignon","GE884","Confignon",NA,NA,"495519","113810",402,6,"30","06","vi","2025","Lasioglossum","interruptum",1,NA,NA,"G. Egloff","C. Praz",NA,NA,NA,"Lasioglossum interruptum","LC",NA,NA,NA,NA,NA
885,"GE885",6,"focal","Aire",2495519,1113810,402,"GE","30.06.2025","4","F.AI.GE.4.6","G. Egloff","Confignon","GE885","Confignon",NA,NA,"495519","113810",402,6,"30","06","vi","2025","Lasioglossum","malachurum",1,NA,NA,"G. Egloff","C. Praz",NA,NA,NA,"Lasioglossum malachurum","LC",NA,NA,NA,NA,NA
886,"GE886",6,"focal","Aire",2495519,1113810,402,"GE","30.06.2025","4","F.AI.GE.4.6","G. Egloff","Confignon","GE886","Confignon",NA,NA,"495519","113810",402,6,"30","06","vi","2025","Hylaeus","confusus",NA,NA,1,"G. Egloff","C. Praz",NA,NA,NA,"Hylaeus confusus","LC",NA,NA,NA,NA,NA
887,"GE887",6,"focal","Aire",2495519,1113810,402,"GE","30.06.2025","4","F.AI.GE.4.6","G. Egloff","Confignon","GE887","Confignon",NA,NA,"495519","113810",402,6,"30","06","vi","2025","Lasioglossum","interruptum",1,NA,NA,"G. Egloff","C. Praz",NA,NA,NA,"Lasioglossum interruptum","LC",NA,NA,NA,NA,NA
888,"GE888",6,"focal","Aire",2495519,1113810,402,"GE","30.06.2025","4","F.AI.GE.4.6","G. Egloff","Confignon","GE888","Confignon",NA,NA,"495519","113810",402,6,"30","06","vi","2025","Bombus","terrestris aggr.",NA,1,NA,"G. Egloff","C. Praz",NA,NA,NA,"Bombus terrestris aggr.","LC",NA,NA,NA,NA,NA
889,"GE889",6,"focal","Aire",2495519,1113810,402,"GE","30.06.2025","4","F.AI.GE.4.6","G. Egloff","Confignon","GE889","Confignon",NA,NA,"495519","113810",402,6,"30","06","vi","2025","Osmia","aurulenta",1,NA,NA,"G. Egloff","C. Praz",NA,NA,NA,"Osmia aurulenta","LC",NA,NA,NA,NA,NA
890,"GE890",6,"focal","Aire",2495519,1113810,402,"GE","30.06.2025","4","F.AI.GE.4.6","G. Egloff","Confignon","GE890","Confignon",NA,NA,"495519","113810",402,6,"30","06","vi","2025","Lasioglossum","malachurum",1,NA,NA,"G. Egloff","C. Praz",NA,NA,NA,"Lasioglossum malachurum","LC",NA,NA,NA,NA,NA
891,"GE891",6,"focal","Aire",2495519,1113810,402,"GE","30.06.2025","4","F.AI.GE.4.6","G. Egloff","Confignon","GE891","Confignon",NA,NA,"495519","113810",402,6,"30","06","vi","2025","Hoplitis","adunca",1,NA,NA,"G. Egloff","C. Praz",NA,NA,NA,"Hoplitis adunca","LC",NA,NA,NA,NA,NA
892,"GE892",8,"focal","Aire",2495526,1113823,400,"GE","30.06.2025","4","F.AI.GE.4.8","G. Egloff","Confignon","GE892","Confignon",NA,NA,"495526","113823",400,6,"30","06","vi","2025","Lasioglossum","glabriusculum",1,NA,NA,"G. Egloff","C. Praz",NA,NA,NA,"Lasioglossum glabriusculum","LC",NA,NA,NA,NA,NA
893,"GE893",8,"focal","Aire",2495526,1113823,400,"GE","30.06.2025","4","F.AI.GE.4.8","G. Egloff","Confignon","GE893","Confignon",NA,NA,"495526","113823",400,6,"30","06","vi","2025","Lasioglossum","minutissimum",1,NA,NA,"G. Egloff","C. Praz",NA,NA,NA,"Lasioglossum minutissimum","LC",NA,NA,NA,NA,NA
894,"GE894",8,"focal","Aire",2495526,1113823,400,"GE","30.06.2025","4","F.AI.GE.4.8","G. Egloff","Confignon","GE894","Confignon",NA,NA,"495526","113823",400,6,"30","06","vi","2025","Lasioglossum","politum",1,NA,NA,"G. Egloff","C. Praz",NA,NA,NA,"Lasioglossum politum","LC",NA,NA,NA,NA,NA
895,"GE895",8,"focal","Aire",2495526,1113823,400,"GE","30.06.2025","4","F.AI.GE.4.8","G. Egloff","Confignon","GE895","Confignon",NA,NA,"495526","113823",400,6,"30","06","vi","2025","Lasioglossum","intermedium",1,NA,NA,"G. Egloff","C. Praz",NA,NA,NA,"Lasioglossum intermedium","VU",NA,NA,NA,NA,NA
896,"GE896",8,"focal","Aire",2495526,1113823,400,"GE","30.06.2025","4","F.AI.GE.4.8","G. Egloff","Confignon","GE896","Confignon",NA,NA,"495526","113823",400,6,"30","06","vi","2025","Lasioglossum","marginellum",1,NA,NA,"G. Egloff","C. Praz",NA,NA,NA,"Lasioglossum marginellum","EN",NA,NA,NA,NA,NA
897,"GE897",8,"focal","Aire",2495526,1113823,400,"GE","30.06.2025","4","F.AI.GE.4.8","G. Egloff","Confignon","GE897","Confignon",NA,NA,"495526","113823",400,6,"30","06","vi","2025","Hylaeus","incongruus",1,NA,NA,"G. Egloff","C. Praz",NA,NA,NA,"Hylaeus incongruus","LC",NA,NA,NA,NA,NA
898,"GE898",8,"focal","Aire",2495526,1113823,400,"GE","30.06.2025","4","F.AI.GE.4.8","G. Egloff","Confignon","GE898","Confignon",NA,NA,"495526","113823",400,6,"30","06","vi","2025","Hylaeus","difformis",1,NA,NA,"G. Egloff","C. Praz",NA,NA,NA,"Hylaeus difformis","LC",NA,NA,NA,NA,NA
899,"GE899",8,"focal","Aire",2495526,1113823,400,"GE","30.06.2025","4","F.AI.GE.4.8","G. Egloff","Confignon","GE899","Confignon",NA,NA,"495526","113823",400,6,"30","06","vi","2025","Bombus","terrestris",NA,NA,1,"G. Egloff","C. Praz",NA,NA,NA,"Bombus terrestris","LC",NA,NA,NA,NA,NA
900,"GE900",8,"focal","Aire",2495526,1113823,400,"GE","30.06.2025","4","F.AI.GE.4.8","G. Egloff","Confignon","GE900","Confignon",NA,NA,"495526","113823",400,6,"30","06","vi","2025","Bombus","terrestris aggr.",NA,1,NA,"G. Egloff","C. Praz",NA,NA,NA,"Bombus terrestris aggr.","LC",NA,NA,NA,NA,NA
901,"GE901",8,"focal","Aire",2495526,1113823,400,"GE","30.06.2025","4","F.AI.GE.4.8","G. Egloff","Confignon","GE901","Confignon",NA,NA,"495526","113823",400,6,"30","06","vi","2025","Hylaeus","difformis",1,NA,NA,"G. Egloff","C. Praz",NA,NA,NA,"Hylaeus difformis","LC",NA,NA,NA,NA,NA
902,"GE902",8,"focal","Aire",2495526,1113823,400,"GE","30.06.2025","4","F.AI.GE.4.8","G. Egloff","Confignon","GE902","Confignon",NA,NA,"495526","113823",400,6,"30","06","vi","2025","Anthophora","furcata",NA,NA,1,"G. Egloff","C. Praz",NA,NA,NA,"Anthophora furcata","LC",NA,NA,NA,NA,NA
903,"GE903",4,"focal","Aire",2495459,1113802,402,"GE","30.06.2025","4","F.AI.GE.4.4","G. Egloff","Confignon","GE903","Confignon",NA,NA,"495459","113802",402,6,"30","06","vi","2025","Halictus","quadricinctus",1,NA,NA,"G. Egloff","C. Praz",NA,NA,NA,"Halictus quadricinctus","VU",NA,NA,NA,NA,NA
904,"GE904",4,"focal","Aire",2495459,1113802,402,"GE","30.06.2025","4","F.AI.GE.4.4","G. Egloff","Confignon","GE904","Confignon",NA,NA,"495459","113802",402,6,"30","06","vi","2025","Halictus","scabiosae",1,NA,NA,"G. Egloff","C. Praz",NA,NA,NA,"Halictus scabiosae","LC",NA,NA,NA,NA,NA
905,"GE905",4,"focal","Aire",2495459,1113802,402,"GE","30.06.2025","4","F.AI.GE.4.4","G. Egloff","Confignon","GE905","Confignon",NA,NA,"495459","113802",402,6,"30","06","vi","2025","Macropis","europaea",1,NA,NA,"G. Egloff","C. Praz",NA,NA,NA,"Macropis europaea","LC",NA,NA,NA,NA,NA
906,"GE906",4,"focal","Aire",2495459,1113802,402,"GE","30.06.2025","4","F.AI.GE.4.4","G. Egloff","Confignon","GE906","Confignon",NA,NA,"495459","113802",402,6,"30","06","vi","2025","Macropis","europaea",1,NA,NA,"G. Egloff","C. Praz",NA,NA,NA,"Macropis europaea","LC",NA,NA,NA,NA,NA
907,"GE907",4,"focal","Aire",2495459,1113802,402,"GE","30.06.2025","4","F.AI.GE.4.4","G. Egloff","Confignon","GE907","Confignon",NA,NA,"495459","113802",402,6,"30","06","vi","2025","Macropis","europaea",1,NA,NA,"G. Egloff","C. Praz",NA,NA,NA,"Macropis europaea","LC",NA,NA,NA,NA,NA
908,"GE908",4,"focal","Aire",2495459,1113802,402,"GE","30.06.2025","4","F.AI.GE.4.4","G. Egloff","Confignon","GE908","Confignon",NA,NA,"495459","113802",402,6,"30","06","vi","2025","Macropis","europaea",1,NA,NA,"G. Egloff","C. Praz",NA,NA,NA,"Macropis europaea","LC",NA,NA,NA,NA,NA
909,"GE909",4,"focal","Aire",2495459,1113802,402,"GE","30.06.2025","4","F.AI.GE.4.4","G. Egloff","Confignon","GE909","Confignon",NA,NA,"495459","113802",402,6,"30","06","vi","2025","Macropis","europaea",NA,NA,1,"G. Egloff","C. Praz",NA,NA,NA,"Macropis europaea","LC",NA,NA,NA,NA,NA
910,"GE910",4,"focal","Aire",2495459,1113802,402,"GE","30.06.2025","4","F.AI.GE.4.4","G. Egloff","Confignon","GE910","Confignon",NA,NA,"495459","113802",402,6,"30","06","vi","2025","Macropis","europaea",NA,NA,1,"G. Egloff","C. Praz",NA,NA,NA,"Macropis europaea","LC",NA,NA,NA,NA,NA
911,"GE911",4,"focal","Aire",2495459,1113802,402,"GE","30.06.2025","4","F.AI.GE.4.4","G. Egloff","Confignon","GE911","Confignon",NA,NA,"495459","113802",402,6,"30","06","vi","2025","Andrena","flavipes",NA,NA,1,"G. Egloff","C. Praz",NA,NA,NA,"Andrena flavipes","LC",NA,NA,NA,NA,NA
912,"GE912",4,"focal","Aire",2495459,1113802,402,"GE","30.06.2025","4","F.AI.GE.4.4","G. Egloff","Confignon","GE912","Confignon",NA,NA,"495459","113802",402,6,"30","06","vi","2025","Lasioglossum","malachurum",1,NA,NA,"G. Egloff","C. Praz",NA,NA,NA,"Lasioglossum malachurum","LC",NA,NA,NA,NA,NA
913,"GE913",4,"focal","Aire",2495459,1113802,402,"GE","30.06.2025","4","F.AI.GE.4.4","G. Egloff","Confignon","GE913","Confignon",NA,NA,"495459","113802",402,6,"30","06","vi","2025","Lasioglossum","malachurum",1,NA,NA,"G. Egloff","C. Praz",NA,NA,NA,"Lasioglossum malachurum","LC",NA,NA,NA,NA,NA
914,"GE914",4,"focal","Aire",2495459,1113802,402,"GE","30.06.2025","4","F.AI.GE.4.4","G. Egloff","Confignon","GE914","Confignon",NA,NA,"495459","113802",402,6,"30","06","vi","2025","Lasioglossum","lineare",1,NA,NA,"G. Egloff","C. Praz",NA,NA,NA,"Lasioglossum lineare","NT",NA,NA,NA,NA,NA
915,"GE915",4,"focal","Aire",2495459,1113802,402,"GE","30.06.2025","4","F.AI.GE.4.4","G. Egloff","Confignon","GE915","Confignon",NA,NA,"495459","113802",402,6,"30","06","vi","2025","Lasioglossum","malachurum",1,NA,NA,"G. Egloff","C. Praz",NA,NA,NA,"Lasioglossum malachurum","LC",NA,NA,NA,NA,NA
916,"GE916",4,"focal","Aire",2495459,1113802,402,"GE","30.06.2025","4","F.AI.GE.4.4","G. Egloff","Confignon","GE916","Confignon",NA,NA,"495459","113802",402,6,"30","06","vi","2025","Hylaeus","gibbus",1,NA,NA,"G. Egloff","C. Praz",NA,NA,NA,"Hylaeus gibbus","LC",NA,NA,NA,NA,NA
917,"GE917",4,"focal","Aire",2495459,1113802,402,"GE","30.06.2025","4","F.AI.GE.4.4","G. Egloff","Confignon","GE917","Confignon",NA,NA,"495459","113802",402,6,"30","06","vi","2025","Hylaeus","confusus",NA,NA,1,"G. Egloff","C. Praz",NA,NA,NA,"Hylaeus confusus","LC",NA,NA,NA,NA,NA
918,"GE918",4,"focal","Aire",2495459,1113802,402,"GE","30.06.2025","4","F.AI.GE.4.4","G. Egloff","Confignon","GE918","Confignon",NA,NA,"495459","113802",402,6,"30","06","vi","2025","Lasioglossum","lineare",NA,NA,1,"G. Egloff","C. Praz",NA,NA,NA,"Lasioglossum lineare","NT",NA,NA,NA,NA,NA
919,"GE919",1,"focal","Aire",2495403,1113774,402,"GE","30.06.2025","4","F.AI.GE.4.1","G. Egloff","Confignon","GE919","Confignon",NA,NA,"495403","113774",402,6,"30","06","vi","2025","Hylaeus","confusus",1,NA,NA,"G. Egloff","C. Praz",NA,NA,NA,"Hylaeus confusus","LC",NA,NA,NA,NA,NA
920,"GE920",1,"focal","Aire",2495403,1113774,402,"GE","30.06.2025","4","F.AI.GE.4.1","G. Egloff","Confignon","GE920","Confignon",NA,NA,"495403","113774",402,6,"30","06","vi","2025","Lasioglossum","politum",1,NA,NA,"G. Egloff","C. Praz",NA,NA,NA,"Lasioglossum politum","LC",NA,NA,NA,NA,NA
921,"GE921",1,"focal","Aire",2495403,1113774,402,"GE","30.06.2025","4","F.AI.GE.4.1","G. Egloff","Confignon","GE921","Confignon",NA,NA,"495403","113774",402,6,"30","06","vi","2025","Lasioglossum","malachurum",1,NA,NA,"G. Egloff","C. Praz",NA,NA,NA,"Lasioglossum malachurum","LC",NA,NA,NA,NA,NA
922,"GE922",1,"focal","Aire",2495403,1113774,402,"GE","30.06.2025","4","F.AI.GE.4.1","G. Egloff","Confignon","GE922","Confignon",NA,NA,"495403","113774",402,6,"30","06","vi","2025","Lasioglossum","malachurum",1,NA,NA,"G. Egloff","C. Praz",NA,NA,NA,"Lasioglossum malachurum","LC",NA,NA,NA,NA,NA
923,"GE923",1,"focal","Aire",2495403,1113774,402,"GE","30.06.2025","4","F.AI.GE.4.1","G. Egloff","Confignon","GE923","Confignon",NA,NA,"495403","113774",402,6,"30","06","vi","2025","Lasioglossum","calceatum",1,NA,NA,"G. Egloff","C. Praz","Used for teaching",NA,NA,"Lasioglossum calceatum","LC",NA,NA,NA,NA,NA
924,"GE924",1,"focal","Aire",2495403,1113774,402,"GE","30.06.2025","4","F.AI.GE.4.1","G. Egloff","Confignon","GE924","Confignon",NA,NA,"495403","113774",402,6,"30","06","vi","2025","Lasioglossum","calceatum",1,NA,NA,"G. Egloff","C. Praz","Used for teaching",NA,NA,"Lasioglossum calceatum","LC",NA,NA,NA,NA,NA
925,"GE925",1,"focal","Aire",2495403,1113774,402,"GE","30.06.2025","4","F.AI.GE.4.1","G. Egloff","Confignon","GE925","Confignon",NA,NA,"495403","113774",402,6,"30","06","vi","2025","Halictus","simplex aggr.",1,NA,NA,"G. Egloff","C. Praz",NA,NA,NA,"Halictus simplex aggr.","LC",NA,NA,NA,NA,NA
926,"GE926",1,"focal","Aire",2495403,1113774,402,"GE","30.06.2025","4","F.AI.GE.4.1","G. Egloff","Confignon","GE926","Confignon",NA,NA,"495403","113774",402,6,"30","06","vi","2025","Halictus","simplex aggr.",1,NA,NA,"G. Egloff","C. Praz",NA,NA,NA,"Halictus simplex aggr.","LC",NA,NA,NA,NA,NA
927,"GE927",1,"focal","Aire",2495403,1113774,402,"GE","30.06.2025","4","F.AI.GE.4.1","G. Egloff","Confignon","GE927","Confignon",NA,NA,"495403","113774",402,6,"30","06","vi","2025","Halictus","simplex aggr.",1,NA,NA,"G. Egloff","C. Praz",NA,NA,NA,"Halictus simplex aggr.","LC",NA,NA,NA,NA,NA
928,"GE928",1,"focal","Aire",2495403,1113774,402,"GE","30.06.2025","4","F.AI.GE.4.1","G. Egloff","Confignon","GE928","Confignon",NA,NA,"495403","113774",402,6,"30","06","vi","2025","Halictus","simplex aggr.",1,NA,NA,"G. Egloff","C. Praz",NA,NA,NA,"Halictus simplex aggr.","LC",NA,NA,NA,NA,NA
929,"GE929",1,"focal","Aire",2495403,1113774,402,"GE","30.06.2025","4","F.AI.GE.4.1","G. Egloff","Confignon","GE929","Confignon",NA,NA,"495403","113774",402,6,"30","06","vi","2025","Lasioglossum","zonulum",1,NA,NA,"G. Egloff","C. Praz",NA,NA,NA,"Lasioglossum zonulum","LC",NA,NA,NA,NA,NA
930,"GE930",7,"focal","Aire",2495525,1113833,400,"GE","30.06.2025","4","F.AI.GE.4.7","G. Egloff","Confignon","GE930","Confignon",NA,NA,"495525","113833",400,6,"30","06","vi","2025","Lasioglossum","pauxillum",1,NA,NA,"G. Egloff","C. Praz",NA,NA,NA,"Lasioglossum pauxillum","LC",NA,NA,NA,NA,NA
931,"GE931",7,"focal","Aire",2495525,1113833,400,"GE","30.06.2025","4","F.AI.GE.4.7","G. Egloff","Confignon","GE931","Confignon",NA,NA,"495525","113833",400,6,"30","06","vi","2025","Lasioglossum","interruptum",1,NA,NA,"G. Egloff","C. Praz",NA,NA,NA,"Lasioglossum interruptum","LC",NA,NA,NA,NA,NA
932,"GE932",7,"focal","Aire",2495525,1113833,400,"GE","30.06.2025","4","F.AI.GE.4.7","G. Egloff","Confignon","GE932","Confignon",NA,NA,"495525","113833",400,6,"30","06","vi","2025","Andrena","minutula",NA,NA,1,"G. Egloff","C. Praz",NA,NA,NA,"Andrena minutula","LC",NA,NA,NA,NA,NA
933,"GE933",7,"focal","Aire",2495525,1113833,400,"GE","30.06.2025","4","F.AI.GE.4.7","G. Egloff","Confignon","GE933","Confignon",NA,NA,"495525","113833",400,6,"30","06","vi","2025","Lasioglossum","interruptum",1,NA,NA,"G. Egloff","C. Praz",NA,NA,NA,"Lasioglossum interruptum","LC",NA,NA,NA,NA,NA
934,"GE934",7,"focal","Aire",2495525,1113833,400,"GE","30.06.2025","4","F.AI.GE.4.7","G. Egloff","Confignon","GE934","Confignon",NA,NA,"495525","113833",400,6,"30","06","vi","2025","Ceratina","cyanea",NA,NA,1,"G. Egloff","C. Praz",NA,NA,NA,"Ceratina cyanea","LC",NA,NA,NA,NA,NA
935,"GE935",7,"focal","Aire",2495525,1113833,400,"GE","30.06.2025","4","F.AI.GE.4.7","G. Egloff","Confignon","GE935","Confignon",NA,NA,"495525","113833",400,6,"30","06","vi","2025","Lasioglossum","interruptum",1,NA,NA,"G. Egloff","C. Praz",NA,NA,NA,"Lasioglossum interruptum","LC",NA,NA,NA,NA,NA
936,"GE936",7,"focal","Aire",2495525,1113833,400,"GE","30.06.2025","4","F.AI.GE.4.7","G. Egloff","Confignon","GE936","Confignon",NA,NA,"495525","113833",400,6,"30","06","vi","2025","Lasioglossum","malachurum",1,NA,NA,"G. Egloff","C. Praz",NA,NA,NA,"Lasioglossum malachurum","LC",NA,NA,NA,NA,NA
937,"GE937",7,"focal","Aire",2495525,1113833,400,"GE","30.06.2025","4","F.AI.GE.4.7","G. Egloff","Confignon","GE937","Confignon",NA,NA,"495525","113833",400,6,"30","06","vi","2025","Lasioglossum","calceatum",1,NA,NA,"G. Egloff","C. Praz","Used for teaching",NA,NA,"Lasioglossum calceatum","LC",NA,NA,NA,NA,NA
938,"GE938",7,"focal","Aire",2495525,1113833,400,"GE","30.06.2025","4","F.AI.GE.4.7","G. Egloff","Confignon","GE938","Confignon",NA,NA,"495525","113833",400,6,"30","06","vi","2025","Megachile","ericetorum",NA,NA,1,"G. Egloff","C. Praz",NA,NA,NA,"Megachile ericetorum","LC",NA,NA,NA,NA,NA
939,"GE939",7,"focal","Aire",2495525,1113833,400,"GE","30.06.2025","4","F.AI.GE.4.7","G. Egloff","Confignon","GE939","Confignon",NA,NA,"495525","113833",400,6,"30","06","vi","2025","Bombus","terrestris aggr.",NA,1,NA,"G. Egloff","C. Praz",NA,NA,NA,"Bombus terrestris aggr.","LC",NA,NA,NA,NA,NA
940,"GE940",3,"focal","Aire",2495446,1113810,401,"GE","30.06.2025","4","F.AI.GE.4.3","G. Egloff","Confignon","GE940","Confignon",NA,NA,"495446","113810",401,6,"30","06","vi","2025","Lasioglossum","malachurum",1,NA,NA,"G. Egloff","C. Praz",NA,NA,NA,"Lasioglossum malachurum","LC",NA,NA,NA,NA,NA
941,"GE941",3,"focal","Aire",2495446,1113810,401,"GE","30.06.2025","4","F.AI.GE.4.3","G. Egloff","Confignon","GE941","Confignon",NA,NA,"495446","113810",401,6,"30","06","vi","2025","Lasioglossum","interruptum",1,NA,NA,"G. Egloff","C. Praz",NA,NA,NA,"Lasioglossum interruptum","LC",NA,NA,NA,NA,NA
942,"GE942",3,"focal","Aire",2495446,1113810,401,"GE","30.06.2025","4","F.AI.GE.4.3","G. Egloff","Confignon","GE942","Confignon",NA,NA,"495446","113810",401,6,"30","06","vi","2025","Lasioglossum","malachurum",1,NA,NA,"G. Egloff","C. Praz",NA,NA,NA,"Lasioglossum malachurum","LC",NA,NA,NA,NA,NA
943,"GE943",3,"focal","Aire",2495446,1113810,401,"GE","30.06.2025","4","F.AI.GE.4.3","G. Egloff","Confignon","GE943","Confignon",NA,NA,"495446","113810",401,6,"30","06","vi","2025","Lasioglossum","malachurum",1,NA,NA,"G. Egloff","C. Praz",NA,NA,NA,"Lasioglossum malachurum","LC",NA,NA,NA,NA,NA
944,"GE944",3,"focal","Aire",2495446,1113810,401,"GE","30.06.2025","4","F.AI.GE.4.3","G. Egloff","Confignon","GE944","Confignon",NA,NA,"495446","113810",401,6,"30","06","vi","2025","Ceratina","cyanea",1,NA,NA,"G. Egloff","C. Praz",NA,NA,NA,"Ceratina cyanea","LC",NA,NA,NA,NA,NA
945,"GE945",3,"focal","Aire",2495446,1113810,401,"GE","30.06.2025","4","F.AI.GE.4.3","G. Egloff","Confignon","GE945","Confignon",NA,NA,"495446","113810",401,6,"30","06","vi","2025","Lasioglossum","interruptum",1,NA,NA,"G. Egloff","C. Praz",NA,NA,NA,"Lasioglossum interruptum","LC",NA,NA,NA,NA,NA
946,"GE946",3,"focal","Aire",2495446,1113810,401,"GE","30.06.2025","4","F.AI.GE.4.3","G. Egloff","Confignon","GE946","Confignon",NA,NA,"495446","113810",401,6,"30","06","vi","2025","Lasioglossum","malachurum",1,NA,NA,"G. Egloff","C. Praz",NA,NA,NA,"Lasioglossum malachurum","LC",NA,NA,NA,NA,NA
947,"GE947",3,"focal","Aire",2495446,1113810,401,"GE","30.06.2025","4","F.AI.GE.4.3","G. Egloff","Confignon","GE947","Confignon",NA,NA,"495446","113810",401,6,"30","06","vi","2025","Lasioglossum","malachurum",1,NA,NA,"G. Egloff","C. Praz",NA,NA,NA,"Lasioglossum malachurum","LC",NA,NA,NA,NA,NA
948,"GE948",3,"focal","Aire",2495446,1113810,401,"GE","30.06.2025","4","F.AI.GE.4.3","G. Egloff","Confignon","GE948","Confignon",NA,NA,"495446","113810",401,6,"30","06","vi","2025","Lasioglossum","malachurum",1,NA,NA,"G. Egloff","C. Praz",NA,NA,NA,"Lasioglossum malachurum","LC",NA,NA,NA,NA,NA
949,"GE949",3,"focal","Aire",2495446,1113810,401,"GE","30.06.2025","4","F.AI.GE.4.3","G. Egloff","Confignon","GE949","Confignon",NA,NA,"495446","113810",401,6,"30","06","vi","2025","Heriades","truncorum",1,NA,NA,"G. Egloff","C. Praz",NA,NA,NA,"Heriades truncorum","LC",NA,NA,NA,NA,NA
950,"GE950",7,"control","Aire",2492656,1116411,380,"GE","01.07.2025","4","C.AI.GE.4.7","G. Egloff","Bernex","GE950","Bernex",NA,NA,"492656","116411",380,6,"01","07","vii","2025","Megachile","argentata",1,NA,NA,"G. Egloff","C. Praz",NA,NA,NA,"Megachile argentata","LC",NA,NA,NA,NA,NA
951,"GE951",7,"control","Aire",2492656,1116411,380,"GE","01.07.2025","4","C.AI.GE.4.7","G. Egloff","Bernex","GE951","Bernex",NA,NA,"492656","116411",380,6,"01","07","vii","2025","Halictus","maculatus",1,NA,NA,"G. Egloff","C. Praz",NA,NA,NA,"Halictus maculatus","LC",NA,NA,NA,NA,NA
952,"GE952",7,"control","Aire",2492656,1116411,380,"GE","01.07.2025","4","C.AI.GE.4.7","G. Egloff","Bernex","GE952","Bernex",NA,NA,"492656","116411",380,6,"01","07","vii","2025","Andrena","aeneiventris",NA,NA,1,"G. Egloff","C. Praz",NA,NA,NA,"Andrena aeneiventris","VU",NA,NA,NA,NA,NA
953,"GE953",7,"control","Aire",2492656,1116411,380,"GE","01.07.2025","I","C.AI.GE.I.7","G. Egloff","Bernex","GE953","Bernex",NA,NA,"492656","116411",380,6,"01","07","vii","2025","Hylaeus","tyrolensis",1,NA,NA,"G. Egloff","C. Praz",NA,NA,NA,"Hylaeus tyrolensis","VU",NA,NA,NA,NA,NA
954,"GE954",8,"focal","Aire",2495526,1113823,400,"GE","30.06.2025","4","F.AI.GE.4.8","G. Egloff","Confignon","GE954","Confignon",NA,NA,"495526","113823",400,6,"30","06","vi","2025","Megachile","ericetorum",NA,NA,1,"G. Egloff","C. Praz",NA,NA,NA,"Megachile ericetorum","LC",NA,NA,NA,NA,NA
955,"GE955",8,"focal","Aire",2495526,1113823,400,"GE","30.06.2025","4","F.AI.GE.4.8","G. Egloff","Confignon","GE955","Confignon",NA,NA,"495526","113823",400,6,"30","06","vi","2025","Megachile","argentata",1,NA,NA,"G. Egloff","C. Praz",NA,NA,NA,"Megachile argentata","LC",NA,NA,NA,NA,NA
956,"GE956",8,"focal","Aire",2495526,1113823,400,"GE","30.06.2025","4","F.AI.GE.4.8","G. Egloff","Confignon","GE956","Confignon",NA,NA,"495526","113823",400,6,"30","06","vi","2025","Bombus","pascuorum",NA,1,NA,"G. Egloff","C. Praz",NA,NA,NA,"Bombus pascuorum","LC",NA,NA,NA,NA,NA
957,"GE957",8,"focal","Aire",2495526,1113823,400,"GE","30.06.2025","4","F.AI.GE.4.8","G. Egloff","Confignon","GE957","Confignon",NA,NA,"495526","113823",400,6,"30","06","vi","2025","Lasioglossum","politum",1,NA,NA,"G. Egloff","C. Praz",NA,NA,NA,"Lasioglossum politum","LC",NA,NA,NA,NA,NA
958,"GE958",6,"control","Aire",2492646,1116394,380,"GE","01.07.2025","4","C.AI.GE.4.6","G. Egloff","Bernex","GE958","Bernex",NA,NA,"492646","116394",380,6,"01","07","vii","2025","Lasioglossum","glabriusculum",1,NA,NA,"G. Egloff","C. Praz",NA,NA,NA,"Lasioglossum glabriusculum","LC",NA,NA,NA,NA,NA
959,"GE959",6,"control","Aire",2492646,1116394,380,"GE","01.07.2025","4","C.AI.GE.4.6","G. Egloff","Bernex","GE959","Bernex",NA,NA,"492646","116394",380,6,"01","07","vii","2025","Megachile","argentata",1,NA,NA,"G. Egloff","C. Praz",NA,NA,NA,"Megachile argentata","LC",NA,NA,NA,NA,NA
960,"GE960",6,"control","Aire",2492646,1116394,380,"GE","01.07.2025","4","C.AI.GE.4.6","G. Egloff","Bernex","GE960","Bernex",NA,NA,"492646","116394",380,6,"01","07","vii","2025","Andrena","minutuloides",1,NA,NA,"G. Egloff","C. Praz",NA,NA,NA,"Andrena minutuloides","LC",NA,NA,NA,NA,NA
961,"GE961",6,"control","Aire",2492646,1116394,380,"GE","01.07.2025","4","C.AI.GE.4.6","G. Egloff","Bernex","GE961","Bernex",NA,NA,"492646","116394",380,6,"01","07","vii","2025","Andrena","alfkenella",1,NA,NA,"G. Egloff","C. Praz",NA,NA,NA,"Andrena alfkenella","NT",NA,NA,NA,NA,NA
962,"GE962",6,"control","Aire",2492646,1116394,380,"GE","01.07.2025","4","C.AI.GE.4.6","G. Egloff","Bernex","GE962","Bernex",NA,NA,"492646","116394",380,6,"01","07","vii","2025","Andrena","minutuloides",1,NA,NA,"G. Egloff","C. Praz",NA,NA,NA,"Andrena minutuloides","LC",NA,NA,NA,NA,NA
963,"GE963",2,"control","Aire",2492597,1116311,380,"GE","01.07.2025","4","C.AI.GE.4.2","G. Egloff","Bernex","GE963","Bernex",NA,NA,"492597","116311",380,6,"01","07","vii","2025","Megachile","argentata",1,NA,NA,"G. Egloff","C. Praz",NA,NA,NA,"Megachile argentata","LC",NA,NA,NA,NA,NA
964,"GE964",5,"control","Aire",2492634,1116373,380,"GE","01.07.2025","4","C.AI.GE.4.5","G. Egloff","Bernex","GE964","Bernex",NA,NA,"492634","116373",380,6,"01","07","vii","2025","Halictus","scabiosae",1,NA,NA,"G. Egloff","C. Praz",NA,NA,NA,"Halictus scabiosae","LC",NA,NA,NA,NA,NA
965,"GE965",5,"control","Aire",2492634,1116373,380,"GE","01.07.2025","4","C.AI.GE.4.5","G. Egloff","Bernex","GE965","Bernex",NA,NA,"492634","116373",380,6,"01","07","vii","2025","Andrena","labialis",1,NA,NA,"G. Egloff","C. Praz",NA,NA,NA,"Andrena labialis","LC",NA,NA,NA,NA,NA
966,"GE966",5,"control","Aire",2492634,1116373,380,"GE","01.07.2025","4","C.AI.GE.4.5","G. Egloff","Bernex","GE966","Bernex",NA,NA,"492634","116373",380,6,"01","07","vii","2025","Melitta","leporina",NA,NA,1,"G. Egloff","C. Praz",NA,NA,NA,"Melitta leporina","LC",NA,NA,NA,NA,NA
967,"GE967",5,"control","Aire",2492634,1116373,380,"GE","01.07.2025","4","C.AI.GE.4.5","G. Egloff","Bernex","GE967","Bernex",NA,NA,"492634","116373",380,6,"01","07","vii","2025","Sphecodes","gibbus",1,NA,NA,"G. Egloff","C. Praz",NA,NA,NA,"Sphecodes gibbus","LC",NA,NA,NA,NA,NA
968,"GE968",5,"control","Aire",2492634,1116373,380,"GE","01.07.2025","4","C.AI.GE.4.5","G. Egloff","Bernex","GE968","Bernex",NA,NA,"492634","116373",380,6,"01","07","vii","2025","Andrena","flavipes",NA,NA,1,"G. Egloff","C. Praz",NA,NA,NA,"Andrena flavipes","LC",NA,NA,NA,NA,NA
969,"GE969",5,"control","Aire",2492634,1116373,380,"GE","01.07.2025","4","C.AI.GE.4.5","G. Egloff","Bernex","GE969","Bernex",NA,NA,"492634","116373",380,6,"01","07","vii","2025","Lasioglossum","malachurum",1,NA,NA,"G. Egloff","C. Praz",NA,NA,NA,"Lasioglossum malachurum","LC",NA,NA,NA,NA,NA
970,"GE970",5,"control","Aire",2492634,1116373,380,"GE","01.07.2025","4","C.AI.GE.4.5","G. Egloff","Bernex","GE970","Bernex",NA,NA,"492634","116373",380,6,"01","07","vii","2025","Lasioglossum","malachurum",1,NA,NA,"G. Egloff","C. Praz",NA,NA,NA,"Lasioglossum malachurum","LC",NA,NA,NA,NA,NA
971,"GE971",3,"control","Aire",2492610,1116333,380,"GE","01.07.2025","4","C.AI.GE.4.3","G. Egloff","Bernex","GE971","Bernex",NA,NA,"492610","116333",380,6,"01","07","vii","2025","Lasioglossum","malachurum",1,NA,NA,"G. Egloff","C. Praz",NA,NA,NA,"Lasioglossum malachurum","LC",NA,NA,NA,NA,NA
972,"GE972",3,"control","Aire",2492610,1116333,380,"GE","01.07.2025","4","C.AI.GE.4.3","G. Egloff","Bernex","GE972","Bernex",NA,NA,"492610","116333",380,6,"01","07","vii","2025","Lasioglossum","villosulum",NA,NA,1,"G. Egloff","C. Praz",NA,NA,NA,"Lasioglossum villosulum","LC",NA,NA,NA,NA,NA
973,"GE973",3,"control","Aire",2492610,1116333,380,"GE","01.07.2025","4","C.AI.GE.4.3","G. Egloff","Bernex","GE973","Bernex",NA,NA,"492610","116333",380,6,"01","07","vii","2025","Lasioglossum","malachurum",1,NA,NA,"G. Egloff","C. Praz",NA,NA,NA,"Lasioglossum malachurum","LC",NA,NA,NA,NA,NA
974,"GE974",3,"control","Aire",2492610,1116333,380,"GE","01.07.2025","4","C.AI.GE.4.3","G. Egloff","Bernex","GE974","Bernex",NA,NA,"492610","116333",380,6,"01","07","vii","2025","Lasioglossum","malachurum",1,NA,NA,"G. Egloff","C. Praz",NA,NA,NA,"Lasioglossum malachurum","LC",NA,NA,NA,NA,NA
975,"GE975",4,"control","Aire",2492622,1116353,380,"GE","01.07.2025","4","C.AI.GE.4.4","G. Egloff","Bernex","GE975","Bernex",NA,NA,"492622","116353",380,6,"01","07","vii","2025","Andrena","minutuloides",1,NA,NA,"G. Egloff","C. Praz",NA,NA,NA,"Andrena minutuloides","LC",NA,NA,NA,NA,NA
976,"GE976",4,"control","Aire",2492622,1116353,380,"GE","01.07.2025","4","C.AI.GE.4.4","G. Egloff","Bernex","GE976","Bernex",NA,NA,"492622","116353",380,6,"01","07","vii","2025","Hylaeus","gredleri",1,NA,NA,"G. Egloff","C. Praz",NA,NA,NA,"Hylaeus gredleri","LC",NA,NA,NA,NA,NA
977,"GE977",4,"control","Aire",2492622,1116353,380,"GE","01.07.2025","4","C.AI.GE.4.4","G. Egloff","Bernex","GE977","Bernex",NA,NA,"492622","116353",380,6,"01","07","vii","2025","Lasioglossum","glabriusculum",1,NA,NA,"G. Egloff","C. Praz",NA,NA,NA,"Lasioglossum glabriusculum","LC",NA,NA,NA,NA,NA
978,"GE978",4,"control","Aire",2492622,1116353,380,"GE","01.07.2025","4","C.AI.GE.4.4","G. Egloff","Bernex","GE978","Bernex",NA,NA,"492622","116353",380,6,"01","07","vii","2025","Lasioglossum","pauxillum",1,NA,NA,"G. Egloff","C. Praz",NA,NA,NA,"Lasioglossum pauxillum","LC",NA,NA,NA,NA,NA
979,"GE979",7,"focal","Scheulte",2595436,1245984,416,"JU","02.07.2025","4","F.SC.JU.4.7","G. Egloff","Courroux","GE979","Courroux",NA,NA,"595436","245984",416,6,"02","07","vii","2025","Lasioglossum","politum",1,NA,NA,"G. Egloff","C. Praz",NA,NA,NA,"Lasioglossum politum","LC",NA,NA,NA,NA,NA
980,"GE980",7,"focal","Scheulte",2595436,1245984,416,"JU","02.07.2025","4","F.SC.JU.4.7","G. Egloff","Courroux","GE980","Courroux",NA,NA,"595436","245984",416,6,"02","07","vii","2025","Lasioglossum","morio",1,NA,NA,"G. Egloff","C. Praz",NA,NA,NA,"Lasioglossum morio","LC",NA,NA,NA,NA,NA
981,"GE981",7,"focal","Scheulte",2595436,1245984,416,"JU","02.07.2025","4","F.SC.JU.4.7","G. Egloff","Courroux","GE981","Courroux",NA,NA,"595436","245984",416,6,"02","07","vii","2025","Lasioglossum","morio",1,NA,NA,"G. Egloff","C. Praz",NA,NA,NA,"Lasioglossum morio","LC",NA,NA,NA,NA,NA
982,"GE982",8,"focal","Scheulte",2595451,1245988,416,"JU","02.07.2025","4","F.SC.JU.4.8","G. Egloff","Courroux","GE982","Courroux",NA,NA,"595451","245988",416,6,"02","07","vii","2025","Halictus","langobardicus",NA,NA,1,"G. Egloff","C. Praz",NA,NA,NA,"Halictus langobardicus","LC",NA,NA,NA,NA,NA
983,"GE983",8,"focal","Scheulte",2595451,1245988,416,"JU","02.07.2025","4","F.SC.JU.4.8","G. Egloff","Courroux","GE983","Courroux",NA,NA,"595451","245988",416,6,"02","07","vii","2025","Lasioglossum","leucozonium",NA,NA,1,"G. Egloff","C. Praz",NA,NA,NA,"Lasioglossum leucozonium","LC",NA,NA,NA,NA,NA
984,"GE984",8,"focal","Scheulte",2595451,1245988,416,"JU","02.07.2025","4","F.SC.JU.4.8","G. Egloff","Courroux","GE984","Courroux",NA,NA,"595451","245988",416,6,"02","07","vii","2025","Halictus","tumulorum",1,NA,NA,"G. Egloff","C. Praz",NA,NA,NA,"Halictus tumulorum","LC",NA,NA,NA,NA,NA
985,"GE985",8,"focal","Scheulte",2595451,1245988,416,"JU","02.07.2025","4","F.SC.JU.4.8","G. Egloff","Courroux","GE985","Courroux",NA,NA,"595451","245988",416,6,"02","07","vii","2025","Lasioglossum","glabriusculum",1,NA,NA,"G. Egloff","C. Praz",NA,NA,NA,"Lasioglossum glabriusculum","LC",NA,NA,NA,NA,NA
986,"GE986",8,"focal","Scheulte",2595451,1245988,416,"JU","02.07.2025","4","F.SC.JU.4.8","G. Egloff","Courroux","GE986","Courroux",NA,NA,"595451","245988",416,6,"02","07","vii","2025","Lasioglossum","glabriusculum",1,NA,NA,"G. Egloff","C. Praz",NA,NA,NA,"Lasioglossum glabriusculum","LC",NA,NA,NA,NA,NA
987,"GE987",8,"focal","Scheulte",2595451,1245988,416,"JU","02.07.2025","4","F.SC.JU.4.8","G. Egloff","Courroux","GE987","Courroux",NA,NA,"595451","245988",416,6,"02","07","vii","2025","Lasioglossum","pauxillum",1,NA,NA,"G. Egloff","C. Praz",NA,NA,NA,"Lasioglossum pauxillum","LC",NA,NA,NA,NA,NA
988,"GE988",8,"focal","Scheulte",2595451,1245988,416,"JU","02.07.2025","4","F.SC.JU.4.8","G. Egloff","Courroux","GE988","Courroux",NA,NA,"595451","245988",416,6,"02","07","vii","2025","Lasioglossum","pauxillum",1,NA,NA,"G. Egloff","C. Praz",NA,NA,NA,"Lasioglossum pauxillum","LC",NA,NA,NA,NA,NA
989,"GE989",8,"focal","Scheulte",2595451,1245988,416,"JU","02.07.2025","4","F.SC.JU.4.8","G. Egloff","Courroux","GE989","Courroux",NA,NA,"595451","245988",416,6,"02","07","vii","2025","Lasioglossum","glabriusculum",1,NA,NA,"G. Egloff","C. Praz",NA,NA,NA,"Lasioglossum glabriusculum","LC",NA,NA,NA,NA,NA
990,"GE990",8,"focal","Scheulte",2595451,1245988,416,"JU","02.07.2025","4","F.SC.JU.4.8","G. Egloff","Courroux","GE990","Courroux",NA,NA,"595451","245988",416,6,"02","07","vii","2025","Anthidium","manicatum",1,NA,NA,"G. Egloff","C. Praz",NA,NA,NA,"Anthidium manicatum","LC",NA,NA,NA,NA,NA
991,"GE991",8,"focal","Scheulte",2595451,1245988,416,"JU","02.07.2025","4","F.SC.JU.4.8","G. Egloff","Courroux","GE991","Courroux",NA,NA,"595451","245988",416,6,"02","07","vii","2025","Anthidium","manicatum",1,NA,NA,"G. Egloff","C. Praz",NA,NA,NA,"Anthidium manicatum","LC",NA,NA,NA,NA,NA
992,"GE992",8,"focal","Scheulte",2595451,1245988,416,"JU","02.07.2025","4","F.SC.JU.4.8","G. Egloff","Courroux","GE992","Courroux",NA,NA,"595451","245988",416,6,"02","07","vii","2025","Anthophora","furcata",NA,NA,1,"G. Egloff","C. Praz",NA,NA,NA,"Anthophora furcata","LC",NA,NA,NA,NA,NA
993,"GE993",8,"focal","Scheulte",2595451,1245988,416,"JU","02.07.2025","4","F.SC.JU.4.8","G. Egloff","Courroux","GE993","Courroux",NA,NA,"595451","245988",416,6,"02","07","vii","2025","Anthidium","manicatum",NA,NA,1,"G. Egloff","C. Praz",NA,NA,NA,"Anthidium manicatum","LC",NA,NA,NA,NA,NA
994,"GE994",8,"focal","Scheulte",2595451,1245988,416,"JU","02.07.2025","4","F.SC.JU.4.8","G. Egloff","Courroux","GE994","Courroux",NA,NA,"595451","245988",416,6,"02","07","vii","2025","Anthidium","manicatum",NA,NA,1,"G. Egloff","C. Praz",NA,NA,NA,"Anthidium manicatum","LC",NA,NA,NA,NA,NA
995,"GE995",8,"focal","Scheulte",2595451,1245988,416,"JU","02.07.2025","4","F.SC.JU.4.8","G. Egloff","Courroux","GE995","Courroux",NA,NA,"595451","245988",416,6,"02","07","vii","2025","Anthidium","manicatum",NA,NA,1,"G. Egloff","C. Praz",NA,NA,NA,"Anthidium manicatum","LC",NA,NA,NA,NA,NA
996,"GE996",4,"focal","Scheulte",2595385,1246005,416,"JU","02.07.2025","4","F.SC.JU.4.4","G. Egloff","Courroux","GE996","Courroux",NA,NA,"595385","246005",416,6,"02","07","vii","2025","Bombus","hypnorum",NA,NA,1,"G. Egloff","C. Praz",NA,NA,NA,"Bombus hypnorum","LC",NA,NA,NA,NA,NA
997,"GE997",4,"focal","Scheulte",2595385,1246005,416,"JU","02.07.2025","4","F.SC.JU.4.4","G. Egloff","Courroux","GE997","Courroux",NA,NA,"595385","246005",416,6,"02","07","vii","2025","Bombus","soroeensis",NA,1,NA,"G. Egloff","C. Praz",NA,NA,NA,"Bombus soroeensis","LC",NA,NA,NA,NA,NA
998,"GE998",4,"focal","Scheulte",2595385,1246005,416,"JU","02.07.2025","4","F.SC.JU.4.4","G. Egloff","Courroux","GE998","Courroux",NA,NA,"595385","246005",416,6,"02","07","vii","2025","Bombus","sylvestris",NA,1,NA,"G. Egloff","C. Praz",NA,NA,NA,"Bombus sylvestris","LC",NA,NA,NA,NA,NA
999,"GE999",4,"focal","Scheulte",2595385,1246005,416,"JU","02.07.2025","4","F.SC.JU.4.4","G. Egloff","Courroux","GE999","Courroux",NA,NA,"595385","246005",416,6,"02","07","vii","2025","Lasioglossum","villosulum",1,NA,NA,"G. Egloff","C. Praz",NA,NA,NA,"Lasioglossum villosulum","LC",NA,NA,NA,NA,NA
1000,"GE1000",4,"focal","Scheulte",2595385,1246005,416,"JU","02.07.2025","4","F.SC.JU.4.4","G. Egloff","Courroux","GE1000","Courroux",NA,NA,"595385","246005",416,6,"02","07","vii","2025","Bombus","ruderatus",NA,1,NA,"G. Egloff","C. Praz",NA,NA,NA,"Bombus ruderatus","LC",NA,NA,NA,NA,NA
1001,"GE1001",4,"focal","Scheulte",2595385,1246005,416,"JU","02.07.2025","4","F.SC.JU.4.4","G. Egloff","Courroux","GE1001","Courroux",NA,NA,"595385","246005",416,6,"02","07","vii","2025","Bombus","sylvestris",NA,1,NA,"G. Egloff","C. Praz",NA,NA,NA,"Bombus sylvestris","LC",NA,NA,NA,NA,NA
1002,"GE1002",4,"focal","Scheulte",2595385,1246005,416,"JU","02.07.2025","4","F.SC.JU.4.4","G. Egloff","Courroux","GE1002","Courroux",NA,NA,"595385","246005",416,6,"02","07","vii","2025","Halictus","scabiosae",1,NA,NA,"G. Egloff","C. Praz",NA,NA,NA,"Halictus scabiosae","LC",NA,NA,NA,NA,NA
1003,"GE1003",4,"focal","Scheulte",2595385,1246005,416,"JU","02.07.2025","4","F.SC.JU.4.4","G. Egloff","Courroux","GE1003","Courroux",NA,NA,"595385","246005",416,6,"02","07","vii","2025","Hoplitis","leucomelana",NA,NA,1,"G. Egloff","C. Praz",NA,NA,NA,"Hoplitis leucomelana","LC",NA,NA,NA,NA,NA
1004,"GE1004",4,"focal","Scheulte",2595385,1246005,416,"JU","02.07.2025","4","F.SC.JU.4.4","G. Egloff","Courroux","GE1004","Courroux",NA,NA,"595385","246005",416,6,"02","07","vii","2025","Lasioglossum","villosulum",1,NA,NA,"G. Egloff","C. Praz",NA,NA,NA,"Lasioglossum villosulum","LC",NA,NA,NA,NA,NA
1005,"GE1005",4,"focal","Scheulte",2595385,1246005,416,"JU","02.07.2025","4","F.SC.JU.4.4","G. Egloff","Courroux","GE1005","Courroux",NA,NA,"595385","246005",416,6,"02","07","vii","2025","Lasioglossum","pauxillum",1,NA,NA,"G. Egloff","C. Praz",NA,NA,NA,"Lasioglossum pauxillum","LC",NA,NA,NA,NA,NA
1006,"GE1006",4,"focal","Scheulte",2595385,1246005,416,"JU","02.07.2025","4","F.SC.JU.4.4","G. Egloff","Courroux","GE1006","Courroux",NA,NA,"595385","246005",416,6,"02","07","vii","2025","Lasioglossum","glabriusculum",1,NA,NA,"G. Egloff","C. Praz",NA,NA,NA,"Lasioglossum glabriusculum","LC",NA,NA,NA,NA,NA
1007,"GE1007",4,"focal","Scheulte",2595385,1246005,416,"JU","02.07.2025","4","F.SC.JU.4.4","G. Egloff","Courroux","GE1007","Courroux",NA,NA,"595385","246005",416,6,"02","07","vii","2025","Lasioglossum","glabriusculum",1,NA,NA,"G. Egloff","C. Praz",NA,NA,NA,"Lasioglossum glabriusculum","LC",NA,NA,NA,NA,NA
1008,"GE1008",6,"focal","Scheulte",2595423,1245999,417,"JU","02.07.2025","4","F.SC.JU.4.6","G. Egloff","Courroux","GE1008","Courroux",NA,NA,"595423","245999",417,6,"02","07","vii","2025","Megachile","willughbiella",NA,NA,1,"G. Egloff","C. Praz",NA,NA,NA,"Megachile willughbiella","LC",NA,NA,NA,NA,NA
1009,"GE1009",6,"focal","Scheulte",2595423,1245999,417,"JU","02.07.2025","4","F.SC.JU.4.6","G. Egloff","Courroux","GE1009","Courroux",NA,NA,"595423","245999",417,6,"02","07","vii","2025","Megachile","willughbiella",NA,NA,1,"G. Egloff","C. Praz",NA,NA,NA,"Megachile willughbiella","LC",NA,NA,NA,NA,NA
1010,"GE1010",6,"focal","Scheulte",2595423,1245999,417,"JU","02.07.2025","4","F.SC.JU.4.6","G. Egloff","Courroux","GE1010","Courroux",NA,NA,"595423","245999",417,6,"02","07","vii","2025","Bombus","sylvestris",NA,1,NA,"G. Egloff","C. Praz",NA,NA,NA,"Bombus sylvestris","LC",NA,NA,NA,NA,NA
1011,"GE1011",6,"focal","Scheulte",2595423,1245999,417,"JU","02.07.2025","4","F.SC.JU.4.6","G. Egloff","Courroux","GE1011","Courroux",NA,NA,"595423","245999",417,6,"02","07","vii","2025","Bombus","sylvestris",NA,1,NA,"G. Egloff","C. Praz",NA,NA,NA,"Bombus sylvestris","LC",NA,NA,NA,NA,NA
1012,"GE1012",6,"focal","Scheulte",2595423,1245999,417,"JU","02.07.2025","4","F.SC.JU.4.6","G. Egloff","Courroux","GE1012","Courroux",NA,NA,"595423","245999",417,6,"02","07","vii","2025","Bombus","pratorum",NA,1,NA,"G. Egloff","C. Praz",NA,NA,NA,"Bombus pratorum","LC",NA,NA,NA,NA,NA
1013,"GE1013",6,"focal","Scheulte",2595423,1245999,417,"JU","02.07.2025","4","F.SC.JU.4.6","G. Egloff","Courroux","GE1013","Courroux",NA,NA,"595423","245999",417,6,"02","07","vii","2025","Bombus","sylvarum",NA,NA,1,"G. Egloff","C. Praz",NA,NA,NA,"Bombus sylvarum","LC",NA,NA,NA,NA,NA
1014,"GE1014",6,"focal","Scheulte",2595423,1245999,417,"JU","02.07.2025","4","F.SC.JU.4.6","G. Egloff","Courroux","GE1014","Courroux",NA,NA,"595423","245999",417,6,"02","07","vii","2025","Bombus","humilis",NA,1,NA,"G. Egloff","C. Praz",NA,NA,NA,"Bombus humilis","LC",NA,NA,NA,NA,NA
1015,"GE1015",6,"focal","Scheulte",2595423,1245999,417,"JU","02.07.2025","4","F.SC.JU.4.6","G. Egloff","Courroux","GE1015","Courroux",NA,NA,"595423","245999",417,6,"02","07","vii","2025","Lasioglossum","calceatum",1,NA,NA,"G. Egloff","C. Praz","Used for teaching",NA,NA,"Lasioglossum calceatum","LC",NA,NA,NA,NA,NA
1016,"GE1016",6,"focal","Scheulte",2595423,1245999,417,"JU","02.07.2025","4","F.SC.JU.4.6","G. Egloff","Courroux","GE1016","Courroux",NA,NA,"595423","245999",417,6,"02","07","vii","2025","Halictus","simplex aggr.",1,NA,NA,"G. Egloff","C. Praz",NA,NA,NA,"Halictus simplex aggr.","LC",NA,NA,NA,NA,NA
1017,"GE1017",6,"focal","Scheulte",2595423,1245999,417,"JU","02.07.2025","4","F.SC.JU.4.6","G. Egloff","Courroux","GE1017","Courroux",NA,NA,"595423","245999",417,6,"02","07","vii","2025","Halictus","simplex aggr.",1,NA,NA,"G. Egloff","C. Praz",NA,NA,NA,"Halictus simplex aggr.","LC",NA,NA,NA,NA,NA
1018,"GE1018",6,"focal","Scheulte",2595423,1245999,417,"JU","02.07.2025","4","F.SC.JU.4.6","G. Egloff","Courroux","GE1018","Courroux",NA,NA,"595423","245999",417,6,"02","07","vii","2025","Lasioglossum","pauxillum",1,NA,NA,"G. Egloff","C. Praz",NA,NA,NA,"Lasioglossum pauxillum","LC",NA,NA,NA,NA,NA
1019,"GE1019",6,"focal","Scheulte",2595423,1245999,417,"JU","02.07.2025","4","F.SC.JU.4.6","G. Egloff","Courroux","GE1019","Courroux",NA,NA,"595423","245999",417,6,"02","07","vii","2025","Lasioglossum","pauxillum",1,NA,NA,"G. Egloff","C. Praz",NA,NA,NA,"Lasioglossum pauxillum","LC",NA,NA,NA,NA,NA
1020,"GE1020",1,"focal","Scheulte",2595329,1245974,416,"JU","02.07.2025","4","F.SC.JU.4.1","G. Egloff","Courroux","GE1020","Courroux",NA,NA,"595329","245974",416,6,"02","07","vii","2025","Hylaeus","gredleri",NA,NA,1,"G. Egloff","C. Praz",NA,NA,NA,"Hylaeus gredleri","LC",NA,NA,NA,NA,NA
1021,"GE1021",1,"focal","Scheulte",2595329,1245974,416,"JU","02.07.2025","4","F.SC.JU.4.1","G. Egloff","Courroux","GE1021","Courroux",NA,NA,"595329","245974",416,6,"02","07","vii","2025","Lasioglossum","politum",1,NA,NA,"G. Egloff","C. Praz",NA,NA,NA,"Lasioglossum politum","LC",NA,NA,NA,NA,NA
1022,"GE1022",1,"focal","Scheulte",2595329,1245974,416,"JU","02.07.2025","4","F.SC.JU.4.1","G. Egloff","Courroux","GE1022","Courroux",NA,NA,"595329","245974",416,6,"02","07","vii","2025","Lasioglossum","politum",1,NA,NA,"G. Egloff","C. Praz",NA,NA,NA,"Lasioglossum politum","LC",NA,NA,NA,NA,NA
1023,"GE1023",1,"focal","Scheulte",2595329,1245974,416,"JU","02.07.2025","4","F.SC.JU.4.1","G. Egloff","Courroux","GE1023","Courroux",NA,NA,"595329","245974",416,6,"02","07","vii","2025","Lasioglossum","glabriusculum",1,NA,NA,"G. Egloff","C. Praz",NA,NA,NA,"Lasioglossum glabriusculum","LC",NA,NA,NA,NA,NA
1024,"GE1024",1,"focal","Scheulte",2595329,1245974,416,"JU","02.07.2025","4","F.SC.JU.4.1","G. Egloff","Courroux","GE1024","Courroux",NA,NA,"595329","245974",416,6,"02","07","vii","2025","Lasioglossum","politum",1,NA,NA,"G. Egloff","C. Praz",NA,NA,NA,"Lasioglossum politum","LC",NA,NA,NA,NA,NA
1025,"GE1025",1,"focal","Scheulte",2595329,1245974,416,"JU","02.07.2025","4","F.SC.JU.4.1","G. Egloff","Courroux","GE1025","Courroux",NA,NA,"595329","245974",416,6,"02","07","vii","2025","Anthophora","furcata",NA,NA,1,"G. Egloff","C. Praz",NA,NA,NA,"Anthophora furcata","LC",NA,NA,NA,NA,NA
1026,"GE1026",1,"focal","Scheulte",2595329,1245974,416,"JU","02.07.2025","4","F.SC.JU.4.1","G. Egloff","Courroux","GE1026","Courroux",NA,NA,"595329","245974",416,6,"02","07","vii","2025","Megachile","ericetorum",NA,NA,1,"G. Egloff","C. Praz",NA,NA,NA,"Megachile ericetorum","LC",NA,NA,NA,NA,NA
1027,"GE1027",1,"focal","Scheulte",2595329,1245974,416,"JU","02.07.2025","4","F.SC.JU.4.1","G. Egloff","Courroux","GE1027","Courroux",NA,NA,"595329","245974",416,6,"02","07","vii","2025","Hoplitis","adunca",NA,NA,1,"G. Egloff","C. Praz",NA,NA,NA,"Hoplitis adunca","LC",NA,NA,NA,NA,NA
1028,"GE1028",1,"focal","Scheulte",2595329,1245974,416,"JU","02.07.2025","4","F.SC.JU.4.1","G. Egloff","Courroux","GE1028","Courroux",NA,NA,"595329","245974",416,6,"02","07","vii","2025","Anthophora","furcata",NA,NA,1,"G. Egloff","C. Praz",NA,NA,NA,"Anthophora furcata","LC",NA,NA,NA,NA,NA
1029,"GE1029",1,"focal","Scheulte",2595329,1245974,416,"JU","02.07.2025","4","F.SC.JU.4.1","G. Egloff","Courroux","GE1029","Courroux",NA,NA,"595329","245974",416,6,"02","07","vii","2025","Anthidium","manicatum",1,NA,NA,"G. Egloff","C. Praz",NA,NA,NA,"Anthidium manicatum","LC",NA,NA,NA,NA,NA
1030,"GE1030",1,"focal","Scheulte",2595329,1245974,416,"JU","02.07.2025","4","F.SC.JU.4.1","G. Egloff","Courroux","GE1030","Courroux",NA,NA,"595329","245974",416,6,"02","07","vii","2025","Anthidium","manicatum",1,NA,NA,"G. Egloff","C. Praz",NA,NA,NA,"Anthidium manicatum","LC",NA,NA,NA,NA,NA
1031,"GE1031",1,"focal","Scheulte",2595329,1245974,416,"JU","02.07.2025","4","F.SC.JU.4.1","G. Egloff","Courroux","GE1031","Courroux",NA,NA,"595329","245974",416,6,"02","07","vii","2025","Halictus","scabiosae",1,NA,NA,"G. Egloff","C. Praz",NA,NA,NA,"Halictus scabiosae","LC",NA,NA,NA,NA,NA
1032,"GE1032",1,"focal","Scheulte",2595329,1245974,416,"JU","02.07.2025","4","F.SC.JU.4.1","G. Egloff","Courroux","GE1032","Courroux",NA,NA,"595329","245974",416,6,"02","07","vii","2025","Megachile","ericetorum",NA,NA,1,"G. Egloff","C. Praz",NA,NA,NA,"Megachile ericetorum","LC",NA,NA,NA,NA,NA
1033,"GE1033",1,"focal","Scheulte",2595329,1245974,416,"JU","02.07.2025","4","F.SC.JU.4.1","G. Egloff","Courroux","GE1033","Courroux",NA,NA,"595329","245974",416,6,"02","07","vii","2025","Anthophora","furcata",1,NA,NA,"G. Egloff","C. Praz",NA,NA,NA,"Anthophora furcata","LC",NA,NA,NA,NA,NA
1034,"GE1034",1,"focal","Scheulte",2595329,1245974,416,"JU","02.07.2025","4","F.SC.JU.4.1","G. Egloff","Courroux","GE1034","Courroux",NA,NA,"595329","245974",416,6,"02","07","vii","2025","Bombus","ruderatus",NA,1,NA,"G. Egloff","C. Praz",NA,NA,NA,"Bombus ruderatus","LC",NA,NA,NA,NA,NA
1035,"GE1035",1,"focal","Scheulte",2595329,1245974,416,"JU","02.07.2025","4","F.SC.JU.4.1","G. Egloff","Courroux","GE1035","Courroux",NA,NA,"595329","245974",416,6,"02","07","vii","2025","Anthidium","manicatum",NA,NA,1,"G. Egloff","C. Praz",NA,NA,NA,"Anthidium manicatum","LC",NA,NA,NA,NA,NA
1036,"GE1036",1,"focal","Scheulte",2595329,1245974,416,"JU","02.07.2025","4","F.SC.JU.4.1","G. Egloff","Courroux","GE1036","Courroux",NA,NA,"595329","245974",416,6,"02","07","vii","2025","Anthidium","manicatum",NA,NA,1,"G. Egloff","C. Praz",NA,NA,NA,"Anthidium manicatum","LC",NA,NA,NA,NA,NA
1037,"GE1037",5,"focal","Scheulte",2595418,1245990,416,"JU","02.07.2025","4","F.SC.JU.4.5","G. Egloff","Courroux","GE1037","Courroux",NA,NA,"595418","245990",416,6,"02","07","vii","2025","Halictus","simplex aggr.",1,NA,NA,"G. Egloff","C. Praz",NA,NA,NA,"Halictus simplex aggr.","LC",NA,NA,NA,NA,NA
1038,"GE1038",5,"focal","Scheulte",2595418,1245990,416,"JU","02.07.2025","4","F.SC.JU.4.5","G. Egloff","Courroux","GE1038","Courroux",NA,NA,"595418","245990",416,6,"02","07","vii","2025","Halictus","scabiosae",1,NA,NA,"G. Egloff","C. Praz",NA,NA,NA,"Halictus scabiosae","LC",NA,NA,NA,NA,NA
1039,"GE1039",5,"focal","Scheulte",2595418,1245990,416,"JU","02.07.2025","4","F.SC.JU.4.5","G. Egloff","Courroux","GE1039","Courroux",NA,NA,"595418","245990",416,6,"02","07","vii","2025","Megachile","versicolor",1,NA,NA,"G. Egloff","C. Praz",NA,NA,NA,"Megachile versicolor","LC",NA,NA,NA,NA,NA
1040,"GE1040",5,"focal","Scheulte",2595418,1245990,416,"JU","02.07.2025","4","F.SC.JU.4.5","G. Egloff","Courroux","GE1040","Courroux",NA,NA,"595418","245990",416,6,"02","07","vii","2025","Bombus","pratorum",NA,NA,1,"G. Egloff","C. Praz",NA,NA,NA,"Bombus pratorum","LC",NA,NA,NA,NA,NA
1041,"GE1041",5,"focal","Scheulte",2595418,1245990,416,"JU","02.07.2025","4","F.SC.JU.4.5","G. Egloff","Courroux","GE1041","Courroux",NA,NA,"595418","245990",416,6,"02","07","vii","2025","Bombus","pascuorum",NA,1,NA,"G. Egloff","C. Praz","Used for teaching",NA,NA,"Bombus pascuorum","LC",NA,NA,NA,NA,NA
1042,"GE1042",5,"focal","Scheulte",2595418,1245990,416,"JU","02.07.2025","4","F.SC.JU.4.5","G. Egloff","Courroux","GE1042","Courroux",NA,NA,"595418","245990",416,6,"02","07","vii","2025","Bombus","hypnorum",NA,NA,1,"G. Egloff","C. Praz",NA,NA,NA,"Bombus hypnorum","LC",NA,NA,NA,NA,NA
1043,"GE1043",5,"focal","Scheulte",2595418,1245990,416,"JU","02.07.2025","4","F.SC.JU.4.5","G. Egloff","Courroux","GE1043","Courroux",NA,NA,"595418","245990",416,6,"02","07","vii","2025","Bombus","hypnorum",NA,NA,1,"G. Egloff","C. Praz",NA,NA,NA,"Bombus hypnorum","LC",NA,NA,NA,NA,NA
1044,"GE1044",5,"focal","Scheulte",2595418,1245990,416,"JU","02.07.2025","4","F.SC.JU.4.5","G. Egloff","Courroux","GE1044","Courroux",NA,NA,"595418","245990",416,6,"02","07","vii","2025","Bombus","hortorum",NA,NA,1,"G. Egloff","C. Praz",NA,NA,NA,"Bombus hortorum","LC",NA,NA,NA,NA,NA
1045,"GE1045",8,"focal","Scheulte",2595451,1245988,416,"JU","02.07.2025","4","F.SC.JU.4.8","G. Egloff","Courroux","GE1045","Courroux",NA,NA,"595451","245988",416,6,"02","07","vii","2025","Bombus","ruderatus",NA,1,NA,"G. Egloff","C. Praz",NA,NA,NA,"Bombus ruderatus","LC",NA,NA,NA,NA,NA
1046,"GE1046",8,"focal","Scheulte",2595451,1245988,416,"JU","02.07.2025","4","F.SC.JU.4.8","G. Egloff","Courroux","GE1046","Courroux",NA,NA,"595451","245988",416,6,"02","07","vii","2025","Bombus","subterraneus",NA,1,NA,"G. Egloff","C. Praz",NA,NA,NA,"Bombus subterraneus","NT",NA,NA,NA,NA,NA
1047,"GE1047",8,"focal","Scheulte",2595451,1245988,416,"JU","02.07.2025","4","F.SC.JU.4.8","G. Egloff","Courroux","GE1047","Courroux",NA,NA,"595451","245988",416,6,"02","07","vii","2025","Bombus","ruderatus",NA,1,NA,"G. Egloff","C. Praz",NA,NA,NA,"Bombus ruderatus","LC",NA,NA,NA,NA,NA
1048,"GE1048",8,"focal","Scheulte",2595451,1245988,416,"JU","02.07.2025","4","F.SC.JU.4.8","G. Egloff","Courroux","GE1048","Courroux",NA,NA,"595451","245988",416,6,"02","07","vii","2025","Bombus","ruderatus",NA,NA,1,"G. Egloff","C. Praz",NA,NA,NA,"Bombus ruderatus","LC",NA,NA,NA,NA,NA
1049,"GE1049",8,"focal","Scheulte",2595451,1245988,416,"JU","02.07.2025","4","F.SC.JU.4.8","G. Egloff","Courroux","GE1049","Courroux",NA,NA,"595451","245988",416,6,"02","07","vii","2025","Bombus","terrestris aggr.",NA,1,NA,"G. Egloff","C. Praz",NA,NA,NA,"Bombus terrestris aggr.","LC",NA,NA,NA,NA,NA
1050,"GE1050",8,"focal","Scheulte",2595451,1245988,416,"JU","02.07.2025","4","F.SC.JU.4.8","G. Egloff","Courroux","GE1050","Courroux",NA,NA,"595451","245988",416,6,"02","07","vii","2025","Bombus","sylvarum",NA,NA,1,"G. Egloff","C. Praz",NA,NA,NA,"Bombus sylvarum","LC",NA,NA,NA,NA,NA
1051,"GE1051",2,"focal","Scheulte",2595336,1245989,416,"JU","02.07.2025","4","F.SC.JU.4.2","G. Egloff","Courroux","GE1051","Courroux",NA,NA,"595336","245989",416,6,"02","07","vii","2025","Lasioglossum","glabriusculum",1,NA,NA,"G. Egloff","C. Praz",NA,NA,NA,"Lasioglossum glabriusculum","LC",NA,NA,NA,NA,NA
1052,"GE1052",2,"focal","Scheulte",2595336,1245989,416,"JU","02.07.2025","4","F.SC.JU.4.2","G. Egloff","Courroux","GE1052","Courroux",NA,NA,"595336","245989",416,6,"02","07","vii","2025","Lasioglossum","pauxillum",1,NA,NA,"G. Egloff","C. Praz",NA,NA,NA,"Lasioglossum pauxillum","LC",NA,NA,NA,NA,NA
1053,"GE1053",2,"focal","Scheulte",2595336,1245989,416,"JU","02.07.2025","4","F.SC.JU.4.2","G. Egloff","Courroux","GE1053","Courroux",NA,NA,"595336","245989",416,6,"02","07","vii","2025","Halictus","tumulorum",1,NA,NA,"G. Egloff","C. Praz",NA,NA,NA,"Halictus tumulorum","LC",NA,NA,NA,NA,NA
1054,"GE1054",2,"focal","Scheulte",2595336,1245989,416,"JU","02.07.2025","4","F.SC.JU.4.2","G. Egloff","Courroux","GE1054","Courroux",NA,NA,"595336","245989",416,6,"02","07","vii","2025","Osmia","caerulescens",NA,NA,1,"G. Egloff","C. Praz",NA,NA,NA,"Osmia caerulescens","LC",NA,NA,NA,NA,NA
1055,"GE1055",2,"focal","Scheulte",2595336,1245989,416,"JU","02.07.2025","4","F.SC.JU.4.2","G. Egloff","Courroux","GE1055","Courroux",NA,NA,"595336","245989",416,6,"02","07","vii","2025","Halictus","scabiosae",1,NA,NA,"G. Egloff","C. Praz",NA,NA,NA,"Halictus scabiosae","LC",NA,NA,NA,NA,NA
1056,"GE1056",2,"focal","Scheulte",2595336,1245989,416,"JU","02.07.2025","4","F.SC.JU.4.2","G. Egloff","Courroux","GE1056","Courroux",NA,NA,"595336","245989",416,6,"02","07","vii","2025","Melitta","leporina",NA,NA,1,"G. Egloff","C. Praz",NA,NA,NA,"Melitta leporina","LC",NA,NA,NA,NA,NA
1057,"GE1057",2,"focal","Scheulte",2595336,1245989,416,"JU","02.07.2025","4","F.SC.JU.4.2","G. Egloff","Courroux","GE1057","Courroux",NA,NA,"595336","245989",416,6,"02","07","vii","2025","Halictus","scabiosae",NA,NA,1,"G. Egloff","C. Praz",NA,NA,NA,"Halictus scabiosae","LC",NA,NA,NA,NA,NA
1058,"GE1058",2,"focal","Scheulte",2595336,1245989,416,"JU","02.07.2025","4","F.SC.JU.4.2","G. Egloff","Courroux","GE1058","Courroux",NA,NA,"595336","245989",416,6,"02","07","vii","2025","Halictus","scabiosae",1,NA,NA,"G. Egloff","C. Praz",NA,NA,NA,"Halictus scabiosae","LC",NA,NA,NA,NA,NA
1059,"GE1059",2,"focal","Scheulte",2595336,1245989,416,"JU","02.07.2025","4","F.SC.JU.4.2","G. Egloff","Courroux","GE1059","Courroux",NA,NA,"595336","245989",416,6,"02","07","vii","2025","Halictus","scabiosae",1,NA,NA,"G. Egloff","C. Praz",NA,NA,NA,"Halictus scabiosae","LC",NA,NA,NA,NA,NA
1060,"GE1060",2,"focal","Scheulte",2595336,1245989,416,"JU","02.07.2025","4","F.SC.JU.4.2","G. Egloff","Courroux","GE1060","Courroux",NA,NA,"595336","245989",416,6,"02","07","vii","2025","Megachile","ericetorum",NA,NA,1,"G. Egloff","C. Praz",NA,NA,NA,"Megachile ericetorum","LC",NA,NA,NA,NA,NA
1061,"GE1061",2,"focal","Scheulte",2595336,1245989,416,"JU","02.07.2025","4","F.SC.JU.4.2","G. Egloff","Courroux","GE1061","Courroux",NA,NA,"595336","245989",416,6,"02","07","vii","2025","Bombus","humilis",NA,1,NA,"G. Egloff","C. Praz",NA,NA,NA,"Bombus humilis","LC",NA,NA,NA,NA,NA
1062,"GE1062",2,"focal","Scheulte",2595336,1245989,416,"JU","02.07.2025","4","F.SC.JU.4.2","G. Egloff","Courroux","GE1062","Courroux",NA,NA,"595336","245989",416,6,"02","07","vii","2025","Anthidium","manicatum",NA,NA,1,"G. Egloff","C. Praz",NA,NA,NA,"Anthidium manicatum","LC",NA,NA,NA,NA,NA
1063,"GE1063",2,"focal","Scheulte",2595336,1245989,416,"JU","02.07.2025","4","F.SC.JU.4.2","G. Egloff","Courroux","GE1063","Courroux",NA,NA,"595336","245989",416,6,"02","07","vii","2025","Bombus","sylvestris",NA,1,NA,"G. Egloff","C. Praz",NA,NA,NA,"Bombus sylvestris","LC",NA,NA,NA,NA,NA
1064,"GE1064",2,"focal","Scheulte",2595336,1245989,416,"JU","02.07.2025","4","F.SC.JU.4.2","G. Egloff","Courroux","GE1064","Courroux",NA,NA,"595336","245989",416,6,"02","07","vii","2025","Bombus","pascuorum",NA,1,NA,"G. Egloff","C. Praz","Used for teaching",NA,NA,"Bombus pascuorum","LC",NA,NA,NA,NA,NA
1065,"GE1065",2,"focal","Scheulte",2595336,1245989,416,"JU","02.07.2025","4","F.SC.JU.4.2","G. Egloff","Courroux","GE1065","Courroux",NA,NA,"595336","245989",416,6,"02","07","vii","2025","Bombus","humilis",NA,1,NA,"G. Egloff","C. Praz",NA,NA,NA,"Bombus humilis","LC",NA,NA,NA,NA,NA
1066,"GE1066",2,"focal","Scheulte",2595336,1245989,416,"JU","02.07.2025","4","F.SC.JU.4.2","G. Egloff","Courroux","GE1066","Courroux",NA,NA,"595336","245989",416,6,"02","07","vii","2025","Bombus","terrestris aggr.",NA,1,NA,"G. Egloff","C. Praz",NA,NA,NA,"Bombus terrestris aggr.","LC",NA,NA,NA,NA,NA
1067,"GE1067",2,"focal","Scheulte",2595336,1245989,416,"JU","02.07.2025","4","F.SC.JU.4.2","G. Egloff","Courroux","GE1067","Courroux",NA,NA,"595336","245989",416,6,"02","07","vii","2025","Bombus","terrestris aggr.",NA,1,NA,"G. Egloff","C. Praz",NA,NA,NA,"Bombus terrestris aggr.","LC",NA,NA,NA,NA,NA
1068,"GE1068",2,"focal","Scheulte",2595336,1245989,416,"JU","02.07.2025","4","F.SC.JU.4.2","G. Egloff","Courroux","GE1068","Courroux",NA,NA,"595336","245989",416,6,"02","07","vii","2025","Bombus","pratorum",1,NA,NA,"G. Egloff","C. Praz",NA,NA,NA,"Bombus pratorum","LC",NA,NA,NA,NA,NA
1069,"GE1069",3,"focal","Scheulte",2595356,1245996,416,"JU","02.07.2025","4","F.SC.JU.4.3","G. Egloff","Courroux","GE1069","Courroux",NA,NA,"595356","245996",416,6,"02","07","vii","2025","Lasioglossum","glabriusculum",1,NA,NA,"G. Egloff","C. Praz",NA,NA,NA,"Lasioglossum glabriusculum","LC",NA,NA,NA,NA,NA
1070,"GE1070",3,"focal","Scheulte",2595356,1245996,416,"JU","02.07.2025","4","F.SC.JU.4.3","G. Egloff","Courroux","GE1070","Courroux",NA,NA,"595356","245996",416,6,"02","07","vii","2025","Lasioglossum","glabriusculum",1,NA,NA,"G. Egloff","C. Praz",NA,NA,NA,"Lasioglossum glabriusculum","LC",NA,NA,NA,NA,NA
1071,"GE1071",3,"focal","Scheulte",2595356,1245996,416,"JU","02.07.2025","4","F.SC.JU.4.3","G. Egloff","Courroux","GE1071","Courroux",NA,NA,"595356","245996",416,6,"02","07","vii","2025","Lasioglossum","glabriusculum",1,NA,NA,"G. Egloff","C. Praz",NA,NA,NA,"Lasioglossum glabriusculum","LC",NA,NA,NA,NA,NA
1072,"GE1072",3,"focal","Scheulte",2595356,1245996,416,"JU","02.07.2025","4","F.SC.JU.4.3","G. Egloff","Courroux","GE1072","Courroux",NA,NA,"595356","245996",416,6,"02","07","vii","2025","Lasioglossum","glabriusculum",NA,NA,1,"G. Egloff","C. Praz",NA,NA,NA,"Lasioglossum glabriusculum","LC",NA,NA,NA,NA,NA
1073,"GE1073",3,"focal","Scheulte",2595356,1245996,416,"JU","02.07.2025","4","F.SC.JU.4.3","G. Egloff","Courroux","GE1073","Courroux",NA,NA,"595356","245996",416,6,"02","07","vii","2025","Hylaeus","sinuatus",NA,NA,1,"G. Egloff","C. Praz",NA,NA,NA,"Hylaeus sinuatus","LC",NA,NA,NA,NA,NA
1074,"GE1074",3,"focal","Scheulte",2595356,1245996,416,"JU","02.07.2025","4","F.SC.JU.4.3","G. Egloff","Courroux","GE1074","Courroux",NA,NA,"595356","245996",416,6,"02","07","vii","2025","Lasioglossum","pauxillum",1,NA,NA,"G. Egloff","C. Praz",NA,NA,NA,"Lasioglossum pauxillum","LC",NA,NA,NA,NA,NA
1075,"GE1075",3,"focal","Scheulte",2595356,1245996,416,"JU","02.07.2025","4","F.SC.JU.4.3","G. Egloff","Courroux","GE1075","Courroux",NA,NA,"595356","245996",416,6,"02","07","vii","2025","Lasioglossum","laticeps",NA,NA,1,"G. Egloff","C. Praz",NA,NA,NA,"Lasioglossum laticeps","LC",NA,NA,NA,NA,NA
1076,"GE1076",3,"focal","Scheulte",2595356,1245996,416,"JU","02.07.2025","4","F.SC.JU.4.3","G. Egloff","Courroux","GE1076","Courroux",NA,NA,"595356","245996",416,6,"02","07","vii","2025","Halictus","tumulorum",1,NA,NA,"G. Egloff","C. Praz",NA,NA,NA,"Halictus tumulorum","LC",NA,NA,NA,NA,NA
1077,"GE1077",3,"focal","Scheulte",2595356,1245996,416,"JU","02.07.2025","4","F.SC.JU.4.3","G. Egloff","Courroux","GE1077","Courroux",NA,NA,"595356","245996",416,6,"02","07","vii","2025","Halictus","simplex aggr.",1,NA,NA,"G. Egloff","C. Praz",NA,NA,NA,"Halictus simplex aggr.","LC",NA,NA,NA,NA,NA
1078,"GE1078",3,"focal","Scheulte",2595356,1245996,416,"JU","02.07.2025","4","F.SC.JU.4.3","G. Egloff","Courroux","GE1078","Courroux",NA,NA,"595356","245996",416,6,"02","07","vii","2025","Halictus","simplex aggr.",1,NA,NA,"G. Egloff","C. Praz",NA,NA,NA,"Halictus simplex aggr.","LC",NA,NA,NA,NA,NA
1079,"GE1079",3,"focal","Scheulte",2595356,1245996,416,"JU","02.07.2025","4","F.SC.JU.4.3","G. Egloff","Courroux","GE1079","Courroux",NA,NA,"595356","245996",416,6,"02","07","vii","2025","Anthidium","manicatum",1,NA,NA,"G. Egloff","C. Praz",NA,NA,NA,"Anthidium manicatum","LC",NA,NA,NA,NA,NA
1080,"GE1080",3,"focal","Scheulte",2595356,1245996,416,"JU","02.07.2025","4","F.SC.JU.4.3","G. Egloff","Courroux","GE1080","Courroux",NA,NA,"595356","245996",416,6,"02","07","vii","2025","Bombus","pascuorum",NA,1,NA,"G. Egloff","C. Praz","Used for teaching",NA,NA,"Bombus pascuorum","LC",NA,NA,NA,NA,NA
1081,"GE1081",3,"focal","Scheulte",2595356,1245996,416,"JU","02.07.2025","4","F.SC.JU.4.3","G. Egloff","Courroux","GE1081","Courroux",NA,NA,"595356","245996",416,6,"02","07","vii","2025","Bombus","pascuorum",NA,1,NA,"G. Egloff","C. Praz","Used for teaching",NA,NA,"Bombus pascuorum","LC",NA,NA,NA,NA,NA
1082,"GE1082",3,"focal","Scheulte",2595356,1245996,416,"JU","02.07.2025","4","F.SC.JU.4.3","G. Egloff","Courroux","GE1082","Courroux",NA,NA,"595356","245996",416,6,"02","07","vii","2025","Bombus","sylvestris",NA,1,NA,"G. Egloff","C. Praz",NA,NA,NA,"Bombus sylvestris","LC",NA,NA,NA,NA,NA
1083,"GE1083",3,"focal","Scheulte",2595356,1245996,416,"JU","02.07.2025","4","F.SC.JU.4.3","G. Egloff","Courroux","GE1083","Courroux",NA,NA,"595356","245996",416,6,"02","07","vii","2025","Megachile","willughbiella",NA,NA,1,"G. Egloff","C. Praz",NA,NA,NA,"Megachile willughbiella","LC",NA,NA,NA,NA,NA
1084,"GE1084",3,"focal","Scheulte",2595356,1245996,416,"JU","02.07.2025","4","F.SC.JU.4.3","G. Egloff","Courroux","GE1084","Courroux",NA,NA,"595356","245996",416,6,"02","07","vii","2025","Megachile","ericetorum",NA,NA,1,"G. Egloff","C. Praz",NA,NA,NA,"Megachile ericetorum","LC",NA,NA,NA,NA,NA
1085,"GE1085",3,"focal","Scheulte",2595356,1245996,416,"JU","02.07.2025","4","F.SC.JU.4.3","G. Egloff","Courroux","GE1085","Courroux",NA,NA,"595356","245996",416,6,"02","07","vii","2025","Megachile","ericetorum",1,NA,NA,"G. Egloff","C. Praz",NA,NA,NA,"Megachile ericetorum","LC",NA,NA,NA,NA,NA
1086,"GE1086",2,"control","Scheulte",2597601,1244609,444,"JU","04.07.2025","4","C.SC.JU.4.2","G. Egloff","Val Terbi","GE1086","Val Terbi",NA,NA,"597601","244609",444,6,"04","07","vii","2025","Bombus","pratorum",NA,1,NA,"G. Egloff","C. Praz",NA,NA,NA,"Bombus pratorum","LC",NA,NA,NA,NA,NA
1087,"GE1087",2,"control","Scheulte",2597601,1244609,444,"JU","04.07.2025","4","C.SC.JU.4.2","G. Egloff","Val Terbi","GE1087","Val Terbi",NA,NA,"597601","244609",444,6,"04","07","vii","2025","Halictus","tumulorum",1,NA,NA,"G. Egloff","C. Praz",NA,NA,NA,"Halictus tumulorum","LC",NA,NA,NA,NA,NA
1088,"GE1088",2,"control","Scheulte",2597601,1244609,444,"JU","04.07.2025","4","C.SC.JU.4.2","G. Egloff","Val Terbi","GE1088","Val Terbi",NA,NA,"597601","244609",444,6,"04","07","vii","2025","Lasioglossum","laticeps",NA,NA,1,"G. Egloff","C. Praz",NA,NA,NA,"Lasioglossum laticeps","LC",NA,NA,NA,NA,NA
1089,"GE1089",2,"control","Scheulte",2597601,1244609,444,"JU","04.07.2025","4","C.SC.JU.4.2","G. Egloff","Val Terbi","GE1089","Val Terbi",NA,NA,"597601","244609",444,6,"04","07","vii","2025","Lasioglossum","laticeps",NA,NA,1,"G. Egloff","C. Praz",NA,NA,NA,"Lasioglossum laticeps","LC",NA,NA,NA,NA,NA
1090,"GE1090",2,"control","Scheulte",2597601,1244609,444,"JU","04.07.2025","4","C.SC.JU.4.2","G. Egloff","Val Terbi","GE1090","Val Terbi",NA,NA,"597601","244609",444,6,"04","07","vii","2025","Lasioglossum","laticeps",NA,NA,1,"G. Egloff","C. Praz",NA,NA,NA,"Lasioglossum laticeps","LC",NA,NA,NA,NA,NA
1091,"GE1091",2,"control","Scheulte",2597601,1244609,444,"JU","04.07.2025","4","C.SC.JU.4.2","G. Egloff","Val Terbi","GE1091","Val Terbi",NA,NA,"597601","244609",444,6,"04","07","vii","2025","Lasioglossum","morio",1,NA,NA,"G. Egloff","C. Praz",NA,NA,NA,"Lasioglossum morio","LC",NA,NA,NA,NA,NA
1092,"GE1092",2,"control","Scheulte",2597601,1244609,444,"JU","04.07.2025","4","C.SC.JU.4.2","G. Egloff","Val Terbi","GE1092","Val Terbi",NA,NA,"597601","244609",444,6,"04","07","vii","2025","Lasioglossum","morio",1,NA,NA,"G. Egloff","C. Praz",NA,NA,NA,"Lasioglossum morio","LC",NA,NA,NA,NA,NA
1093,"GE1093",8,"control","Scheulte",2597681,1244557,445,"JU","04.07.2025","4","C.SC.JU.4.8","G. Egloff","Val Terbi","GE1093","Val Terbi",NA,NA,"597681","244557",445,6,"04","07","vii","2025","Bombus","pascuorum",NA,NA,1,"G. Egloff","C. Praz",NA,NA,NA,"Bombus pascuorum","LC",NA,NA,NA,NA,NA
1094,"GE1094",8,"control","Scheulte",2597681,1244557,445,"JU","04.07.2025","4","C.SC.JU.4.8","G. Egloff","Val Terbi","GE1094","Val Terbi",NA,NA,"597681","244557",445,6,"04","07","vii","2025","Lasioglossum","malachurum",1,NA,NA,"G. Egloff","C. Praz",NA,NA,NA,"Lasioglossum malachurum","LC",NA,NA,NA,NA,NA
1095,"GE1095",8,"control","Scheulte",2597681,1244557,445,"JU","04.07.2025","4","C.SC.JU.4.8","G. Egloff","Val Terbi","GE1095","Val Terbi",NA,NA,"597681","244557",445,6,"04","07","vii","2025","Andrena","flavipes",NA,NA,1,"G. Egloff","C. Praz",NA,NA,NA,"Andrena flavipes","LC",NA,NA,NA,NA,NA
1096,"GE1096",6,"control","Scheulte",2597674,1244564,445,"JU","04.07.2025","4","C.SC.JU.4.6","G. Egloff","Val Terbi","GE1096","Val Terbi",NA,NA,"597674","244564",445,6,"04","07","vii","2025","Lasioglossum","laticeps",NA,NA,1,"G. Egloff","C. Praz",NA,NA,NA,"Lasioglossum laticeps","LC",NA,NA,NA,NA,NA
1097,"GE1097",6,"control","Scheulte",2597674,1244564,445,"JU","04.07.2025","4","C.SC.JU.4.6","G. Egloff","Val Terbi","GE1097","Val Terbi",NA,NA,"597674","244564",445,6,"04","07","vii","2025","Lasioglossum","laticeps",NA,NA,1,"G. Egloff","C. Praz",NA,NA,NA,"Lasioglossum laticeps","LC",NA,NA,NA,NA,NA
1098,"GE1098",6,"control","Scheulte",2597674,1244564,445,"JU","04.07.2025","4","C.SC.JU.4.6","G. Egloff","Val Terbi","GE1098","Val Terbi",NA,NA,"597674","244564",445,6,"04","07","vii","2025","Lasioglossum","laticeps",NA,NA,1,"G. Egloff","C. Praz",NA,NA,NA,"Lasioglossum laticeps","LC",NA,NA,NA,NA,NA
1099,"GE1099",3,"control","Scheulte",2597625,1244588,444,"JU","04.07.2025","4","C.SC.JU.4.3","G. Egloff","Val Terbi","GE1099","Val Terbi",NA,NA,"597625","244588",444,6,"04","07","vii","2025","Lasioglossum","laticeps",NA,NA,1,"G. Egloff","C. Praz",NA,NA,NA,"Lasioglossum laticeps","LC",NA,NA,NA,NA,NA
1100,"GE1100",3,"control","Scheulte",2597625,1244588,444,"JU","04.07.2025","4","C.SC.JU.4.3","G. Egloff","Val Terbi","GE1100","Val Terbi",NA,NA,"597625","244588",444,6,"04","07","vii","2025","Lasioglossum","laticeps",NA,NA,1,"G. Egloff","C. Praz",NA,NA,NA,"Lasioglossum laticeps","LC",NA,NA,NA,NA,NA
1101,"GE1101",3,"control","Scheulte",2597625,1244588,444,"JU","04.07.2025","4","C.SC.JU.4.3","G. Egloff","Val Terbi","GE1101","Val Terbi",NA,NA,"597625","244588",444,6,"04","07","vii","2025","Lasioglossum","laticeps",NA,NA,1,"G. Egloff","C. Praz",NA,NA,NA,"Lasioglossum laticeps","LC",NA,NA,NA,NA,NA
1102,"GE1102",3,"control","Scheulte",2597625,1244588,444,"JU","04.07.2025","4","C.SC.JU.4.3","G. Egloff","Val Terbi","GE1102","Val Terbi",NA,NA,"597625","244588",444,6,"04","07","vii","2025","Lasioglossum","laticeps",NA,NA,1,"G. Egloff","C. Praz",NA,NA,NA,"Lasioglossum laticeps","LC",NA,NA,NA,NA,NA
1103,"GE1103",3,"control","Scheulte",2597625,1244588,444,"JU","04.07.2025","4","C.SC.JU.4.3","G. Egloff","Val Terbi","GE1103","Val Terbi",NA,NA,"597625","244588",444,6,"04","07","vii","2025","Lasioglossum","laticeps",NA,NA,1,"G. Egloff","C. Praz",NA,NA,NA,"Lasioglossum laticeps","LC",NA,NA,NA,NA,NA
1104,"GE1104",3,"control","Scheulte",2597625,1244588,444,"JU","04.07.2025","4","C.SC.JU.4.3","G. Egloff","Val Terbi","GE1104","Val Terbi",NA,NA,"597625","244588",444,6,"04","07","vii","2025","Lasioglossum","laticeps",NA,NA,1,"G. Egloff","C. Praz",NA,NA,NA,"Lasioglossum laticeps","LC",NA,NA,NA,NA,NA
1105,"GE1105",3,"control","Scheulte",2597625,1244588,444,"JU","04.07.2025","4","C.SC.JU.4.3","G. Egloff","Val Terbi","GE1105","Val Terbi",NA,NA,"597625","244588",444,6,"04","07","vii","2025","Lasioglossum","laticeps",NA,NA,1,"G. Egloff","C. Praz",NA,NA,NA,"Lasioglossum laticeps","LC",NA,NA,NA,NA,NA
1106,"GE1106",5,"control","Scheulte",2597647,1244583,445,"JU","04.07.2025","4","C.SC.JU.4.5","G. Egloff","Val Terbi","GE1106","Val Terbi",NA,NA,"597647","244583",445,6,"04","07","vii","2025","Lasioglossum","laticeps",NA,NA,1,"G. Egloff","C. Praz",NA,NA,NA,"Lasioglossum laticeps","LC",NA,NA,NA,NA,NA
1107,"GE1107",5,"control","Scheulte",2597647,1244583,445,"JU","04.07.2025","4","C.SC.JU.4.5","G. Egloff","Val Terbi","GE1107","Val Terbi",NA,NA,"597647","244583",445,6,"04","07","vii","2025","Lasioglossum","laticeps",NA,NA,1,"G. Egloff","C. Praz",NA,NA,NA,"Lasioglossum laticeps","LC",NA,NA,NA,NA,NA
1108,"GE1108",7,"control","Scheulte",2597681,1244512,445,"JU","04.07.2025","4","C.SC.JU.4.7","G. Egloff","Val Terbi","GE1108","Val Terbi",NA,NA,"597681","244512",445,6,"04","07","vii","2025","Lasioglossum","calceatum",1,NA,NA,"G. Egloff","C. Praz","Used for teaching",NA,NA,"Lasioglossum calceatum","LC",NA,NA,NA,NA,NA
1109,"GE1109",7,"control","Scheulte",2597681,1244512,445,"JU","04.07.2025","4","C.SC.JU.4.7","G. Egloff","Val Terbi","GE1109","Val Terbi",NA,NA,"597681","244512",445,6,"04","07","vii","2025","Lasioglossum","lativentre",1,NA,NA,"G. Egloff","C. Praz",NA,NA,NA,"Lasioglossum lativentre","LC",NA,NA,NA,NA,NA
1110,"GE1110",7,"control","Scheulte",2597681,1244512,445,"JU","04.07.2025","4","C.SC.JU.4.7","G. Egloff","Val Terbi","GE1110","Val Terbi",NA,NA,"597681","244512",445,6,"04","07","vii","2025","Lasioglossum","glabriusculum",1,NA,NA,"G. Egloff","C. Praz",NA,NA,NA,"Lasioglossum glabriusculum","LC",NA,NA,NA,NA,NA
1111,"GE1111",7,"control","Scheulte",2597681,1244512,445,"JU","04.07.2025","4","C.SC.JU.4.7","G. Egloff","Val Terbi","GE1111","Val Terbi",NA,NA,"597681","244512",445,6,"04","07","vii","2025","Lasioglossum","glabriusculum",1,NA,NA,"G. Egloff","C. Praz",NA,NA,NA,"Lasioglossum glabriusculum","LC",NA,NA,NA,NA,NA
1112,"GE1112",4,"control","Scheulte",2597636,1244585,444,"JU","04.07.2025","4","C.SC.JU.4.4","G. Egloff","Val Terbi","GE1112","Val Terbi",NA,NA,"597636","244585",444,6,"04","07","vii","2025","Lasioglossum","malachurum",NA,NA,1,"G. Egloff","C. Praz",NA,NA,NA,"Lasioglossum malachurum","LC",NA,NA,NA,NA,NA
1113,"GE1113",4,"control","Scheulte",2597636,1244585,444,"JU","04.07.2025","4","C.SC.JU.4.4","G. Egloff","Val Terbi","GE1113","Val Terbi",NA,NA,"597636","244585",444,6,"04","07","vii","2025","Lasioglossum","malachurum",NA,NA,1,"G. Egloff","C. Praz",NA,NA,NA,"Lasioglossum malachurum","LC",NA,NA,NA,NA,NA
1114,"GE1114",4,"control","Scheulte",2597636,1244585,444,"JU","04.07.2025","4","C.SC.JU.4.4","G. Egloff","Val Terbi","GE1114","Val Terbi",NA,NA,"597636","244585",444,6,"04","07","vii","2025","Lasioglossum","malachurum",NA,NA,1,"G. Egloff","C. Praz",NA,NA,NA,"Lasioglossum malachurum","LC",NA,NA,NA,NA,NA
1115,"GE1115",4,"control","Scheulte",2597636,1244585,444,"JU","04.07.2025","4","C.SC.JU.4.4","G. Egloff","Val Terbi","GE1115","Val Terbi",NA,NA,"597636","244585",444,6,"04","07","vii","2025","Lasioglossum","malachurum",NA,NA,1,"G. Egloff","C. Praz",NA,NA,NA,"Lasioglossum malachurum","LC",NA,NA,NA,NA,NA
1116,"GE1116",4,"control","Scheulte",2597636,1244585,444,"JU","04.07.2025","4","C.SC.JU.4.4","G. Egloff","Val Terbi","GE1116","Val Terbi",NA,NA,"597636","244585",444,6,"04","07","vii","2025","Lasioglossum","calceatum",1,NA,NA,"G. Egloff","C. Praz","Used for teaching",NA,NA,"Lasioglossum calceatum","LC",NA,NA,NA,NA,NA
1117,"GE1117",8,"control","Scheulte",2597681,1244557,445,"JU","04.07.2025","4","C.SC.JU.4.8","G. Egloff","Val Terbi","GE1117","Val Terbi",NA,NA,"597681","244557",445,6,"04","07","vii","2025","Lasioglossum","malachurum",1,NA,NA,"G. Egloff","C. Praz",NA,NA,NA,"Lasioglossum malachurum","LC",NA,NA,NA,NA,NA
1118,"GE1118",8,"control","Scheulte",2597681,1244557,445,"JU","04.07.2025","4","C.SC.JU.4.8","G. Egloff","Val Terbi","GE1118","Val Terbi",NA,NA,"597681","244557",445,6,"04","07","vii","2025","Lasioglossum","fulvicorne",1,NA,NA,"G. Egloff","C. Praz",NA,NA,NA,"Lasioglossum fulvicorne","LC",NA,NA,NA,NA,NA
1119,"GE1119",8,"control","Scheulte",2597681,1244557,445,"JU","04.07.2025","4","C.SC.JU.4.8","G. Egloff","Val Terbi","GE1119","Val Terbi",NA,NA,"597681","244557",445,6,"04","07","vii","2025","Lasioglossum","pauxillum",1,NA,NA,"G. Egloff","C. Praz",NA,NA,NA,"Lasioglossum pauxillum","LC",NA,NA,NA,NA,NA
1120,"GE1120",8,"control","Scheulte",2597681,1244557,445,"JU","04.07.2025","4","C.SC.JU.4.8","G. Egloff","Val Terbi","GE1120","Val Terbi",NA,NA,"597681","244557",445,6,"04","07","vii","2025","Lasioglossum","morio",1,NA,NA,"G. Egloff","C. Praz",NA,NA,NA,"Lasioglossum morio","LC",NA,NA,NA,NA,NA
1121,"GE1121",8,"control","Scheulte",2597681,1244557,445,"JU","04.07.2025","4","C.SC.JU.4.8","G. Egloff","Val Terbi","GE1121","Val Terbi",NA,NA,"597681","244557",445,6,"04","07","vii","2025","Lasioglossum","pauxillum",1,NA,NA,"G. Egloff","C. Praz",NA,NA,NA,"Lasioglossum pauxillum","LC",NA,NA,NA,NA,NA
1122,"GE1122",6,"focal","Thiele",2537647,1180202,433,"VD","09.07.2025","4","F.TH.VD.4.6","G. Egloff","Yverdon-les-Bains","GE1122","Yverdon-les-Bains",NA,NA,"537647","180202",433,6,"09","07","vii","2025","Lasioglossum","laticeps",1,NA,NA,"G. Egloff","C. Praz",NA,NA,NA,"Lasioglossum laticeps","LC",NA,NA,NA,NA,NA
1123,"GE1123",6,"focal","Thiele",2537647,1180202,433,"VD","09.07.2025","4","F.TH.VD.4.6","G. Egloff","Yverdon-les-Bains","GE1123","Yverdon-les-Bains",NA,NA,"537647","180202",433,6,"09","07","vii","2025","Lasioglossum","malachurum",1,NA,NA,"G. Egloff","C. Praz",NA,NA,NA,"Lasioglossum malachurum","LC",NA,NA,NA,NA,NA
1124,"GE1124",6,"focal","Thiele",2537647,1180202,433,"VD","09.07.2025","4","F.TH.VD.4.6","G. Egloff","Yverdon-les-Bains","GE1124","Yverdon-les-Bains",NA,NA,"537647","180202",433,6,"09","07","vii","2025","Lasioglossum","malachurum",1,NA,NA,"G. Egloff","C. Praz",NA,NA,NA,"Lasioglossum malachurum","LC",NA,NA,NA,NA,NA
1125,"GE1125",6,"focal","Thiele",2537647,1180202,433,"VD","09.07.2025","4","F.TH.VD.4.6","G. Egloff","Yverdon-les-Bains","GE1125","Yverdon-les-Bains",NA,NA,"537647","180202",433,6,"09","07","vii","2025","Lasioglossum","malachurum",1,NA,NA,"G. Egloff","C. Praz",NA,NA,NA,"Lasioglossum malachurum","LC",NA,NA,NA,NA,NA
1126,"GE1126",6,"focal","Thiele",2537647,1180202,433,"VD","09.07.2025","4","F.TH.VD.4.6","G. Egloff","Yverdon-les-Bains","GE1126","Yverdon-les-Bains",NA,NA,"537647","180202",433,6,"09","07","vii","2025","Lasioglossum","malachurum",1,NA,NA,"G. Egloff","C. Praz",NA,NA,NA,"Lasioglossum malachurum","LC",NA,NA,NA,NA,NA
1127,"GE1127",6,"focal","Thiele",2537647,1180202,433,"VD","09.07.2025","4","F.TH.VD.4.6","G. Egloff","Yverdon-les-Bains","GE1127","Yverdon-les-Bains",NA,NA,"537647","180202",433,6,"09","07","vii","2025","Lasioglossum","malachurum",1,NA,NA,"G. Egloff","C. Praz",NA,NA,NA,"Lasioglossum malachurum","LC",NA,NA,NA,NA,NA
1128,"GE1128",6,"focal","Thiele",2537647,1180202,433,"VD","09.07.2025","4","F.TH.VD.4.6","G. Egloff","Yverdon-les-Bains","GE1128","Yverdon-les-Bains",NA,NA,"537647","180202",433,6,"09","07","vii","2025","Lasioglossum","malachurum",1,NA,NA,"G. Egloff","C. Praz",NA,NA,NA,"Lasioglossum malachurum","LC",NA,NA,NA,NA,NA
1129,"GE1129",6,"focal","Thiele",2537647,1180202,433,"VD","09.07.2025","4","F.TH.VD.4.6","G. Egloff","Yverdon-les-Bains","GE1129","Yverdon-les-Bains",NA,NA,"537647","180202",433,6,"09","07","vii","2025","Lasioglossum","malachurum",1,NA,NA,"G. Egloff","C. Praz",NA,NA,NA,"Lasioglossum malachurum","LC",NA,NA,NA,NA,NA
1130,"GE1130",6,"focal","Thiele",2537647,1180202,433,"VD","09.07.2025","4","F.TH.VD.4.6","G. Egloff","Yverdon-les-Bains","GE1130","Yverdon-les-Bains",NA,NA,"537647","180202",433,6,"09","07","vii","2025","Lasioglossum","villosulum",1,NA,NA,"G. Egloff","C. Praz",NA,NA,NA,"Lasioglossum villosulum","LC",NA,NA,NA,NA,NA
1131,"GE1131",6,"focal","Thiele",2537647,1180202,433,"VD","09.07.2025","4","F.TH.VD.4.6","G. Egloff","Yverdon-les-Bains","GE1131","Yverdon-les-Bains",NA,NA,"537647","180202",433,6,"09","07","vii","2025","Lasioglossum","malachurum",1,NA,NA,"G. Egloff","C. Praz",NA,NA,NA,"Lasioglossum malachurum","LC",NA,NA,NA,NA,NA
1132,"GE1132",6,"focal","Thiele",2537647,1180202,433,"VD","09.07.2025","4","F.TH.VD.4.6","G. Egloff","Yverdon-les-Bains","GE1132","Yverdon-les-Bains",NA,NA,"537647","180202",433,6,"09","07","vii","2025","Lasioglossum","pauxillum",1,NA,NA,"G. Egloff","C. Praz",NA,NA,NA,"Lasioglossum pauxillum","LC",NA,NA,NA,NA,NA
1133,"GE1133",6,"focal","Thiele",2537647,1180202,433,"VD","09.07.2025","4","F.TH.VD.4.6","G. Egloff","Yverdon-les-Bains","GE1133","Yverdon-les-Bains",NA,NA,"537647","180202",433,6,"09","07","vii","2025","Lasioglossum","pauxillum",1,NA,NA,"G. Egloff","C. Praz",NA,NA,NA,"Lasioglossum pauxillum","LC",NA,NA,NA,NA,NA
1134,"GE1134",6,"focal","Thiele",2537647,1180202,433,"VD","09.07.2025","4","F.TH.VD.4.6","G. Egloff","Yverdon-les-Bains","GE1134","Yverdon-les-Bains",NA,NA,"537647","180202",433,6,"09","07","vii","2025","Lasioglossum","pauxillum",1,NA,NA,"G. Egloff","C. Praz",NA,NA,NA,"Lasioglossum pauxillum","LC",NA,NA,NA,NA,NA
1135,"GE1135",6,"focal","Thiele",2537647,1180202,433,"VD","09.07.2025","4","F.TH.VD.4.6","G. Egloff","Yverdon-les-Bains","GE1135","Yverdon-les-Bains",NA,NA,"537647","180202",433,6,"09","07","vii","2025","Lasioglossum","villosulum",1,NA,NA,"G. Egloff","C. Praz",NA,NA,NA,"Lasioglossum villosulum","LC",NA,NA,NA,NA,NA
1136,"GE1136",6,"focal","Thiele",2537647,1180202,433,"VD","09.07.2025","4","F.TH.VD.4.6","G. Egloff","Yverdon-les-Bains","GE1136","Yverdon-les-Bains",NA,NA,"537647","180202",433,6,"09","07","vii","2025","Lasioglossum","malachurum",1,NA,NA,"G. Egloff","C. Praz",NA,NA,NA,"Lasioglossum malachurum","LC",NA,NA,NA,NA,NA
1137,"GE1137",6,"focal","Thiele",2537647,1180202,433,"VD","09.07.2025","4","F.TH.VD.4.6","G. Egloff","Yverdon-les-Bains","GE1137","Yverdon-les-Bains",NA,NA,"537647","180202",433,6,"09","07","vii","2025","Lasioglossum","pauxillum",1,NA,NA,"G. Egloff","C. Praz",NA,NA,NA,"Lasioglossum pauxillum","LC",NA,NA,NA,NA,NA
1138,"GE1138",6,"focal","Thiele",2537647,1180202,433,"VD","09.07.2025","4","F.TH.VD.4.6","G. Egloff","Yverdon-les-Bains","GE1138","Yverdon-les-Bains",NA,NA,"537647","180202",433,6,"09","07","vii","2025","Lasioglossum","morio",NA,NA,1,"G. Egloff","C. Praz",NA,NA,NA,"Lasioglossum morio","LC",NA,NA,NA,NA,NA
1139,"GE1139",6,"focal","Thiele",2537647,1180202,433,"VD","09.07.2025","4","F.TH.VD.4.6","G. Egloff","Yverdon-les-Bains","GE1139","Yverdon-les-Bains",NA,NA,"537647","180202",433,6,"09","07","vii","2025","Lasioglossum","glabriusculum",1,NA,NA,"G. Egloff","C. Praz",NA,NA,NA,"Lasioglossum glabriusculum","LC",NA,NA,NA,NA,NA
1140,"GE1140",6,"focal","Thiele",2537647,1180202,433,"VD","09.07.2025","4","F.TH.VD.4.6","G. Egloff","Yverdon-les-Bains","GE1140","Yverdon-les-Bains",NA,NA,"537647","180202",433,6,"09","07","vii","2025","Lasioglossum","malachurum",NA,NA,1,"G. Egloff","C. Praz",NA,NA,NA,"Lasioglossum malachurum","LC",NA,NA,NA,NA,NA
1141,"GE1141",6,"focal","Thiele",2537647,1180202,433,"VD","09.07.2025","4","F.TH.VD.4.6","G. Egloff","Yverdon-les-Bains","GE1141","Yverdon-les-Bains",NA,NA,"537647","180202",433,6,"09","07","vii","2025","Lasioglossum","pauxillum",NA,NA,1,"G. Egloff","C. Praz",NA,NA,NA,"Lasioglossum pauxillum","LC",NA,NA,NA,NA,NA
1142,"GE1142",6,"focal","Thiele",2537647,1180202,433,"VD","09.07.2025","4","F.TH.VD.4.6","G. Egloff","Yverdon-les-Bains","GE1142","Yverdon-les-Bains",NA,NA,"537647","180202",433,6,"09","07","vii","2025","Lasioglossum","pauxillum",NA,NA,1,"G. Egloff","C. Praz",NA,NA,NA,"Lasioglossum pauxillum","LC",NA,NA,NA,NA,NA
1143,"GE1143",6,"focal","Thiele",2537647,1180202,433,"VD","09.07.2025","4","F.TH.VD.4.6","G. Egloff","Yverdon-les-Bains","GE1143","Yverdon-les-Bains",NA,NA,"537647","180202",433,6,"09","07","vii","2025","Lasioglossum","pauxillum",NA,NA,1,"G. Egloff","C. Praz",NA,NA,NA,"Lasioglossum pauxillum","LC",NA,NA,NA,NA,NA
1144,"GE1144",6,"focal","Thiele",2537647,1180202,433,"VD","09.07.2025","4","F.TH.VD.4.6","G. Egloff","Yverdon-les-Bains","GE1144","Yverdon-les-Bains",NA,NA,"537647","180202",433,6,"09","07","vii","2025","Lasioglossum","pauxillum",NA,NA,1,"G. Egloff","C. Praz",NA,NA,NA,"Lasioglossum pauxillum","LC",NA,NA,NA,NA,NA
1145,"GE1145",6,"focal","Thiele",2537647,1180202,433,"VD","09.07.2025","4","F.TH.VD.4.6","G. Egloff","Yverdon-les-Bains","GE1145","Yverdon-les-Bains",NA,NA,"537647","180202",433,6,"09","07","vii","2025","Lasioglossum","pauxillum",NA,NA,1,"G. Egloff","C. Praz",NA,NA,NA,"Lasioglossum pauxillum","LC",NA,NA,NA,NA,NA
1146,"GE1146",6,"focal","Thiele",2537647,1180202,433,"VD","09.07.2025","4","F.TH.VD.4.6","G. Egloff","Yverdon-les-Bains","GE1146","Yverdon-les-Bains",NA,NA,"537647","180202",433,6,"09","07","vii","2025","Halictus","scabiosae",1,NA,NA,"G. Egloff","C. Praz",NA,NA,NA,"Halictus scabiosae","LC",NA,NA,NA,NA,NA
1147,"GE1147",6,"focal","Thiele",2537647,1180202,433,"VD","09.07.2025","4","F.TH.VD.4.6","G. Egloff","Yverdon-les-Bains","GE1147","Yverdon-les-Bains",NA,NA,"537647","180202",433,6,"09","07","vii","2025","Andrena","flavipes",NA,NA,1,"G. Egloff","C. Praz",NA,NA,NA,"Andrena flavipes","LC",NA,NA,NA,NA,NA
1148,"GE1148",6,"focal","Thiele",2537647,1180202,433,"VD","09.07.2025","4","F.TH.VD.4.6","G. Egloff","Yverdon-les-Bains","GE1148","Yverdon-les-Bains",NA,NA,"537647","180202",433,6,"09","07","vii","2025","Sphecodes","monilicornis",1,NA,NA,"G. Egloff","C. Praz",NA,NA,NA,"Sphecodes monilicornis","LC",NA,NA,NA,NA,NA
1149,"GE1149",6,"focal","Thiele",2537647,1180202,433,"VD","09.07.2025","4","F.TH.VD.4.6","G. Egloff","Yverdon-les-Bains","GE1149","Yverdon-les-Bains",NA,NA,"537647","180202",433,6,"09","07","vii","2025","Sphecodes","monilicornis",NA,NA,1,"G. Egloff","C. Praz",NA,NA,NA,"Sphecodes monilicornis","LC",NA,NA,NA,NA,NA
1150,"GE1150",6,"focal","Thiele",2537647,1180202,433,"VD","09.07.2025","4","F.TH.VD.4.6","G. Egloff","Yverdon-les-Bains","GE1150","Yverdon-les-Bains",NA,NA,"537647","180202",433,6,"09","07","vii","2025","Lasioglossum","malachurum",1,NA,NA,"G. Egloff","C. Praz",NA,NA,NA,"Lasioglossum malachurum","LC",NA,NA,NA,NA,NA
1151,"GE1151",6,"focal","Thiele",2537647,1180202,433,"VD","09.07.2025","4","F.TH.VD.4.6","G. Egloff","Yverdon-les-Bains","GE1151","Yverdon-les-Bains",NA,NA,"537647","180202",433,6,"09","07","vii","2025","Lasioglossum","malachurum",1,NA,NA,"G. Egloff","C. Praz",NA,NA,NA,"Lasioglossum malachurum","LC",NA,NA,NA,NA,NA
1152,"GE1152",6,"focal","Thiele",2537647,1180202,433,"VD","09.07.2025","4","F.TH.VD.4.6","G. Egloff","Yverdon-les-Bains","GE1152","Yverdon-les-Bains",NA,NA,"537647","180202",433,6,"09","07","vii","2025","Lasioglossum","malachurum",1,NA,NA,"G. Egloff","C. Praz",NA,NA,NA,"Lasioglossum malachurum","LC",NA,NA,NA,NA,NA
1153,"GE1153",6,"focal","Thiele",2537647,1180202,433,"VD","09.07.2025","4","F.TH.VD.4.6","G. Egloff","Yverdon-les-Bains","GE1153","Yverdon-les-Bains",NA,NA,"537647","180202",433,6,"09","07","vii","2025","Lasioglossum","malachurum",1,NA,NA,"G. Egloff","C. Praz",NA,NA,NA,"Lasioglossum malachurum","LC",NA,NA,NA,NA,NA
1154,"GE1154",1,"focal","Thiele",2537558,1180097,433,"VD","09.07.2025","4","F.TH.VD.4.1","G. Egloff","Yverdon-les-Bains","GE1154","Yverdon-les-Bains",NA,NA,"537558","180097",433,6,"09","07","vii","2025","Lasioglossum","malachurum",NA,NA,1,"G. Egloff","C. Praz",NA,NA,NA,"Lasioglossum malachurum","LC",NA,NA,NA,NA,NA
1155,"GE1155",1,"focal","Thiele",2537558,1180097,433,"VD","09.07.2025","4","F.TH.VD.4.1","G. Egloff","Yverdon-les-Bains","GE1155","Yverdon-les-Bains",NA,NA,"537558","180097",433,6,"09","07","vii","2025","Lasioglossum","zonulum",NA,NA,1,"G. Egloff","C. Praz",NA,NA,NA,"Lasioglossum zonulum","LC",NA,NA,NA,NA,NA
1156,"GE1156",2,"focal","Thiele",2537559,1180126,433,"VD","09.07.2025","4","F.TH.VD.4.2","G. Egloff","Yverdon-les-Bains","GE1156","Yverdon-les-Bains",NA,NA,"537559","180126",433,6,"09","07","vii","2025","Lasioglossum","malachurum",NA,NA,1,"G. Egloff","C. Praz",NA,NA,NA,"Lasioglossum malachurum","LC",NA,NA,NA,NA,NA
1157,"GE1157",2,"focal","Thiele",2537559,1180126,433,"VD","09.07.2025","4","F.TH.VD.4.2","G. Egloff","Yverdon-les-Bains","GE1157","Yverdon-les-Bains",NA,NA,"537559","180126",433,6,"09","07","vii","2025","Lasioglossum","malachurum",NA,NA,1,"G. Egloff","C. Praz",NA,NA,NA,"Lasioglossum malachurum","LC",NA,NA,NA,NA,NA
1158,"GE1158",2,"focal","Thiele",2537559,1180126,433,"VD","09.07.2025","4","F.TH.VD.4.2","G. Egloff","Yverdon-les-Bains","GE1158","Yverdon-les-Bains",NA,NA,"537559","180126",433,6,"09","07","vii","2025","Lasioglossum","malachurum",NA,NA,1,"G. Egloff","C. Praz",NA,NA,NA,"Lasioglossum malachurum","LC",NA,NA,NA,NA,NA
1159,"GE1159",2,"focal","Thiele",2537559,1180126,433,"VD","09.07.2025","4","F.TH.VD.4.2","G. Egloff","Yverdon-les-Bains","GE1159","Yverdon-les-Bains",NA,NA,"537559","180126",433,6,"09","07","vii","2025","Andrena","flavipes",1,NA,NA,"G. Egloff","C. Praz",NA,NA,NA,"Andrena flavipes","LC",NA,NA,NA,NA,NA
1160,"GE1160",3,"focal","Thiele",2537573,1180123,433,"VD","09.07.2025","4","F.TH.VD.4.3","G. Egloff","Yverdon-les-Bains","GE1160","Yverdon-les-Bains",NA,NA,"537573","180123",433,6,"09","07","vii","2025","Lasioglossum","politum",1,NA,NA,"G. Egloff","C. Praz",NA,NA,NA,"Lasioglossum politum","LC",NA,NA,NA,NA,NA
1161,"GE1161",3,"focal","Thiele",2537573,1180123,433,"VD","09.07.2025","4","F.TH.VD.4.3","G. Egloff","Yverdon-les-Bains","GE1161","Yverdon-les-Bains",NA,NA,"537573","180123",433,6,"09","07","vii","2025","Lasioglossum","glabriusculum",1,NA,NA,"G. Egloff","C. Praz",NA,NA,NA,"Lasioglossum glabriusculum","LC",NA,NA,NA,NA,NA
1162,"GE1162",3,"focal","Thiele",2537573,1180123,433,"VD","09.07.2025","4","F.TH.VD.4.3","G. Egloff","Yverdon-les-Bains","GE1162","Yverdon-les-Bains",NA,NA,"537573","180123",433,6,"09","07","vii","2025","Lasioglossum","morio",1,NA,NA,"G. Egloff","C. Praz",NA,NA,NA,"Lasioglossum morio","LC",NA,NA,NA,NA,NA
1163,"GE1163",3,"focal","Thiele",2537573,1180123,433,"VD","09.07.2025","4","F.TH.VD.4.3","G. Egloff","Yverdon-les-Bains","GE1163","Yverdon-les-Bains",NA,NA,"537573","180123",433,6,"09","07","vii","2025","Lasioglossum","morio",NA,NA,1,"G. Egloff","C. Praz",NA,NA,NA,"Lasioglossum morio","LC",NA,NA,NA,NA,NA
1164,"GE1164",3,"focal","Thiele",2537573,1180123,433,"VD","09.07.2025","4","F.TH.VD.4.3","G. Egloff","Yverdon-les-Bains","GE1164","Yverdon-les-Bains",NA,NA,"537573","180123",433,6,"09","07","vii","2025","Lasioglossum","malachurum",1,NA,NA,"G. Egloff","C. Praz",NA,NA,NA,"Lasioglossum malachurum","LC",NA,NA,NA,NA,NA
1165,"GE1165",3,"focal","Thiele",2537573,1180123,433,"VD","09.07.2025","4","F.TH.VD.4.3","G. Egloff","Yverdon-les-Bains","GE1165","Yverdon-les-Bains",NA,NA,"537573","180123",433,6,"09","07","vii","2025","Lasioglossum","zonulum",NA,NA,1,"G. Egloff","C. Praz",NA,NA,NA,"Lasioglossum zonulum","LC",NA,NA,NA,NA,NA
1166,"GE1166",3,"focal","Thiele",2537573,1180123,433,"VD","09.07.2025","4","F.TH.VD.4.3","G. Egloff","Yverdon-les-Bains","GE1166","Yverdon-les-Bains",NA,NA,"537573","180123",433,6,"09","07","vii","2025","Lasioglossum","malachurum",1,NA,NA,"G. Egloff","C. Praz",NA,NA,NA,"Lasioglossum malachurum","LC",NA,NA,NA,NA,NA
1167,"GE1167",3,"focal","Thiele",2537573,1180123,433,"VD","09.07.2025","4","F.TH.VD.4.3","G. Egloff","Yverdon-les-Bains","GE1167","Yverdon-les-Bains",NA,NA,"537573","180123",433,6,"09","07","vii","2025","Lasioglossum","leucozonium",1,NA,NA,"G. Egloff","C. Praz",NA,NA,NA,"Lasioglossum leucozonium","LC",NA,NA,NA,NA,NA
1168,"GE1168",3,"focal","Thiele",2537573,1180123,433,"VD","09.07.2025","4","F.TH.VD.4.3","G. Egloff","Yverdon-les-Bains","GE1168","Yverdon-les-Bains",NA,NA,"537573","180123",433,6,"09","07","vii","2025","Bombus","cryptarum",NA,NA,1,"G. Egloff","C. Praz",NA,NA,NA,"Bombus cryptarum","LC",NA,NA,NA,NA,NA
1169,"GE1169",5,"focal","Thiele",2537610,1180170,433,"VD","09.07.2025","4","F.TH.VD.4.5","G. Egloff","Yverdon-les-Bains","GE1169","Yverdon-les-Bains",NA,NA,"537610","180170",433,6,"09","07","vii","2025","Lasioglossum","politum",1,NA,NA,"G. Egloff","C. Praz",NA,NA,NA,"Lasioglossum politum","LC",NA,NA,NA,NA,NA
1170,"GE1170",5,"focal","Thiele",2537610,1180170,433,"VD","09.07.2025","4","F.TH.VD.4.5","G. Egloff","Yverdon-les-Bains","GE1170","Yverdon-les-Bains",NA,NA,"537610","180170",433,6,"09","07","vii","2025","Lasioglossum","politum",1,NA,NA,"G. Egloff","C. Praz",NA,NA,NA,"Lasioglossum politum","LC",NA,NA,NA,NA,NA
1171,"GE1171",5,"focal","Thiele",2537610,1180170,433,"VD","09.07.2025","4","F.TH.VD.4.5","G. Egloff","Yverdon-les-Bains","GE1171","Yverdon-les-Bains",NA,NA,"537610","180170",433,6,"09","07","vii","2025","Lasioglossum","politum",1,NA,NA,"G. Egloff","C. Praz",NA,NA,NA,"Lasioglossum politum","LC",NA,NA,NA,NA,NA
1172,"GE1172",5,"focal","Thiele",2537610,1180170,433,"VD","09.07.2025","4","F.TH.VD.4.5","G. Egloff","Yverdon-les-Bains","GE1172","Yverdon-les-Bains",NA,NA,"537610","180170",433,6,"09","07","vii","2025","Lasioglossum","glabriusculum",1,NA,NA,"G. Egloff","C. Praz",NA,NA,NA,"Lasioglossum glabriusculum","LC",NA,NA,NA,NA,NA
1173,"GE1173",5,"focal","Thiele",2537610,1180170,433,"VD","09.07.2025","4","F.TH.VD.4.5","G. Egloff","Yverdon-les-Bains","GE1173","Yverdon-les-Bains",NA,NA,"537610","180170",433,6,"09","07","vii","2025","Lasioglossum","politum",1,NA,NA,"G. Egloff","C. Praz",NA,NA,NA,"Lasioglossum politum","LC",NA,NA,NA,NA,NA
1174,"GE1174",5,"focal","Thiele",2537610,1180170,433,"VD","09.07.2025","4","F.TH.VD.4.5","G. Egloff","Yverdon-les-Bains","GE1174","Yverdon-les-Bains",NA,NA,"537610","180170",433,6,"09","07","vii","2025","Lasioglossum","politum",1,NA,NA,"G. Egloff","C. Praz",NA,NA,NA,"Lasioglossum politum","LC",NA,NA,NA,NA,NA
1175,"GE1175",5,"focal","Thiele",2537610,1180170,433,"VD","09.07.2025","4","F.TH.VD.4.5","G. Egloff","Yverdon-les-Bains","GE1175","Yverdon-les-Bains",NA,NA,"537610","180170",433,6,"09","07","vii","2025","Lasioglossum","politum",1,NA,NA,"G. Egloff","C. Praz",NA,NA,NA,"Lasioglossum politum","LC",NA,NA,NA,NA,NA
1176,"GE1176",5,"focal","Thiele",2537610,1180170,433,"VD","09.07.2025","4","F.TH.VD.4.5","G. Egloff","Yverdon-les-Bains","GE1176","Yverdon-les-Bains",NA,NA,"537610","180170",433,6,"09","07","vii","2025","Lasioglossum","morio",1,NA,NA,"G. Egloff","C. Praz",NA,NA,NA,"Lasioglossum morio","LC",NA,NA,NA,NA,NA
1177,"GE1177",5,"focal","Thiele",2537610,1180170,433,"VD","09.07.2025","4","F.TH.VD.4.5","G. Egloff","Yverdon-les-Bains","GE1177","Yverdon-les-Bains",NA,NA,"537610","180170",433,6,"09","07","vii","2025","Lasioglossum","politum",NA,NA,1,"G. Egloff","C. Praz",NA,NA,NA,"Lasioglossum politum","LC",NA,NA,NA,NA,NA
1178,"GE1178",5,"focal","Thiele",2537610,1180170,433,"VD","09.07.2025","4","F.TH.VD.4.5","G. Egloff","Yverdon-les-Bains","GE1178","Yverdon-les-Bains",NA,NA,"537610","180170",433,6,"09","07","vii","2025","Lasioglossum","politum",NA,NA,1,"G. Egloff","C. Praz",NA,NA,NA,"Lasioglossum politum","LC",NA,NA,NA,NA,NA
1179,"GE1179",5,"focal","Thiele",2537610,1180170,433,"VD","09.07.2025","4","F.TH.VD.4.5","G. Egloff","Yverdon-les-Bains","GE1179","Yverdon-les-Bains",NA,NA,"537610","180170",433,6,"09","07","vii","2025","Lasioglossum","morio",NA,NA,1,"G. Egloff","C. Praz",NA,NA,NA,"Lasioglossum morio","LC",NA,NA,NA,NA,NA
1180,"GE1180",5,"focal","Thiele",2537610,1180170,433,"VD","09.07.2025","4","F.TH.VD.4.5","G. Egloff","Yverdon-les-Bains","GE1180","Yverdon-les-Bains",NA,NA,"537610","180170",433,6,"09","07","vii","2025","Lasioglossum","pauxillum",NA,NA,1,"G. Egloff","C. Praz",NA,NA,NA,"Lasioglossum pauxillum","LC",NA,NA,NA,NA,NA
1181,"GE1181",5,"focal","Thiele",2537610,1180170,433,"VD","09.07.2025","4","F.TH.VD.4.5","G. Egloff","Yverdon-les-Bains","GE1181","Yverdon-les-Bains",NA,NA,"537610","180170",433,6,"09","07","vii","2025","Lasioglossum","laticeps",1,NA,NA,"G. Egloff","C. Praz",NA,NA,NA,"Lasioglossum laticeps","LC",NA,NA,NA,NA,NA
1182,"GE1182",5,"focal","Thiele",2537610,1180170,433,"VD","09.07.2025","4","F.TH.VD.4.5","G. Egloff","Yverdon-les-Bains","GE1182","Yverdon-les-Bains",NA,NA,"537610","180170",433,6,"09","07","vii","2025","Lasioglossum","malachurum",NA,NA,1,"G. Egloff","C. Praz",NA,NA,NA,"Lasioglossum malachurum","LC",NA,NA,NA,NA,NA
1183,"GE1183",5,"focal","Thiele",2537610,1180170,433,"VD","09.07.2025","4","F.TH.VD.4.5","G. Egloff","Yverdon-les-Bains","GE1183","Yverdon-les-Bains",NA,NA,"537610","180170",433,6,"09","07","vii","2025","Lasioglossum","lineare",NA,NA,1,"G. Egloff","C. Praz",NA,NA,NA,"Lasioglossum lineare","NT",NA,NA,NA,NA,NA
1184,"GE1184",5,"focal","Thiele",2537610,1180170,433,"VD","09.07.2025","4","F.TH.VD.4.5","G. Egloff","Yverdon-les-Bains","GE1184","Yverdon-les-Bains",NA,NA,"537610","180170",433,6,"09","07","vii","2025","Lasioglossum","malachurum",NA,NA,1,"G. Egloff","C. Praz",NA,NA,NA,"Lasioglossum malachurum","LC",NA,NA,NA,NA,NA
1185,"GE1185",5,"focal","Thiele",2537610,1180170,433,"VD","09.07.2025","4","F.TH.VD.4.5","G. Egloff","Yverdon-les-Bains","GE1185","Yverdon-les-Bains",NA,NA,"537610","180170",433,6,"09","07","vii","2025","Andrena","flavipes",NA,NA,1,"G. Egloff","C. Praz",NA,NA,NA,"Andrena flavipes","LC",NA,NA,NA,NA,NA
1186,"GE1186",5,"focal","Thiele",2537610,1180170,433,"VD","09.07.2025","4","F.TH.VD.4.5","G. Egloff","Yverdon-les-Bains","GE1186","Yverdon-les-Bains",NA,NA,"537610","180170",433,6,"09","07","vii","2025","Andrena","flavipes",NA,NA,1,"G. Egloff","C. Praz",NA,NA,NA,"Andrena flavipes","LC",NA,NA,NA,NA,NA
1187,"GE1187",8,"focal","Thiele",2537676,1180224,433,"VD","09.07.2025","4","F.TH.VD.4.8","G. Egloff","Yverdon-les-Bains","GE1187","Yverdon-les-Bains",NA,NA,"537676","180224",433,6,"09","07","vii","2025","Lasioglossum","pauxillum",1,NA,NA,"G. Egloff","C. Praz",NA,NA,NA,"Lasioglossum pauxillum","LC",NA,NA,NA,NA,NA
1188,"GE1188",8,"focal","Thiele",2537676,1180224,433,"VD","09.07.2025","4","F.TH.VD.4.8","G. Egloff","Yverdon-les-Bains","GE1188","Yverdon-les-Bains",NA,NA,"537676","180224",433,6,"09","07","vii","2025","Lasioglossum","pauxillum",1,NA,NA,"G. Egloff","C. Praz",NA,NA,NA,"Lasioglossum pauxillum","LC",NA,NA,NA,NA,NA
1189,"GE1189",8,"focal","Thiele",2537676,1180224,433,"VD","09.07.2025","4","F.TH.VD.4.8","G. Egloff","Yverdon-les-Bains","GE1189","Yverdon-les-Bains",NA,NA,"537676","180224",433,6,"09","07","vii","2025","Lasioglossum","pauxillum",NA,NA,1,"G. Egloff","C. Praz",NA,NA,NA,"Lasioglossum pauxillum","LC",NA,NA,NA,NA,NA
1190,"GE1190",8,"focal","Thiele",2537676,1180224,433,"VD","09.07.2025","4","F.TH.VD.4.8","G. Egloff","Yverdon-les-Bains","GE1190","Yverdon-les-Bains",NA,NA,"537676","180224",433,6,"09","07","vii","2025","Lasioglossum","morio",1,NA,NA,"G. Egloff","C. Praz",NA,NA,NA,"Lasioglossum morio","LC",NA,NA,NA,NA,NA
1191,"GE1191",8,"focal","Thiele",2537676,1180224,433,"VD","09.07.2025","4","F.TH.VD.4.8","G. Egloff","Yverdon-les-Bains","GE1191","Yverdon-les-Bains",NA,NA,"537676","180224",433,6,"09","07","vii","2025","Lasioglossum","interruptum",1,NA,NA,"G. Egloff","C. Praz",NA,NA,NA,"Lasioglossum interruptum","LC",NA,NA,NA,NA,NA
1192,"GE1192",8,"focal","Thiele",2537676,1180224,433,"VD","09.07.2025","4","F.TH.VD.4.8","G. Egloff","Yverdon-les-Bains","GE1192","Yverdon-les-Bains",NA,NA,"537676","180224",433,6,"09","07","vii","2025","Lasioglossum","malachurum",1,NA,NA,"G. Egloff","C. Praz",NA,NA,NA,"Lasioglossum malachurum","LC",NA,NA,NA,NA,NA
1193,"GE1193",8,"focal","Thiele",2537676,1180224,433,"VD","09.07.2025","4","F.TH.VD.4.8","G. Egloff","Yverdon-les-Bains","GE1193","Yverdon-les-Bains",NA,NA,"537676","180224",433,6,"09","07","vii","2025","Lasioglossum","zonulum",NA,NA,1,"G. Egloff","C. Praz",NA,NA,NA,"Lasioglossum zonulum","LC",NA,NA,NA,NA,NA
1194,"GE1194",8,"focal","Thiele",2537676,1180224,433,"VD","09.07.2025","4","F.TH.VD.4.8","G. Egloff","Yverdon-les-Bains","GE1194","Yverdon-les-Bains",NA,NA,"537676","180224",433,6,"09","07","vii","2025","Lasioglossum","zonulum",1,NA,NA,"G. Egloff","C. Praz",NA,NA,NA,"Lasioglossum zonulum","LC",NA,NA,NA,NA,NA
1195,"GE1195",8,"focal","Thiele",2537676,1180224,433,"VD","09.07.2025","4","F.TH.VD.4.8","G. Egloff","Yverdon-les-Bains","GE1195","Yverdon-les-Bains",NA,NA,"537676","180224",433,6,"09","07","vii","2025","Bombus","terrestris aggr.",NA,1,NA,"G. Egloff","C. Praz",NA,NA,NA,"Bombus terrestris aggr.","LC",NA,NA,NA,NA,NA
1196,"GE1196",7,"focal","Thiele",2537657,1180201,431,"VD","09.07.2025","4","F.TH.VD.4.7","G. Egloff","Yverdon-les-Bains","GE1196","Yverdon-les-Bains",NA,NA,"537657","180201",431,6,"09","07","vii","2025","Halictus","subauratus",1,NA,NA,"G. Egloff","C. Praz",NA,NA,NA,"Halictus subauratus","LC",NA,NA,NA,NA,NA
1197,"GE1197",7,"focal","Thiele",2537657,1180201,431,"VD","09.07.2025","4","F.TH.VD.4.7","G. Egloff","Yverdon-les-Bains","GE1197","Yverdon-les-Bains",NA,NA,"537657","180201",431,6,"09","07","vii","2025","Sphecodes","monilicornis",NA,NA,1,"G. Egloff","C. Praz",NA,NA,NA,"Sphecodes monilicornis","LC",NA,NA,NA,NA,NA
1198,"GE1198",7,"focal","Thiele",2537657,1180201,431,"VD","09.07.2025","4","F.TH.VD.4.7","G. Egloff","Yverdon-les-Bains","GE1198","Yverdon-les-Bains",NA,NA,"537657","180201",431,6,"09","07","vii","2025","Sphecodes","monilicornis",NA,NA,1,"G. Egloff","C. Praz",NA,NA,NA,"Sphecodes monilicornis","LC",NA,NA,NA,NA,NA
1199,"GE1199",7,"focal","Thiele",2537657,1180201,431,"VD","09.07.2025","4","F.TH.VD.4.7","G. Egloff","Yverdon-les-Bains","GE1199","Yverdon-les-Bains",NA,NA,"537657","180201",431,6,"09","07","vii","2025","Lasioglossum","glabriusculum",NA,NA,1,"G. Egloff","C. Praz",NA,NA,NA,"Lasioglossum glabriusculum","LC",NA,NA,NA,NA,NA
1200,"GE1200",7,"focal","Thiele",2537657,1180201,431,"VD","09.07.2025","4","F.TH.VD.4.7","G. Egloff","Yverdon-les-Bains","GE1200","Yverdon-les-Bains",NA,NA,"537657","180201",431,6,"09","07","vii","2025","Lasioglossum","morio",NA,NA,1,"G. Egloff","C. Praz",NA,NA,NA,"Lasioglossum morio","LC",NA,NA,NA,NA,NA
1201,"GE1201",7,"focal","Thiele",2537657,1180201,431,"VD","09.07.2025","4","F.TH.VD.4.7","G. Egloff","Yverdon-les-Bains","GE1201","Yverdon-les-Bains",NA,NA,"537657","180201",431,6,"09","07","vii","2025","Lasioglossum","glabriusculum",1,NA,NA,"G. Egloff","C. Praz",NA,NA,NA,"Lasioglossum glabriusculum","LC",NA,NA,NA,NA,NA
1202,"GE1202",7,"focal","Thiele",2537657,1180201,431,"VD","09.07.2025","4","F.TH.VD.4.7","G. Egloff","Yverdon-les-Bains","GE1202","Yverdon-les-Bains",NA,NA,"537657","180201",431,6,"09","07","vii","2025","Lasioglossum","glabriusculum",1,NA,NA,"G. Egloff","C. Praz",NA,NA,NA,"Lasioglossum glabriusculum","LC",NA,NA,NA,NA,NA
1203,"GE1203",7,"focal","Thiele",2537657,1180201,431,"VD","09.07.2025","4","F.TH.VD.4.7","G. Egloff","Yverdon-les-Bains","GE1203","Yverdon-les-Bains",NA,NA,"537657","180201",431,6,"09","07","vii","2025","Lasioglossum","politum",1,NA,NA,"G. Egloff","C. Praz",NA,NA,NA,"Lasioglossum politum","LC",NA,NA,NA,NA,NA
1204,"GE1204",7,"focal","Thiele",2537657,1180201,431,"VD","09.07.2025","4","F.TH.VD.4.7","G. Egloff","Yverdon-les-Bains","GE1204","Yverdon-les-Bains",NA,NA,"537657","180201",431,6,"09","07","vii","2025","Lasioglossum","pauxillum",1,NA,NA,"G. Egloff","C. Praz",NA,NA,NA,"Lasioglossum pauxillum","LC",NA,NA,NA,NA,NA
1205,"GE1205",7,"focal","Thiele",2537657,1180201,431,"VD","09.07.2025","4","F.TH.VD.4.7","G. Egloff","Yverdon-les-Bains","GE1205","Yverdon-les-Bains",NA,NA,"537657","180201",431,6,"09","07","vii","2025","Lasioglossum","glabriusculum",1,NA,NA,"G. Egloff","C. Praz",NA,NA,NA,"Lasioglossum glabriusculum","LC",NA,NA,NA,NA,NA
1206,"GE1206",7,"focal","Thiele",2537657,1180201,431,"VD","09.07.2025","4","F.TH.VD.4.7","G. Egloff","Yverdon-les-Bains","GE1206","Yverdon-les-Bains",NA,NA,"537657","180201",431,6,"09","07","vii","2025","Lasioglossum","morio",NA,NA,1,"G. Egloff","C. Praz",NA,NA,NA,"Lasioglossum morio","LC",NA,NA,NA,NA,NA
1207,"GE1207",7,"focal","Thiele",2537657,1180201,431,"VD","09.07.2025","4","F.TH.VD.4.7","G. Egloff","Yverdon-les-Bains","GE1207","Yverdon-les-Bains",NA,NA,"537657","180201",431,6,"09","07","vii","2025","Lasioglossum","pauxillum",NA,NA,1,"G. Egloff","C. Praz",NA,NA,NA,"Lasioglossum pauxillum","LC",NA,NA,NA,NA,NA
1208,"GE1208",7,"focal","Thiele",2537657,1180201,431,"VD","09.07.2025","4","F.TH.VD.4.7","G. Egloff","Yverdon-les-Bains","GE1208","Yverdon-les-Bains",NA,NA,"537657","180201",431,6,"09","07","vii","2025","Lasioglossum","malachurum",NA,NA,1,"G. Egloff","C. Praz",NA,NA,NA,"Lasioglossum malachurum","LC",NA,NA,NA,NA,NA
1209,"GE1209",7,"focal","Thiele",2537657,1180201,431,"VD","09.07.2025","4","F.TH.VD.4.7","G. Egloff","Yverdon-les-Bains","GE1209","Yverdon-les-Bains",NA,NA,"537657","180201",431,6,"09","07","vii","2025","Andrena","nitidiuscula",NA,NA,1,"G. Egloff","C. Praz",NA,NA,NA,"Andrena nitidiuscula","VU",NA,NA,NA,NA,NA
1210,"GE1210",4,"focal","Thiele",2537576,1180143,431,"VD","09.07.2025","4","F.TH.VD.4.4","G. Egloff","Yverdon-les-Bains","GE1210","Yverdon-les-Bains",NA,NA,"537576","180143",431,6,"09","07","vii","2025","Lasioglossum","lineare",NA,NA,1,"G. Egloff","C. Praz",NA,NA,NA,"Lasioglossum lineare","NT",NA,NA,NA,NA,NA
1211,"GE1211",4,"focal","Thiele",2537576,1180143,431,"VD","09.07.2025","4","F.TH.VD.4.4","G. Egloff","Yverdon-les-Bains","GE1211","Yverdon-les-Bains",NA,NA,"537576","180143",431,6,"09","07","vii","2025","Lasioglossum","malachurum",NA,NA,1,"G. Egloff","C. Praz",NA,NA,NA,"Lasioglossum malachurum","LC",NA,NA,NA,NA,NA
1212,"GE1212",4,"focal","Thiele",2537576,1180143,431,"VD","09.07.2025","4","F.TH.VD.4.4","G. Egloff","Yverdon-les-Bains","GE1212","Yverdon-les-Bains",NA,NA,"537576","180143",431,6,"09","07","vii","2025","Anthidiellum","strigatum",NA,NA,1,"G. Egloff","C. Praz",NA,NA,NA,"Anthidiellum strigatum","LC",NA,NA,NA,NA,NA
1213,"GE1213",4,"focal","Thiele",2537576,1180143,431,"VD","09.07.2025","4","F.TH.VD.4.4","G. Egloff","Yverdon-les-Bains","GE1213","Yverdon-les-Bains",NA,NA,"537576","180143",431,6,"09","07","vii","2025","Sphecodes","monilicornis",1,NA,NA,"G. Egloff","C. Praz",NA,NA,NA,"Sphecodes monilicornis","LC",NA,NA,NA,NA,NA
1214,"GE1214",4,"focal","Thiele",2537576,1180143,431,"VD","09.07.2025","4","F.TH.VD.4.4","G. Egloff","Yverdon-les-Bains","GE1214","Yverdon-les-Bains",NA,NA,"537576","180143",431,6,"09","07","vii","2025","Lasioglossum","malachurum",1,NA,NA,"G. Egloff","C. Praz",NA,NA,NA,"Lasioglossum malachurum","LC",NA,NA,NA,NA,NA
1215,"GE1215",4,"focal","Thiele",2537576,1180143,431,"VD","09.07.2025","4","F.TH.VD.4.4","G. Egloff","Yverdon-les-Bains","GE1215","Yverdon-les-Bains",NA,NA,"537576","180143",431,6,"09","07","vii","2025","Sphecodes","monilicornis",NA,NA,1,"G. Egloff","C. Praz",NA,NA,NA,"Sphecodes monilicornis","LC",NA,NA,NA,NA,NA
1216,"GE1216",4,"focal","Thiele",2537576,1180143,431,"VD","09.07.2025","4","F.TH.VD.4.4","G. Egloff","Yverdon-les-Bains","GE1216","Yverdon-les-Bains",NA,NA,"537576","180143",431,6,"09","07","vii","2025","Lasioglossum","pauxillum",1,NA,NA,"G. Egloff","C. Praz",NA,NA,NA,"Lasioglossum pauxillum","LC",NA,NA,NA,NA,NA
1217,"GE1217",4,"focal","Thiele",2537576,1180143,431,"VD","09.07.2025","4","F.TH.VD.4.4","G. Egloff","Yverdon-les-Bains","GE1217","Yverdon-les-Bains",NA,NA,"537576","180143",431,6,"09","07","vii","2025","Halictus","eurygnathus",NA,NA,1,"G. Egloff","C. Praz",NA,NA,NA,"Halictus eurygnathus","NT",NA,NA,NA,NA,NA
1218,"GE1218",4,"focal","Thiele",2537576,1180143,431,"VD","09.07.2025","4","F.TH.VD.4.4","G. Egloff","Yverdon-les-Bains","GE1218","Yverdon-les-Bains",NA,NA,"537576","180143",431,6,"09","07","vii","2025","Lasioglossum","malachurum",1,NA,NA,"G. Egloff","C. Praz",NA,NA,NA,"Lasioglossum malachurum","LC",NA,NA,NA,NA,NA
1219,"GE1219",4,"focal","Thiele",2537576,1180143,431,"VD","09.07.2025","4","F.TH.VD.4.4","G. Egloff","Yverdon-les-Bains","GE1219","Yverdon-les-Bains",NA,NA,"537576","180143",431,6,"09","07","vii","2025","Andrena","minutuloides",1,NA,NA,"G. Egloff","C. Praz",NA,NA,NA,"Andrena minutuloides","LC",NA,NA,NA,NA,NA
1220,"GE1220",4,"focal","Thiele",2537576,1180143,431,"VD","09.07.2025","4","F.TH.VD.4.4","G. Egloff","Yverdon-les-Bains","GE1220","Yverdon-les-Bains",NA,NA,"537576","180143",431,6,"09","07","vii","2025","Lasioglossum","malachurum",1,NA,NA,"G. Egloff","C. Praz",NA,NA,NA,"Lasioglossum malachurum","LC",NA,NA,NA,NA,NA
1221,"GE1221",4,"focal","Thiele",2537576,1180143,431,"VD","09.07.2025","4","F.TH.VD.4.4","G. Egloff","Yverdon-les-Bains","GE1221","Yverdon-les-Bains",NA,NA,"537576","180143",431,6,"09","07","vii","2025","Lasioglossum","malachurum",1,NA,NA,"G. Egloff","C. Praz",NA,NA,NA,"Lasioglossum malachurum","LC",NA,NA,NA,NA,NA
1222,"GE1222",4,"focal","Thiele",2537576,1180143,431,"VD","09.07.2025","4","F.TH.VD.4.4","G. Egloff","Yverdon-les-Bains","GE1222","Yverdon-les-Bains",NA,NA,"537576","180143",431,6,"09","07","vii","2025","Sphecodes","monilicornis",NA,NA,1,"G. Egloff","C. Praz",NA,NA,NA,"Sphecodes monilicornis","LC",NA,NA,NA,NA,NA
1223,"GE1223",4,"focal","Thiele",2537576,1180143,431,"VD","09.07.2025","4","F.TH.VD.4.4","G. Egloff","Yverdon-les-Bains","GE1223","Yverdon-les-Bains",NA,NA,"537576","180143",431,6,"09","07","vii","2025","Lasioglossum","malachurum",1,NA,NA,"G. Egloff","C. Praz",NA,NA,NA,"Lasioglossum malachurum","LC",NA,NA,NA,NA,NA
1224,"GE1224",4,"focal","Thiele",2537576,1180143,431,"VD","09.07.2025","4","F.TH.VD.4.4","G. Egloff","Yverdon-les-Bains","GE1224","Yverdon-les-Bains",NA,NA,"537576","180143",431,6,"09","07","vii","2025","Halictus","langobardicus",NA,NA,1,"G. Egloff","C. Praz",NA,NA,NA,"Halictus langobardicus","LC",NA,NA,NA,NA,NA
1225,"GE1225",4,"focal","Thiele",2537576,1180143,431,"VD","09.07.2025","4","F.TH.VD.4.4","G. Egloff","Yverdon-les-Bains","GE1225","Yverdon-les-Bains",NA,NA,"537576","180143",431,6,"09","07","vii","2025","Lasioglossum","malachurum",1,NA,NA,"G. Egloff","C. Praz",NA,NA,NA,"Lasioglossum malachurum","LC",NA,NA,NA,NA,NA
1226,"GE1226",4,"focal","Thiele",2537576,1180143,431,"VD","09.07.2025","4","F.TH.VD.4.4","G. Egloff","Yverdon-les-Bains","GE1226","Yverdon-les-Bains",NA,NA,"537576","180143",431,6,"09","07","vii","2025","Lasioglossum","malachurum",1,NA,NA,"G. Egloff","C. Praz",NA,NA,NA,"Lasioglossum malachurum","LC",NA,NA,NA,NA,NA
1227,"GE1227",4,"focal","Thiele",2537576,1180143,431,"VD","09.07.2025","4","F.TH.VD.4.4","G. Egloff","Yverdon-les-Bains","GE1227","Yverdon-les-Bains",NA,NA,"537576","180143",431,6,"09","07","vii","2025","Lasioglossum","malachurum",1,NA,NA,"G. Egloff","C. Praz",NA,NA,NA,"Lasioglossum malachurum","LC",NA,NA,NA,NA,NA
1228,"GE1228",4,"focal","Thiele",2537576,1180143,431,"VD","09.07.2025","4","F.TH.VD.4.4","G. Egloff","Yverdon-les-Bains","GE1228","Yverdon-les-Bains",NA,NA,"537576","180143",431,6,"09","07","vii","2025","Halictus","maculatus",1,NA,NA,"G. Egloff","C. Praz",NA,NA,NA,"Halictus maculatus","LC",NA,NA,NA,NA,NA
1229,"GE1229",4,"focal","Thiele",2537576,1180143,431,"VD","09.07.2025","4","F.TH.VD.4.4","G. Egloff","Yverdon-les-Bains","GE1229","Yverdon-les-Bains",NA,NA,"537576","180143",431,6,"09","07","vii","2025","Lasioglossum","malachurum",1,NA,NA,"G. Egloff","C. Praz",NA,NA,NA,"Lasioglossum malachurum","LC",NA,NA,NA,NA,NA
1230,"GE1230",4,"focal","Thiele",2537576,1180143,431,"VD","09.07.2025","4","F.TH.VD.4.4","G. Egloff","Yverdon-les-Bains","GE1230","Yverdon-les-Bains",NA,NA,"537576","180143",431,6,"09","07","vii","2025","Halictus","maculatus",1,NA,NA,"G. Egloff","C. Praz",NA,NA,NA,"Halictus maculatus","LC",NA,NA,NA,NA,NA
1231,"GE1231",4,"focal","Thiele",2537576,1180143,431,"VD","09.07.2025","4","F.TH.VD.4.4","G. Egloff","Yverdon-les-Bains","GE1231","Yverdon-les-Bains",NA,NA,"537576","180143",431,6,"09","07","vii","2025","Lasioglossum","malachurum",1,NA,NA,"G. Egloff","C. Praz",NA,NA,NA,"Lasioglossum malachurum","LC",NA,NA,NA,NA,NA
1232,"GE1232",4,"focal","Thiele",2537576,1180143,431,"VD","09.07.2025","4","F.TH.VD.4.4","G. Egloff","Yverdon-les-Bains","GE1232","Yverdon-les-Bains",NA,NA,"537576","180143",431,6,"09","07","vii","2025","Halictus","langobardicus",NA,NA,1,"G. Egloff","C. Praz",NA,NA,NA,"Halictus langobardicus","LC",NA,NA,NA,NA,NA
1233,"GE1233",4,"focal","Thiele",2537576,1180143,431,"VD","09.07.2025","4","F.TH.VD.4.4","G. Egloff","Yverdon-les-Bains","GE1233","Yverdon-les-Bains",NA,NA,"537576","180143",431,6,"09","07","vii","2025","Andrena","flavipes",1,NA,NA,"G. Egloff","C. Praz",NA,NA,NA,"Andrena flavipes","LC",NA,NA,NA,NA,NA
1234,"GE1234",4,"focal","Thiele",2537576,1180143,431,"VD","09.07.2025","4","F.TH.VD.4.4","G. Egloff","Yverdon-les-Bains","GE1234","Yverdon-les-Bains",NA,NA,"537576","180143",431,6,"09","07","vii","2025","Andrena","flavipes",1,NA,NA,"G. Egloff","C. Praz",NA,NA,NA,"Andrena flavipes","LC",NA,NA,NA,NA,NA
1235,"GE1235",4,"focal","Thiele",2537576,1180143,431,"VD","09.07.2025","4","F.TH.VD.4.4","G. Egloff","Yverdon-les-Bains","GE1235","Yverdon-les-Bains",NA,NA,"537576","180143",431,6,"09","07","vii","2025","Megachile","ericetorum",NA,NA,1,"G. Egloff","C. Praz",NA,NA,NA,"Megachile ericetorum","LC",NA,NA,NA,NA,NA
1236,"GE1236",4,"focal","Thiele",2537576,1180143,431,"VD","09.07.2025","4","F.TH.VD.4.4","G. Egloff","Yverdon-les-Bains","GE1236","Yverdon-les-Bains",NA,NA,"537576","180143",431,6,"09","07","vii","2025","Lasioglossum","glabriusculum",1,NA,NA,"G. Egloff","C. Praz",NA,NA,NA,"Lasioglossum glabriusculum","LC",NA,NA,NA,NA,NA
1237,"GE1237",4,"focal","Thiele",2537576,1180143,431,"VD","09.07.2025","4","F.TH.VD.4.4","G. Egloff","Yverdon-les-Bains","GE1237","Yverdon-les-Bains",NA,NA,"537576","180143",431,6,"09","07","vii","2025","Lasioglossum","politum",1,NA,NA,"G. Egloff","C. Praz",NA,NA,NA,"Lasioglossum politum","LC",NA,NA,NA,NA,NA
1238,"GE1238",4,"focal","Thiele",2537576,1180143,431,"VD","09.07.2025","4","F.TH.VD.4.4","G. Egloff","Yverdon-les-Bains","GE1238","Yverdon-les-Bains",NA,NA,"537576","180143",431,6,"09","07","vii","2025","Lasioglossum","glabriusculum",NA,NA,1,"G. Egloff","C. Praz",NA,NA,NA,"Lasioglossum glabriusculum","LC",NA,NA,NA,NA,NA
1239,"GE1239",4,"focal","Thiele",2537576,1180143,431,"VD","09.07.2025","4","F.TH.VD.4.4","G. Egloff","Yverdon-les-Bains","GE1239","Yverdon-les-Bains",NA,NA,"537576","180143",431,6,"09","07","vii","2025","Lasioglossum","pauxillum",1,NA,NA,"G. Egloff","C. Praz",NA,NA,NA,"Lasioglossum pauxillum","LC",NA,NA,NA,NA,NA
1240,"GE1240",4,"focal","Thiele",2537576,1180143,431,"VD","09.07.2025","4","F.TH.VD.4.4","G. Egloff","Yverdon-les-Bains","GE1240","Yverdon-les-Bains",NA,NA,"537576","180143",431,6,"09","07","vii","2025","Lasioglossum","glabriusculum",NA,NA,1,"G. Egloff","C. Praz",NA,NA,NA,"Lasioglossum glabriusculum","LC",NA,NA,NA,NA,NA
1241,"GE1241",4,"focal","Thiele",2537576,1180143,431,"VD","09.07.2025","4","F.TH.VD.4.4","G. Egloff","Yverdon-les-Bains","GE1241","Yverdon-les-Bains",NA,NA,"537576","180143",431,6,"09","07","vii","2025","Lasioglossum","glabriusculum",1,NA,NA,"G. Egloff","C. Praz",NA,NA,NA,"Lasioglossum glabriusculum","LC",NA,NA,NA,NA,NA
1242,"GE1242",4,"focal","Thiele",2537576,1180143,431,"VD","09.07.2025","4","F.TH.VD.4.4","G. Egloff","Yverdon-les-Bains","GE1242","Yverdon-les-Bains",NA,NA,"537576","180143",431,6,"09","07","vii","2025","Lasioglossum","pauxillum",1,NA,NA,"G. Egloff","C. Praz",NA,NA,NA,"Lasioglossum pauxillum","LC",NA,NA,NA,NA,NA
1243,"GE1243",4,"focal","Thiele",2537576,1180143,431,"VD","09.07.2025","4","F.TH.VD.4.4","G. Egloff","Yverdon-les-Bains","GE1243","Yverdon-les-Bains",NA,NA,"537576","180143",431,6,"09","07","vii","2025","Lasioglossum","pauxillum",1,NA,NA,"G. Egloff","C. Praz",NA,NA,NA,"Lasioglossum pauxillum","LC",NA,NA,NA,NA,NA
1244,"GE1244",4,"focal","Thiele",2537576,1180143,431,"VD","09.07.2025","4","F.TH.VD.4.4","G. Egloff","Yverdon-les-Bains","GE1244","Yverdon-les-Bains",NA,NA,"537576","180143",431,6,"09","07","vii","2025","Lasioglossum","pauxillum",1,NA,NA,"G. Egloff","C. Praz",NA,NA,NA,"Lasioglossum pauxillum","LC",NA,NA,NA,NA,NA
1245,"GE1245",4,"focal","Thiele",2537576,1180143,431,"VD","09.07.2025","4","F.TH.VD.4.4","G. Egloff","Yverdon-les-Bains","GE1245","Yverdon-les-Bains",NA,NA,"537576","180143",431,6,"09","07","vii","2025","Lasioglossum","pauxillum",1,NA,NA,"G. Egloff","C. Praz",NA,NA,NA,"Lasioglossum pauxillum","LC",NA,NA,NA,NA,NA
1246,"GE1246",4,"focal","Thiele",2537576,1180143,431,"VD","09.07.2025","4","F.TH.VD.4.4","G. Egloff","Yverdon-les-Bains","GE1246","Yverdon-les-Bains",NA,NA,"537576","180143",431,6,"09","07","vii","2025","Lasioglossum","malachurum",NA,NA,1,"G. Egloff","C. Praz",NA,NA,NA,"Lasioglossum malachurum","LC",NA,NA,NA,NA,NA
1247,"GE1247",4,"focal","Thiele",2537576,1180143,431,"VD","09.07.2025","4","F.TH.VD.4.4","G. Egloff","Yverdon-les-Bains","GE1247","Yverdon-les-Bains",NA,NA,"537576","180143",431,6,"09","07","vii","2025","Lasioglossum","malachurum",NA,NA,1,"G. Egloff","C. Praz",NA,NA,NA,"Lasioglossum malachurum","LC",NA,NA,NA,NA,NA
1248,"GE1248",4,"focal","Thiele",2537576,1180143,431,"VD","09.07.2025","4","F.TH.VD.4.4","G. Egloff","Yverdon-les-Bains","GE1248","Yverdon-les-Bains",NA,NA,"537576","180143",431,6,"09","07","vii","2025","Lasioglossum","malachurum",1,NA,NA,"G. Egloff","C. Praz",NA,NA,NA,"Lasioglossum malachurum","LC",NA,NA,NA,NA,NA
1249,"GE1249",4,"focal","Thiele",2537576,1180143,431,"VD","09.07.2025","4","F.TH.VD.4.4","G. Egloff","Yverdon-les-Bains","GE1249","Yverdon-les-Bains",NA,NA,"537576","180143",431,6,"09","07","vii","2025","Lasioglossum","pauxillum",1,NA,NA,"G. Egloff","C. Praz",NA,NA,NA,"Lasioglossum pauxillum","LC",NA,NA,NA,NA,NA
1250,"GE1250",4,"focal","Thiele",2537576,1180143,431,"VD","09.07.2025","4","F.TH.VD.4.4","G. Egloff","Yverdon-les-Bains","GE1250","Yverdon-les-Bains",NA,NA,"537576","180143",431,6,"09","07","vii","2025","Lasioglossum","malachurum",1,NA,NA,"G. Egloff","C. Praz",NA,NA,NA,"Lasioglossum malachurum","LC",NA,NA,NA,NA,NA
1251,"GE1251",4,"focal","Thiele",2537576,1180143,431,"VD","09.07.2025","4","F.TH.VD.4.4","G. Egloff","Yverdon-les-Bains","GE1251","Yverdon-les-Bains",NA,NA,"537576","180143",431,6,"09","07","vii","2025","Lasioglossum","malachurum",NA,NA,1,"G. Egloff","C. Praz",NA,NA,NA,"Lasioglossum malachurum","LC",NA,NA,NA,NA,NA
1252,"GE1252",4,"focal","Thiele",2537576,1180143,431,"VD","09.07.2025","4","F.TH.VD.4.4","G. Egloff","Yverdon-les-Bains","GE1252","Yverdon-les-Bains",NA,NA,"537576","180143",431,6,"09","07","vii","2025","Coelioxys","afer",NA,NA,1,"G. Egloff","C. Praz",NA,NA,NA,"Coelioxys afer","LC",NA,NA,NA,NA,NA
1253,"GE1253",4,"focal","Thiele",2537576,1180143,431,"VD","09.07.2025","4","F.TH.VD.4.4","G. Egloff","Yverdon-les-Bains","GE1253","Yverdon-les-Bains",NA,NA,"537576","180143",431,6,"09","07","vii","2025","Lasioglossum","malachurum",1,NA,NA,"G. Egloff","C. Praz",NA,NA,NA,"Lasioglossum malachurum","LC",NA,NA,NA,NA,NA
1254,"GE1254",4,"focal","Thiele",2537576,1180143,431,"VD","09.07.2025","4","F.TH.VD.4.4","G. Egloff","Yverdon-les-Bains","GE1254","Yverdon-les-Bains",NA,NA,"537576","180143",431,6,"09","07","vii","2025","Lasioglossum","malachurum",1,NA,NA,"G. Egloff","C. Praz",NA,NA,NA,"Lasioglossum malachurum","LC",NA,NA,NA,NA,NA
1255,"GE1255",4,"focal","Thiele",2537576,1180143,431,"VD","09.07.2025","4","F.TH.VD.4.4","G. Egloff","Yverdon-les-Bains","GE1255","Yverdon-les-Bains",NA,NA,"537576","180143",431,6,"09","07","vii","2025","Lasioglossum","malachurum",1,NA,NA,"G. Egloff","C. Praz",NA,NA,NA,"Lasioglossum malachurum","LC",NA,NA,NA,NA,NA
1256,"GE1256",4,"focal","Thiele",2537576,1180143,431,"VD","09.07.2025","4","F.TH.VD.4.4","G. Egloff","Yverdon-les-Bains","GE1256","Yverdon-les-Bains",NA,NA,"537576","180143",431,6,"09","07","vii","2025","Lasioglossum","malachurum",1,NA,NA,"G. Egloff","C. Praz",NA,NA,NA,"Lasioglossum malachurum","LC",NA,NA,NA,NA,NA
1257,"GE1257",4,"focal","Thiele",2537576,1180143,431,"VD","09.07.2025","4","F.TH.VD.4.4","G. Egloff","Yverdon-les-Bains","GE1257","Yverdon-les-Bains",NA,NA,"537576","180143",431,6,"09","07","vii","2025","Halictus","simplex",NA,NA,1,"G. Egloff","C. Praz",NA,NA,NA,"Halictus simplex","LC",NA,NA,NA,NA,NA
1258,"GE1258",4,"focal","Thiele",2537576,1180143,431,"VD","09.07.2025","4","F.TH.VD.4.4","G. Egloff","Yverdon-les-Bains","GE1258","Yverdon-les-Bains",NA,NA,"537576","180143",431,6,"09","07","vii","2025","Lasioglossum","malachurum",1,NA,NA,"G. Egloff","C. Praz",NA,NA,NA,"Lasioglossum malachurum","LC",NA,NA,NA,NA,NA
1259,"GE1259",4,"focal","Thiele",2537576,1180143,431,"VD","09.07.2025","4","F.TH.VD.4.4","G. Egloff","Yverdon-les-Bains","GE1259","Yverdon-les-Bains",NA,NA,"537576","180143",431,6,"09","07","vii","2025","Sphecodes","monilicornis",NA,NA,1,"G. Egloff","C. Praz",NA,NA,NA,"Sphecodes monilicornis","LC",NA,NA,NA,NA,NA
1260,"GE1260",4,"focal","Thiele",2537576,1180143,431,"VD","09.07.2025","4","F.TH.VD.4.4","G. Egloff","Yverdon-les-Bains","GE1260","Yverdon-les-Bains",NA,NA,"537576","180143",431,6,"09","07","vii","2025","Lasioglossum","malachurum",1,NA,NA,"G. Egloff","C. Praz",NA,NA,NA,"Lasioglossum malachurum","LC",NA,NA,NA,NA,NA
1261,"GE1261",4,"focal","Thiele",2537576,1180143,431,"VD","09.07.2025","4","F.TH.VD.4.4","G. Egloff","Yverdon-les-Bains","GE1261","Yverdon-les-Bains",NA,NA,"537576","180143",431,6,"09","07","vii","2025","Lasioglossum","malachurum",1,NA,NA,"G. Egloff","C. Praz",NA,NA,NA,"Lasioglossum malachurum","LC",NA,NA,NA,NA,NA
1262,"GE1262",4,"focal","Thiele",2537576,1180143,431,"VD","09.07.2025","4","F.TH.VD.4.4","G. Egloff","Yverdon-les-Bains","GE1262","Yverdon-les-Bains",NA,NA,"537576","180143",431,6,"09","07","vii","2025","Lasioglossum","malachurum",1,NA,NA,"G. Egloff","C. Praz",NA,NA,NA,"Lasioglossum malachurum","LC",NA,NA,NA,NA,NA
1263,"GE1263",4,"focal","Thiele",2537576,1180143,431,"VD","09.07.2025","4","F.TH.VD.4.4","G. Egloff","Yverdon-les-Bains","GE1263","Yverdon-les-Bains",NA,NA,"537576","180143",431,6,"09","07","vii","2025","Halictus","subauratus",1,NA,NA,"G. Egloff","C. Praz",NA,NA,NA,"Halictus subauratus","LC",NA,NA,NA,NA,NA
1264,"GE1264",4,"focal","Thiele",2537576,1180143,431,"VD","09.07.2025","4","F.TH.VD.4.4","G. Egloff","Yverdon-les-Bains","GE1264","Yverdon-les-Bains",NA,NA,"537576","180143",431,6,"09","07","vii","2025","Lasioglossum","malachurum",1,NA,NA,"G. Egloff","C. Praz",NA,NA,NA,"Lasioglossum malachurum","LC",NA,NA,NA,NA,NA
1265,"GE1265",4,"focal","Thiele",2537576,1180143,431,"VD","09.07.2025","4","F.TH.VD.4.4","G. Egloff","Yverdon-les-Bains","GE1265","Yverdon-les-Bains",NA,NA,"537576","180143",431,6,"09","07","vii","2025","Lasioglossum","malachurum",1,NA,NA,"G. Egloff","C. Praz",NA,NA,NA,"Lasioglossum malachurum","LC",NA,NA,NA,NA,NA
1266,"GE1266",4,"focal","Thiele",2537576,1180143,431,"VD","09.07.2025","4","F.TH.VD.4.4","G. Egloff","Yverdon-les-Bains","GE1266","Yverdon-les-Bains",NA,NA,"537576","180143",431,6,"09","07","vii","2025","Lasioglossum","politum",1,NA,NA,"G. Egloff","C. Praz",NA,NA,NA,"Lasioglossum politum","LC",NA,NA,NA,NA,NA
1267,"GE1267",8,"control","Thiele",2535401,1178194,433,"VD","10.07.2025","4","C.TH.VD.4.8","G. Egloff","Suscévaz","GE1267","Suscévaz",NA,NA,"535401","178194",433,6,"10","07","vii","2025","Bombus","lapidarius",NA,1,NA,"G. Egloff","C. Praz",NA,NA,NA,"Bombus lapidarius","LC",NA,NA,NA,NA,NA
1268,"GE1268",2,"control","Thiele",2535267,1178107,434,"VD","10.07.2025","4","C.TH.VD.4.2","G. Egloff","Suscévaz","GE1268","Suscévaz",NA,NA,"535267","178107",434,6,"10","07","vii","2025","Lasioglossum","interruptum",NA,NA,1,"G. Egloff","C. Praz",NA,NA,NA,"Lasioglossum interruptum","LC",NA,NA,NA,NA,NA
1269,"GE1269",2,"control","Thiele",2535267,1178107,434,"VD","10.07.2025","4","C.TH.VD.4.2","G. Egloff","Suscévaz","GE1269","Suscévaz",NA,NA,"535267","178107",434,6,"10","07","vii","2025","Lasioglossum","villosulum",NA,NA,1,"G. Egloff","C. Praz",NA,NA,NA,"Lasioglossum villosulum","LC",NA,NA,NA,NA,NA
1270,"GE1270",13,"focal","Thiele",2537540,1180103,433,"VD","10.07.2025","4","F.TH.VD.4.13","G. Egloff","Yverdon-les-Bains","GE1270","Yverdon-les-Bains",NA,NA,"537540","180103",433,6,"10","07","vii","2025","Lasioglossum","morio",1,NA,NA,"G. Egloff","C. Praz",NA,NA,NA,"Lasioglossum morio","LC",NA,NA,NA,NA,NA
1271,"GE1271",13,"focal","Thiele",2537540,1180103,433,"VD","10.07.2025","4","F.TH.VD.4.13","G. Egloff","Yverdon-les-Bains","GE1271","Yverdon-les-Bains",NA,NA,"537540","180103",433,6,"10","07","vii","2025","Lasioglossum","limbellum",NA,NA,1,"G. Egloff","C. Praz",NA,NA,NA,"Lasioglossum limbellum","VU",NA,NA,NA,NA,NA
1272,"GE1272",13,"focal","Thiele",2537540,1180103,433,"VD","10.07.2025","4","F.TH.VD.4.13","G. Egloff","Yverdon-les-Bains","GE1272","Yverdon-les-Bains",NA,NA,"537540","180103",433,6,"10","07","vii","2025","Lasioglossum","malachurum",NA,NA,1,"G. Egloff","C. Praz",NA,NA,NA,"Lasioglossum malachurum","LC",NA,NA,NA,NA,NA
1273,"GE1273",2,"focal","Schwarzbach",2608093,1193301,525,"BE","11.07.2025","4","F.SC.BE.4.2","G. Egloff","Rubigen","GE1273","Rubigen",NA,NA,"608093","193301",525,6,"11","07","vii","2025","Bombus","lapidarius",NA,1,NA,"G. Egloff","C. Praz",NA,NA,NA,"Bombus lapidarius","LC",NA,NA,NA,NA,NA
1274,"GE1274",2,"focal","Schwarzbach",2608093,1193301,525,"BE","11.07.2025","4","F.SC.BE.4.2","G. Egloff","Rubigen","GE1274","Rubigen",NA,NA,"608093","193301",525,6,"11","07","vii","2025","Lasioglossum","glabriusculum",1,NA,NA,"G. Egloff","C. Praz",NA,NA,NA,"Lasioglossum glabriusculum","LC",NA,NA,NA,NA,NA
1275,"GE1275",2,"focal","Schwarzbach",2608093,1193301,525,"BE","11.07.2025","4","F.SC.BE.4.2","G. Egloff","Rubigen","GE1275","Rubigen",NA,NA,"608093","193301",525,6,"11","07","vii","2025","Lasioglossum","glabriusculum",1,NA,NA,"G. Egloff","C. Praz",NA,NA,NA,"Lasioglossum glabriusculum","LC",NA,NA,NA,NA,NA
1276,"GE1276",2,"focal","Schwarzbach",2608093,1193301,525,"BE","11.07.2025","4","F.SC.BE.4.2","G. Egloff","Rubigen","GE1276","Rubigen",NA,NA,"608093","193301",525,6,"11","07","vii","2025","Anthidium","oblongatum",NA,NA,1,"G. Egloff","C. Praz",NA,NA,NA,"Anthidium oblongatum","LC",NA,NA,NA,NA,NA
1277,"GE1277",2,"focal","Schwarzbach",2608093,1193301,525,"BE","11.07.2025","4","F.SC.BE.4.2","G. Egloff","Rubigen","GE1277","Rubigen",NA,NA,"608093","193301",525,6,"11","07","vii","2025","Anthidium","oblongatum",1,NA,NA,"G. Egloff","C. Praz",NA,NA,NA,"Anthidium oblongatum","LC",NA,NA,NA,NA,NA
1278,"GE1278",8,"focal","Schwarzbach",2608198,1193190,525,"BE","11.07.2025","4","F.SC.BE.4.8","G. Egloff","Rubigen","GE1278","Rubigen",NA,NA,"608198","193190",525,6,"11","07","vii","2025","Lasioglossum","laticeps",NA,NA,1,"G. Egloff","C. Praz",NA,NA,NA,"Lasioglossum laticeps","LC",NA,NA,NA,NA,NA
1279,"GE1279",8,"focal","Schwarzbach",2608198,1193190,525,"BE","11.07.2025","4","F.SC.BE.4.8","G. Egloff","Rubigen","GE1279","Rubigen",NA,NA,"608198","193190",525,6,"11","07","vii","2025","Lasioglossum","glabriusculum",1,NA,NA,"G. Egloff","C. Praz",NA,NA,NA,"Lasioglossum glabriusculum","LC",NA,NA,NA,NA,NA
1280,"GE1280",8,"focal","Schwarzbach",2608198,1193190,525,"BE","11.07.2025","4","F.SC.BE.4.8","G. Egloff","Rubigen","GE1280","Rubigen",NA,NA,"608198","193190",525,6,"11","07","vii","2025","Lasioglossum","glabriusculum",1,NA,NA,"G. Egloff","C. Praz",NA,NA,NA,"Lasioglossum glabriusculum","LC",NA,NA,NA,NA,NA
1281,"GE1281",8,"focal","Schwarzbach",2608198,1193190,525,"BE","11.07.2025","4","F.SC.BE.4.8","G. Egloff","Rubigen","GE1281","Rubigen",NA,NA,"608198","193190",525,6,"11","07","vii","2025","Lasioglossum","morio",NA,NA,1,"G. Egloff","C. Praz",NA,NA,NA,"Lasioglossum morio","LC",NA,NA,NA,NA,NA
1282,"GE1282",8,"focal","Schwarzbach",2608198,1193190,525,"BE","11.07.2025","4","F.SC.BE.4.8","G. Egloff","Rubigen","GE1282","Rubigen",NA,NA,"608198","193190",525,6,"11","07","vii","2025","Lasioglossum","morio",1,NA,NA,"G. Egloff","C. Praz",NA,NA,NA,"Lasioglossum morio","LC",NA,NA,NA,NA,NA
1283,"GE1283",8,"focal","Schwarzbach",2608198,1193190,525,"BE","11.07.2025","4","F.SC.BE.4.8","G. Egloff","Rubigen","GE1283","Rubigen",NA,NA,"608198","193190",525,6,"11","07","vii","2025","Lasioglossum","laticeps",NA,NA,1,"G. Egloff","C. Praz",NA,NA,NA,"Lasioglossum laticeps","LC",NA,NA,NA,NA,NA
1284,"GE1284",8,"focal","Schwarzbach",2608198,1193190,525,"BE","11.07.2025","4","F.SC.BE.4.8","G. Egloff","Rubigen","GE1284","Rubigen",NA,NA,"608198","193190",525,6,"11","07","vii","2025","Lasioglossum","laticeps",NA,NA,1,"G. Egloff","C. Praz",NA,NA,NA,"Lasioglossum laticeps","LC",NA,NA,NA,NA,NA
1285,"GE1285",8,"focal","Schwarzbach",2608198,1193190,525,"BE","11.07.2025","4","F.SC.BE.4.8","G. Egloff","Rubigen","GE1285","Rubigen",NA,NA,"608198","193190",525,6,"11","07","vii","2025","Lasioglossum","morio",NA,NA,1,"G. Egloff","C. Praz",NA,NA,NA,"Lasioglossum morio","LC",NA,NA,NA,NA,NA
1286,"GE1286",8,"focal","Schwarzbach",2608198,1193190,525,"BE","11.07.2025","4","F.SC.BE.4.8","G. Egloff","Rubigen","GE1286","Rubigen",NA,NA,"608198","193190",525,6,"11","07","vii","2025","Lasioglossum","laticeps",NA,NA,1,"G. Egloff","C. Praz",NA,NA,NA,"Lasioglossum laticeps","LC",NA,NA,NA,NA,NA
1287,"GE1287",8,"focal","Schwarzbach",2608198,1193190,525,"BE","11.07.2025","4","F.SC.BE.4.8","G. Egloff","Rubigen","GE1287","Rubigen",NA,NA,"608198","193190",525,6,"11","07","vii","2025","Lasioglossum","laticeps",NA,NA,1,"G. Egloff","C. Praz",NA,NA,NA,"Lasioglossum laticeps","LC",NA,NA,NA,NA,NA
1288,"GE1288",8,"focal","Schwarzbach",2608198,1193190,525,"BE","11.07.2025","4","F.SC.BE.4.8","G. Egloff","Rubigen","GE1288","Rubigen",NA,NA,"608198","193190",525,6,"11","07","vii","2025","Lasioglossum","laticeps",NA,NA,1,"G. Egloff","C. Praz",NA,NA,NA,"Lasioglossum laticeps","LC",NA,NA,NA,NA,NA
1289,"GE1289",8,"focal","Schwarzbach",2608198,1193190,525,"BE","11.07.2025","4","F.SC.BE.4.8","G. Egloff","Rubigen","GE1289","Rubigen",NA,NA,"608198","193190",525,6,"11","07","vii","2025","Lasioglossum","laticeps",NA,NA,1,"G. Egloff","C. Praz",NA,NA,NA,"Lasioglossum laticeps","LC",NA,NA,NA,NA,NA
1290,"GE1290",8,"focal","Schwarzbach",2608198,1193190,525,"BE","11.07.2025","4","F.SC.BE.4.8","G. Egloff","Rubigen","GE1290","Rubigen",NA,NA,"608198","193190",525,6,"11","07","vii","2025","Lasioglossum","laticeps",NA,NA,1,"G. Egloff","C. Praz",NA,NA,NA,"Lasioglossum laticeps","LC",NA,NA,NA,NA,NA
1291,"GE1291",8,"focal","Schwarzbach",2608198,1193190,525,"BE","11.07.2025","4","F.SC.BE.4.8","G. Egloff","Rubigen","GE1291","Rubigen",NA,NA,"608198","193190",525,6,"11","07","vii","2025","Hylaeus","confusus",NA,NA,1,"G. Egloff","C. Praz",NA,NA,NA,"Hylaeus confusus","LC",NA,NA,NA,NA,NA
1292,"GE1292",8,"focal","Schwarzbach",2608198,1193190,525,"BE","11.07.2025","4","F.SC.BE.4.8","G. Egloff","Rubigen","GE1292","Rubigen",NA,NA,"608198","193190",525,6,"11","07","vii","2025","Sphecodes","monilicornis",NA,NA,1,"G. Egloff","C. Praz",NA,NA,NA,"Sphecodes monilicornis","LC",NA,NA,NA,NA,NA
1293,"GE1293",8,"focal","Schwarzbach",2608198,1193190,525,"BE","11.07.2025","4","F.SC.BE.4.8","G. Egloff","Rubigen","GE1293","Rubigen",NA,NA,"608198","193190",525,6,"11","07","vii","2025","Macropis","europaea",1,NA,NA,"G. Egloff","C. Praz",NA,NA,NA,"Macropis europaea","LC",NA,NA,NA,NA,NA
1294,"GE1294",8,"focal","Schwarzbach",2608198,1193190,525,"BE","11.07.2025","4","F.SC.BE.4.8","G. Egloff","Rubigen","GE1294","Rubigen",NA,NA,"608198","193190",525,6,"11","07","vii","2025","Bombus","pascuorum",NA,1,NA,"G. Egloff","C. Praz","Used for teaching",NA,NA,"Bombus pascuorum","LC",NA,NA,NA,NA,NA
1295,"GE1295",8,"focal","Schwarzbach",2608198,1193190,525,"BE","11.07.2025","4","F.SC.BE.4.8","G. Egloff","Rubigen","GE1295","Rubigen",NA,NA,"608198","193190",525,6,"11","07","vii","2025","Bombus","pratorum",NA,NA,1,"G. Egloff","C. Praz",NA,NA,NA,"Bombus pratorum","LC",NA,NA,NA,NA,NA
1296,"GE1296",3,"focal","Schwarzbach",2608135,1193252,525,"BE","11.07.2025","4","F.SC.BE.4.3","G. Egloff","Rubigen","GE1296","Rubigen",NA,NA,"608135","193252",525,6,"11","07","vii","2025","Lasioglossum","morio",1,NA,NA,"G. Egloff","C. Praz",NA,NA,NA,"Lasioglossum morio","LC",NA,NA,NA,NA,NA
1297,"GE1297",3,"focal","Schwarzbach",2608135,1193252,525,"BE","11.07.2025","4","F.SC.BE.4.3","G. Egloff","Rubigen","GE1297","Rubigen",NA,NA,"608135","193252",525,6,"11","07","vii","2025","Lasioglossum","laticeps",NA,NA,1,"G. Egloff","C. Praz",NA,NA,NA,"Lasioglossum laticeps","LC",NA,NA,NA,NA,NA
1298,"GE1298",3,"focal","Schwarzbach",2608135,1193252,525,"BE","11.07.2025","4","F.SC.BE.4.3","G. Egloff","Rubigen","GE1298","Rubigen",NA,NA,"608135","193252",525,6,"11","07","vii","2025","Macropis","europaea",NA,NA,1,"G. Egloff","C. Praz",NA,NA,NA,"Macropis europaea","LC",NA,NA,NA,NA,NA
1299,"GE1299",3,"focal","Schwarzbach",2608135,1193252,525,"BE","11.07.2025","4","F.SC.BE.4.3","G. Egloff","Rubigen","GE1299","Rubigen",NA,NA,"608135","193252",525,6,"11","07","vii","2025","Macropis","europaea",NA,NA,1,"G. Egloff","C. Praz",NA,NA,NA,"Macropis europaea","LC",NA,NA,NA,NA,NA
1300,"GE1300",3,"focal","Schwarzbach",2608135,1193252,525,"BE","11.07.2025","4","F.SC.BE.4.3","G. Egloff","Rubigen","GE1300","Rubigen",NA,NA,"608135","193252",525,6,"11","07","vii","2025","Macropis","europaea",NA,NA,1,"G. Egloff","C. Praz",NA,NA,NA,"Macropis europaea","LC",NA,NA,NA,NA,NA
1301,"GE1301",3,"focal","Schwarzbach",2608135,1193252,525,"BE","11.07.2025","4","F.SC.BE.4.3","G. Egloff","Rubigen","GE1301","Rubigen",NA,NA,"608135","193252",525,6,"11","07","vii","2025","Macropis","europaea",NA,NA,1,"G. Egloff","C. Praz",NA,NA,NA,"Macropis europaea","LC",NA,NA,NA,NA,NA
1302,"GE1302",3,"focal","Schwarzbach",2608135,1193252,525,"BE","11.07.2025","4","F.SC.BE.4.3","G. Egloff","Rubigen","GE1302","Rubigen",NA,NA,"608135","193252",525,6,"11","07","vii","2025","Macropis","europaea",1,NA,NA,"G. Egloff","C. Praz",NA,NA,NA,"Macropis europaea","LC",NA,NA,NA,NA,NA
1303,"GE1303",3,"focal","Schwarzbach",2608135,1193252,525,"BE","11.07.2025","4","F.SC.BE.4.3","G. Egloff","Rubigen","GE1303","Rubigen",NA,NA,"608135","193252",525,6,"11","07","vii","2025","Macropis","europaea",1,NA,NA,"G. Egloff","C. Praz",NA,NA,NA,"Macropis europaea","LC",NA,NA,NA,NA,NA
1304,"GE1304",3,"focal","Schwarzbach",2608135,1193252,525,"BE","11.07.2025","4","F.SC.BE.4.3","G. Egloff","Rubigen","GE1304","Rubigen",NA,NA,"608135","193252",525,6,"11","07","vii","2025","Macropis","europaea",1,NA,NA,"G. Egloff","C. Praz",NA,NA,NA,"Macropis europaea","LC",NA,NA,NA,NA,NA
1305,"GE1305",3,"focal","Schwarzbach",2608135,1193252,525,"BE","11.07.2025","4","F.SC.BE.4.3","G. Egloff","Rubigen","GE1305","Rubigen",NA,NA,"608135","193252",525,6,"11","07","vii","2025","Lasioglossum","zonulum",1,NA,NA,"G. Egloff","C. Praz",NA,NA,NA,"Lasioglossum zonulum","LC",NA,NA,NA,NA,NA
1306,"GE1306",3,"focal","Schwarzbach",2608135,1193252,525,"BE","11.07.2025","4","F.SC.BE.4.3","G. Egloff","Rubigen","GE1306","Rubigen",NA,NA,"608135","193252",525,6,"11","07","vii","2025","Bombus","pascuorum",NA,1,NA,"G. Egloff","C. Praz","Used for teaching",NA,NA,"Bombus pascuorum","LC",NA,NA,NA,NA,NA
1307,"GE1307",3,"focal","Schwarzbach",2608135,1193252,525,"BE","11.07.2025","4","F.SC.BE.4.3","G. Egloff","Rubigen","GE1307","Rubigen",NA,NA,"608135","193252",525,6,"11","07","vii","2025","Macropis","europaea",NA,NA,1,"G. Egloff","C. Praz",NA,NA,NA,"Macropis europaea","LC",NA,NA,NA,NA,NA
1308,"GE1308",1,"focal","Schwarzbach",2608086,1193312,525,"BE","11.07.2025","4","F.SC.BE.4.1","G. Egloff","Rubigen","GE1308","Rubigen",NA,NA,"608086","193312",525,6,"11","07","vii","2025","Bombus","terrestris aggr.",NA,1,NA,"G. Egloff","C. Praz",NA,NA,NA,"Bombus terrestris aggr.","LC",NA,NA,NA,NA,NA
1309,"GE1309",1,"focal","Schwarzbach",2608086,1193312,525,"BE","11.07.2025","4","F.SC.BE.4.1","G. Egloff","Rubigen","GE1309","Rubigen",NA,NA,"608086","193312",525,6,"11","07","vii","2025","Bombus","terrestris aggr.",NA,1,NA,"G. Egloff","C. Praz",NA,NA,NA,"Bombus terrestris aggr.","LC",NA,NA,NA,NA,NA
1310,"GE1310",4,"focal","Schwarzbach",2608165,1193225,525,"BE","11.07.2025","4","F.SC.BE.4.4","G. Egloff","Rubigen","GE1310","Rubigen",NA,NA,"608165","193225",525,6,"11","07","vii","2025","Lasioglossum","glabriusculum",NA,NA,1,"G. Egloff","C. Praz",NA,NA,NA,"Lasioglossum glabriusculum","LC",NA,NA,NA,NA,NA
1311,"GE1311",4,"focal","Schwarzbach",2608165,1193225,525,"BE","11.07.2025","4","F.SC.BE.4.4","G. Egloff","Rubigen","GE1311","Rubigen",NA,NA,"608165","193225",525,6,"11","07","vii","2025","Lasioglossum","malachurum",NA,NA,1,"G. Egloff","C. Praz",NA,NA,NA,"Lasioglossum malachurum","LC",NA,NA,NA,NA,NA
1312,"GE1312",4,"focal","Schwarzbach",2608165,1193225,525,"BE","11.07.2025","4","F.SC.BE.4.4","G. Egloff","Rubigen","GE1312","Rubigen",NA,NA,"608165","193225",525,6,"11","07","vii","2025","Lasioglossum","glabriusculum",1,NA,NA,"G. Egloff","C. Praz",NA,NA,NA,"Lasioglossum glabriusculum","LC",NA,NA,NA,NA,NA
1313,"GE1313",4,"focal","Schwarzbach",2608165,1193225,525,"BE","11.07.2025","4","F.SC.BE.4.4","G. Egloff","Rubigen","GE1313","Rubigen",NA,NA,"608165","193225",525,6,"11","07","vii","2025","Halictus","simplex aggr.",1,NA,NA,"G. Egloff","C. Praz",NA,NA,NA,"Halictus simplex aggr.","LC",NA,NA,NA,NA,NA
1314,"GE1314",4,"focal","Schwarzbach",2608165,1193225,525,"BE","11.07.2025","4","F.SC.BE.4.4","G. Egloff","Rubigen","GE1314","Rubigen",NA,NA,"608165","193225",525,6,"11","07","vii","2025","Halictus","simplex aggr.",1,NA,NA,"G. Egloff","C. Praz",NA,NA,NA,"Halictus simplex aggr.","LC",NA,NA,NA,NA,NA
1315,"GE1315",4,"focal","Schwarzbach",2608165,1193225,525,"BE","11.07.2025","4","F.SC.BE.4.4","G. Egloff","Rubigen","GE1315","Rubigen",NA,NA,"608165","193225",525,6,"11","07","vii","2025","Halictus","simplex aggr.",1,NA,NA,"G. Egloff","C. Praz",NA,NA,NA,"Halictus simplex aggr.","LC",NA,NA,NA,NA,NA
1316,"GE1316",4,"focal","Schwarzbach",2608165,1193225,525,"BE","11.07.2025","4","F.SC.BE.4.4","G. Egloff","Rubigen","GE1316","Rubigen",NA,NA,"608165","193225",525,6,"11","07","vii","2025","Halictus","simplex aggr.",1,NA,NA,"G. Egloff","C. Praz",NA,NA,NA,"Halictus simplex aggr.","LC",NA,NA,NA,NA,NA
1317,"GE1317",5,"focal","Schwarzbach",2608169,1193214,525,"BE","11.07.2025","4","F.SC.BE.4.5","G. Egloff","Rubigen","GE1317","Rubigen",NA,NA,"608169","193214",525,6,"11","07","vii","2025","Sphecodes","gibbus",1,NA,NA,"G. Egloff","C. Praz",NA,NA,NA,"Sphecodes gibbus","LC",NA,NA,NA,NA,NA
1318,"GE1318",5,"focal","Schwarzbach",2608169,1193214,525,"BE","11.07.2025","4","F.SC.BE.4.5","G. Egloff","Rubigen","GE1318","Rubigen",NA,NA,"608169","193214",525,6,"11","07","vii","2025","Bombus","humilis",NA,1,NA,"G. Egloff","C. Praz",NA,NA,NA,"Bombus humilis","LC",NA,NA,NA,NA,NA
1319,"GE1319",6,"focal","Schwarzbach",2608180,1193208,525,"BE","11.07.2025","4","F.SC.BE.4.6","G. Egloff","Rubigen","GE1319","Rubigen",NA,NA,"608180","193208",525,6,"11","07","vii","2025","Lasioglossum","politum",1,NA,NA,"G. Egloff","C. Praz",NA,NA,NA,"Lasioglossum politum","LC",NA,NA,NA,NA,NA
1320,"GE1320",6,"focal","Schwarzbach",2608180,1193208,525,"BE","11.07.2025","4","F.SC.BE.4.6","G. Egloff","Rubigen","GE1320","Rubigen",NA,NA,"608180","193208",525,6,"11","07","vii","2025","Lasioglossum","glabriusculum",1,NA,NA,"G. Egloff","C. Praz",NA,NA,NA,"Lasioglossum glabriusculum","LC",NA,NA,NA,NA,NA
1321,"GE1321",6,"focal","Schwarzbach",2608180,1193208,525,"BE","11.07.2025","4","F.SC.BE.4.6","G. Egloff","Rubigen","GE1321","Rubigen",NA,NA,"608180","193208",525,6,"11","07","vii","2025","Lasioglossum","politum",1,NA,NA,"G. Egloff","C. Praz",NA,NA,NA,"Lasioglossum politum","LC",NA,NA,NA,NA,NA
1322,"GE1322",6,"focal","Schwarzbach",2608180,1193208,525,"BE","11.07.2025","4","F.SC.BE.4.6","G. Egloff","Rubigen","GE1322","Rubigen",NA,NA,"608180","193208",525,6,"11","07","vii","2025","Lasioglossum","glabriusculum",1,NA,NA,"G. Egloff","C. Praz",NA,NA,NA,"Lasioglossum glabriusculum","LC",NA,NA,NA,NA,NA
1323,"GE1323",6,"focal","Schwarzbach",2608180,1193208,525,"BE","11.07.2025","4","F.SC.BE.4.6","G. Egloff","Rubigen","GE1323","Rubigen",NA,NA,"608180","193208",525,6,"11","07","vii","2025","Lasioglossum","politum",1,NA,NA,"G. Egloff","C. Praz",NA,NA,NA,"Lasioglossum politum","LC",NA,NA,NA,NA,NA
1324,"GE1324",6,"focal","Schwarzbach",2608180,1193208,525,"BE","11.07.2025","4","F.SC.BE.4.6","G. Egloff","Rubigen","GE1324","Rubigen",NA,NA,"608180","193208",525,6,"11","07","vii","2025","Lasioglossum","glabriusculum",1,NA,NA,"G. Egloff","C. Praz",NA,NA,NA,"Lasioglossum glabriusculum","LC",NA,NA,NA,NA,NA
1325,"GE1325",6,"focal","Schwarzbach",2608180,1193208,525,"BE","11.07.2025","4","F.SC.BE.4.6","G. Egloff","Rubigen","GE1325","Rubigen",NA,NA,"608180","193208",525,6,"11","07","vii","2025","Lasioglossum","politum",1,NA,NA,"G. Egloff","C. Praz",NA,NA,NA,"Lasioglossum politum","LC",NA,NA,NA,NA,NA
1326,"GE1326",6,"focal","Schwarzbach",2608180,1193208,525,"BE","11.07.2025","4","F.SC.BE.4.6","G. Egloff","Rubigen","GE1326","Rubigen",NA,NA,"608180","193208",525,6,"11","07","vii","2025","Lasioglossum","fulvicorne",1,NA,NA,"G. Egloff","C. Praz",NA,NA,NA,"Lasioglossum fulvicorne","LC",NA,NA,NA,NA,NA
1327,"GE1327",6,"focal","Schwarzbach",2608180,1193208,525,"BE","11.07.2025","4","F.SC.BE.4.6","G. Egloff","Rubigen","GE1327","Rubigen",NA,NA,"608180","193208",525,6,"11","07","vii","2025","Ceratina","cyanea",NA,NA,1,"G. Egloff","C. Praz",NA,NA,NA,"Ceratina cyanea","LC",NA,NA,NA,NA,NA
1328,"GE1328",6,"focal","Schwarzbach",2608180,1193208,525,"BE","11.07.2025","4","F.SC.BE.4.6","G. Egloff","Rubigen","GE1328","Rubigen",NA,NA,"608180","193208",525,6,"11","07","vii","2025","Lasioglossum","glabriusculum",1,NA,NA,"G. Egloff","C. Praz",NA,NA,NA,"Lasioglossum glabriusculum","LC",NA,NA,NA,NA,NA
1329,"GE1329",6,"focal","Schwarzbach",2608180,1193208,525,"BE","11.07.2025","4","F.SC.BE.4.6","G. Egloff","Rubigen","GE1329","Rubigen",NA,NA,"608180","193208",525,6,"11","07","vii","2025","Lasioglossum","morio",1,NA,NA,"G. Egloff","C. Praz",NA,NA,NA,"Lasioglossum morio","LC",NA,NA,NA,NA,NA
1330,"GE1330",6,"focal","Schwarzbach",2608180,1193208,525,"BE","11.07.2025","4","F.SC.BE.4.6","G. Egloff","Rubigen","GE1330","Rubigen",NA,NA,"608180","193208",525,6,"11","07","vii","2025","Lasioglossum","glabriusculum",1,NA,NA,"G. Egloff","C. Praz",NA,NA,NA,"Lasioglossum glabriusculum","LC",NA,NA,NA,NA,NA
1331,"GE1331",6,"focal","Schwarzbach",2608180,1193208,525,"BE","11.07.2025","4","F.SC.BE.4.6","G. Egloff","Rubigen","GE1331","Rubigen",NA,NA,"608180","193208",525,6,"11","07","vii","2025","Lasioglossum","pauxillum",1,NA,NA,"G. Egloff","C. Praz",NA,NA,NA,"Lasioglossum pauxillum","LC",NA,NA,NA,NA,NA
1332,"GE1332",6,"focal","Schwarzbach",2608180,1193208,525,"BE","11.07.2025","4","F.SC.BE.4.6","G. Egloff","Rubigen","GE1332","Rubigen",NA,NA,"608180","193208",525,6,"11","07","vii","2025","Lasioglossum","morio",NA,NA,1,"G. Egloff","C. Praz",NA,NA,NA,"Lasioglossum morio","LC",NA,NA,NA,NA,NA
1333,"GE1333",7,"focal","Schwarzbach",2608189,1193195,525,"BE","11.07.2025","4","F.SC.BE.4.7","G. Egloff","Rubigen","GE1333","Rubigen",NA,NA,"608189","193195",525,6,"11","07","vii","2025","Lasioglossum","morio",1,NA,NA,"G. Egloff","C. Praz",NA,NA,NA,"Lasioglossum morio","LC",NA,NA,NA,NA,NA
1334,"GE1334",7,"focal","Schwarzbach",2608189,1193195,525,"BE","11.07.2025","4","F.SC.BE.4.7","G. Egloff","Rubigen","GE1334","Rubigen",NA,NA,"608189","193195",525,6,"11","07","vii","2025","Lasioglossum","politum",1,NA,NA,"G. Egloff","C. Praz",NA,NA,NA,"Lasioglossum politum","LC",NA,NA,NA,NA,NA
1335,"GE1335",7,"focal","Schwarzbach",2608189,1193195,525,"BE","11.07.2025","4","F.SC.BE.4.7","G. Egloff","Rubigen","GE1335","Rubigen",NA,NA,"608189","193195",525,6,"11","07","vii","2025","Lasioglossum","politum",1,NA,NA,"G. Egloff","C. Praz",NA,NA,NA,"Lasioglossum politum","LC",NA,NA,NA,NA,NA
1336,"GE1336",7,"focal","Schwarzbach",2608189,1193195,525,"BE","11.07.2025","4","F.SC.BE.4.7","G. Egloff","Rubigen","GE1336","Rubigen",NA,NA,"608189","193195",525,6,"11","07","vii","2025","Lasioglossum","politum",1,NA,NA,"G. Egloff","C. Praz",NA,NA,NA,"Lasioglossum politum","LC",NA,NA,NA,NA,NA
1337,"GE1337",7,"focal","Schwarzbach",2608189,1193195,525,"BE","11.07.2025","4","F.SC.BE.4.7","G. Egloff","Rubigen","GE1337","Rubigen",NA,NA,"608189","193195",525,6,"11","07","vii","2025","Lasioglossum","morio",1,NA,NA,"G. Egloff","C. Praz",NA,NA,NA,"Lasioglossum morio","LC",NA,NA,NA,NA,NA
1338,"GE1338",7,"focal","Schwarzbach",2608189,1193195,525,"BE","11.07.2025","4","F.SC.BE.4.7","G. Egloff","Rubigen","GE1338","Rubigen",NA,NA,"608189","193195",525,6,"11","07","vii","2025","Lasioglossum","morio",NA,NA,1,"G. Egloff","C. Praz",NA,NA,NA,"Lasioglossum morio","LC",NA,NA,NA,NA,NA
1339,"GE1339",7,"focal","Schwarzbach",2608189,1193195,525,"BE","11.07.2025","4","F.SC.BE.4.7","G. Egloff","Rubigen","GE1339","Rubigen",NA,NA,"608189","193195",525,6,"11","07","vii","2025","Lasioglossum","morio",1,NA,NA,"G. Egloff","C. Praz",NA,NA,NA,"Lasioglossum morio","LC",NA,NA,NA,NA,NA
1340,"GE1340",7,"focal","Schwarzbach",2608189,1193195,525,"BE","11.07.2025","4","F.SC.BE.4.7","G. Egloff","Rubigen","GE1340","Rubigen",NA,NA,"608189","193195",525,6,"11","07","vii","2025","Lasioglossum","laticeps",NA,NA,1,"G. Egloff","C. Praz",NA,NA,NA,"Lasioglossum laticeps","LC",NA,NA,NA,NA,NA
1341,"GE1341",7,"focal","Schwarzbach",2608189,1193195,525,"BE","11.07.2025","4","F.SC.BE.4.7","G. Egloff","Rubigen","GE1341","Rubigen",NA,NA,"608189","193195",525,6,"11","07","vii","2025","Lasioglossum","laticeps",NA,NA,1,"G. Egloff","C. Praz",NA,NA,NA,"Lasioglossum laticeps","LC",NA,NA,NA,NA,NA
1342,"GE1342",7,"focal","Schwarzbach",2608189,1193195,525,"BE","11.07.2025","4","F.SC.BE.4.7","G. Egloff","Rubigen","GE1342","Rubigen",NA,NA,"608189","193195",525,6,"11","07","vii","2025","Heriades","truncorum",NA,NA,1,"G. Egloff","C. Praz",NA,NA,NA,"Heriades truncorum","LC",NA,NA,NA,NA,NA
1343,"GE1343",7,"focal","Schwarzbach",2608189,1193195,525,"BE","11.07.2025","4","F.SC.BE.4.7","G. Egloff","Rubigen","GE1343","Rubigen",NA,NA,"608189","193195",525,6,"11","07","vii","2025","Lasioglossum","malachurum",1,NA,NA,"G. Egloff","C. Praz",NA,NA,NA,"Lasioglossum malachurum","LC",NA,NA,NA,NA,NA
1344,"GE1344",7,"focal","Schwarzbach",2608189,1193195,525,"BE","11.07.2025","4","F.SC.BE.4.7","G. Egloff","Rubigen","GE1344","Rubigen",NA,NA,"608189","193195",525,6,"11","07","vii","2025","Lasioglossum","laticeps",NA,NA,1,"G. Egloff","C. Praz",NA,NA,NA,"Lasioglossum laticeps","LC",NA,NA,NA,NA,NA
1345,"GE1345",7,"focal","Schwarzbach",2608189,1193195,525,"BE","11.07.2025","4","F.SC.BE.4.7","G. Egloff","Rubigen","GE1345","Rubigen",NA,NA,"608189","193195",525,6,"11","07","vii","2025","Hylaeus","confusus",1,NA,NA,"G. Egloff","C. Praz",NA,NA,NA,"Hylaeus confusus","LC",NA,NA,NA,NA,NA
1346,"GE1346",7,"focal","Schwarzbach",2608189,1193195,525,"BE","11.07.2025","4","F.SC.BE.4.7","G. Egloff","Rubigen","GE1346","Rubigen",NA,NA,"608189","193195",525,6,"11","07","vii","2025","Halictus","subauratus",NA,NA,1,"G. Egloff","C. Praz",NA,NA,NA,"Halictus subauratus","LC",NA,NA,NA,NA,NA
1347,"GE1347",7,"focal","Schwarzbach",2608189,1193195,525,"BE","11.07.2025","4","F.SC.BE.4.7","G. Egloff","Rubigen","GE1347","Rubigen",NA,NA,"608189","193195",525,6,"11","07","vii","2025","Lasioglossum","laticeps",NA,NA,1,"G. Egloff","C. Praz",NA,NA,NA,"Lasioglossum laticeps","LC",NA,NA,NA,NA,NA
1348,"GE1348",7,"focal","Schwarzbach",2608189,1193195,525,"BE","11.07.2025","4","F.SC.BE.4.7","G. Egloff","Rubigen","GE1348","Rubigen",NA,NA,"608189","193195",525,6,"11","07","vii","2025","Lasioglossum","laticeps",NA,NA,1,"G. Egloff","C. Praz",NA,NA,NA,"Lasioglossum laticeps","LC",NA,NA,NA,NA,NA
1349,"GE1349",7,"focal","Schwarzbach",2608189,1193195,525,"BE","11.07.2025","4","F.SC.BE.4.7","G. Egloff","Rubigen","GE1349","Rubigen",NA,NA,"608189","193195",525,6,"11","07","vii","2025","Lasioglossum","laticeps",NA,NA,1,"G. Egloff","C. Praz",NA,NA,NA,"Lasioglossum laticeps","LC",NA,NA,NA,NA,NA
1350,"GE1350",7,"focal","Schwarzbach",2608189,1193195,525,"BE","11.07.2025","4","F.SC.BE.4.7","G. Egloff","Rubigen","GE1350","Rubigen",NA,NA,"608189","193195",525,6,"11","07","vii","2025","Lasioglossum","malachurum",1,NA,NA,"G. Egloff","C. Praz",NA,NA,NA,"Lasioglossum malachurum","LC",NA,NA,NA,NA,NA
1351,"GE1351",7,"focal","Schwarzbach",2608189,1193195,525,"BE","11.07.2025","4","F.SC.BE.4.7","G. Egloff","Rubigen","GE1351","Rubigen",NA,NA,"608189","193195",525,6,"11","07","vii","2025","Halictus","simplex",NA,NA,1,"G. Egloff","C. Praz",NA,NA,NA,"Halictus simplex","LC",NA,NA,NA,NA,NA
1352,"GE1352",7,"focal","Schwarzbach",2608189,1193195,525,"BE","11.07.2025","4","F.SC.BE.4.7","G. Egloff","Rubigen","GE1352","Rubigen",NA,NA,"608189","193195",525,6,"11","07","vii","2025","Lasioglossum","laticeps",1,NA,NA,"G. Egloff","C. Praz",NA,NA,NA,"Lasioglossum laticeps","LC",NA,NA,NA,NA,NA
1353,"GE1353",7,"focal","Schwarzbach",2608189,1193195,525,"BE","11.07.2025","4","F.SC.BE.4.7","G. Egloff","Rubigen","GE1353","Rubigen",NA,NA,"608189","193195",525,6,"11","07","vii","2025","Halictus","simplex aggr.",1,NA,NA,"G. Egloff","C. Praz",NA,NA,NA,"Halictus simplex aggr.","LC",NA,NA,NA,NA,NA
1354,"GE1354",7,"focal","Schwarzbach",2608189,1193195,525,"BE","11.07.2025","4","F.SC.BE.4.7","G. Egloff","Rubigen","GE1354","Rubigen",NA,NA,"608189","193195",525,6,"11","07","vii","2025","Bombus","terrestris aggr.",NA,1,NA,"G. Egloff","C. Praz",NA,NA,NA,"Bombus terrestris aggr.","LC",NA,NA,NA,NA,NA
1355,"GE1355",7,"focal","Schwarzbach",2608189,1193195,525,"BE","11.07.2025","4","F.SC.BE.4.7","G. Egloff","Rubigen","GE1355","Rubigen",NA,NA,"608189","193195",525,6,"11","07","vii","2025","Lasioglossum","laticeps",NA,NA,1,"G. Egloff","C. Praz",NA,NA,NA,"Lasioglossum laticeps","LC",NA,NA,NA,NA,NA
1356,"GE1356",7,"focal","Schwarzbach",2608189,1193195,525,"BE","11.07.2025","4","F.SC.BE.4.7","G. Egloff","Rubigen","GE1356","Rubigen",NA,NA,"608189","193195",525,6,"11","07","vii","2025","Sphecodes","monilicornis",1,NA,NA,"G. Egloff","C. Praz",NA,NA,NA,"Sphecodes monilicornis","LC",NA,NA,NA,NA,NA
1357,"GE1357",7,"focal","Schwarzbach",2608189,1193195,525,"BE","11.07.2025","4","F.SC.BE.4.7","G. Egloff","Rubigen","GE1357","Rubigen",NA,NA,"608189","193195",525,6,"11","07","vii","2025","Halictus","simplex aggr.",1,NA,NA,"G. Egloff","C. Praz",NA,NA,NA,"Halictus simplex aggr.","LC",NA,NA,NA,NA,NA
1358,"GE1358",7,"focal","Schwarzbach",2608189,1193195,525,"BE","11.07.2025","4","F.SC.BE.4.7","G. Egloff","Rubigen","GE1358","Rubigen",NA,NA,"608189","193195",525,6,"11","07","vii","2025","Halictus","simplex aggr.",1,NA,NA,"G. Egloff","C. Praz",NA,NA,NA,"Halictus simplex aggr.","LC",NA,NA,NA,NA,NA
1359,"GE1359",7,"focal","Schwarzbach",2608189,1193195,525,"BE","11.07.2025","4","F.SC.BE.4.7","G. Egloff","Rubigen","GE1359","Rubigen",NA,NA,"608189","193195",525,6,"11","07","vii","2025","Halictus","simplex aggr.",1,NA,NA,"G. Egloff","C. Praz",NA,NA,NA,"Halictus simplex aggr.","LC",NA,NA,NA,NA,NA
1360,"GE1360",4,"control","Schwarzbach",2609945,1193105,588,"BE","12.07.2025","4","C.SC.BE.4.4","G. Egloff","Münsingen","GE1360","Münsingen",NA,NA,"609945","193105",588,6,"12","07","vii","2025","Lasioglossum","politum",1,NA,NA,"G. Egloff","C. Praz",NA,NA,NA,"Lasioglossum politum","LC",NA,NA,NA,NA,NA
1361,"GE1361",4,"control","Schwarzbach",2609945,1193105,588,"BE","12.07.2025","4","C.SC.BE.4.4","G. Egloff","Münsingen","GE1361","Münsingen",NA,NA,"609945","193105",588,6,"12","07","vii","2025","Lasioglossum","politum",1,NA,NA,"G. Egloff","C. Praz",NA,NA,NA,"Lasioglossum politum","LC",NA,NA,NA,NA,NA
1362,"GE1362",4,"control","Schwarzbach",2609945,1193105,588,"BE","12.07.2025","4","C.SC.BE.4.4","G. Egloff","Münsingen","GE1362","Münsingen",NA,NA,"609945","193105",588,6,"12","07","vii","2025","Lasioglossum","politum",1,NA,NA,"G. Egloff","C. Praz",NA,NA,NA,"Lasioglossum politum","LC",NA,NA,NA,NA,NA
1363,"GE1363",4,"control","Schwarzbach",2609945,1193105,588,"BE","12.07.2025","4","C.SC.BE.4.4","G. Egloff","Münsingen","GE1363","Münsingen",NA,NA,"609945","193105",588,6,"12","07","vii","2025","Lasioglossum","politum",1,NA,NA,"G. Egloff","C. Praz",NA,NA,NA,"Lasioglossum politum","LC",NA,NA,NA,NA,NA
1364,"GE1364",4,"control","Schwarzbach",2609945,1193105,588,"BE","12.07.2025","4","C.SC.BE.4.4","G. Egloff","Münsingen","GE1364","Münsingen",NA,NA,"609945","193105",588,6,"12","07","vii","2025","Lasioglossum","morio",NA,NA,1,"G. Egloff","C. Praz",NA,NA,NA,"Lasioglossum morio","LC",NA,NA,NA,NA,NA
1365,"GE1365",4,"control","Schwarzbach",2609945,1193105,588,"BE","12.07.2025","4","C.SC.BE.4.4","G. Egloff","Münsingen","GE1365","Münsingen",NA,NA,"609945","193105",588,6,"12","07","vii","2025","Lasioglossum","politum",1,NA,NA,"G. Egloff","C. Praz",NA,NA,NA,"Lasioglossum politum","LC",NA,NA,NA,NA,NA
1366,"GE1366",4,"control","Schwarzbach",2609945,1193105,588,"BE","12.07.2025","4","C.SC.BE.4.4","G. Egloff","Münsingen","GE1366","Münsingen",NA,NA,"609945","193105",588,6,"12","07","vii","2025","Lasioglossum","morio",NA,NA,1,"G. Egloff","C. Praz",NA,NA,NA,"Lasioglossum morio","LC",NA,NA,NA,NA,NA
1367,"GE1367",4,"control","Schwarzbach",2609945,1193105,588,"BE","12.07.2025","4","C.SC.BE.4.4","G. Egloff","Münsingen","GE1367","Münsingen",NA,NA,"609945","193105",588,6,"12","07","vii","2025","Lasioglossum","fulvicorne",1,NA,NA,"G. Egloff","C. Praz",NA,NA,NA,"Lasioglossum fulvicorne","LC",NA,NA,NA,NA,NA
1368,"GE1368",4,"control","Schwarzbach",2609945,1193105,588,"BE","12.07.2025","4","C.SC.BE.4.4","G. Egloff","Münsingen","GE1368","Münsingen",NA,NA,"609945","193105",588,6,"12","07","vii","2025","Lasioglossum","morio",NA,NA,1,"G. Egloff","C. Praz",NA,NA,NA,"Lasioglossum morio","LC",NA,NA,NA,NA,NA
1369,"GE1369",4,"control","Schwarzbach",2609945,1193105,588,"BE","12.07.2025","4","C.SC.BE.4.4","G. Egloff","Münsingen","GE1369","Münsingen",NA,NA,"609945","193105",588,6,"12","07","vii","2025","Lasioglossum","morio",NA,NA,1,"G. Egloff","C. Praz",NA,NA,NA,"Lasioglossum morio","LC",NA,NA,NA,NA,NA
1370,"GE1370",4,"control","Schwarzbach",2609945,1193105,588,"BE","12.07.2025","4","C.SC.BE.4.4","G. Egloff","Münsingen","GE1370","Münsingen",NA,NA,"609945","193105",588,6,"12","07","vii","2025","Lasioglossum","pauxillum",NA,NA,1,"G. Egloff","C. Praz",NA,NA,NA,"Lasioglossum pauxillum","LC",NA,NA,NA,NA,NA
1371,"GE1371",4,"control","Schwarzbach",2609945,1193105,588,"BE","12.07.2025","4","C.SC.BE.4.4","G. Egloff","Münsingen","GE1371","Münsingen",NA,NA,"609945","193105",588,6,"12","07","vii","2025","Halictus","simplex aggr.",1,NA,NA,"G. Egloff","C. Praz",NA,NA,NA,"Halictus simplex aggr.","LC",NA,NA,NA,NA,NA
1372,"GE1372",4,"control","Schwarzbach",2609945,1193105,588,"BE","12.07.2025","4","C.SC.BE.4.4","G. Egloff","Münsingen","GE1372","Münsingen",NA,NA,"609945","193105",588,6,"12","07","vii","2025","Lasioglossum","laticeps",1,NA,NA,"G. Egloff","C. Praz",NA,NA,NA,"Lasioglossum laticeps","LC",NA,NA,NA,NA,NA
1373,"GE1373",4,"control","Schwarzbach",2609945,1193105,588,"BE","12.07.2025","4","C.SC.BE.4.4","G. Egloff","Münsingen","GE1373","Münsingen",NA,NA,"609945","193105",588,6,"12","07","vii","2025","Hoplitis","leucomelana",1,NA,NA,"G. Egloff","C. Praz",NA,NA,NA,"Hoplitis leucomelana","LC",NA,NA,NA,NA,NA
1374,"GE1374",1,"control","Schwarzbach",2609861,1193161,587,"BE","12.07.2025","4","C.SC.BE.4.1","G. Egloff","Münsingen","GE1374","Münsingen",NA,NA,"609861","193161",587,6,"12","07","vii","2025","Lasioglossum","malachurum",1,NA,NA,"G. Egloff","C. Praz",NA,NA,NA,"Lasioglossum malachurum","LC",NA,NA,NA,NA,NA
1375,"GE1375",1,"control","Schwarzbach",2609861,1193161,587,"BE","12.07.2025","4","C.SC.BE.4.1","G. Egloff","Münsingen","GE1375","Münsingen",NA,NA,"609861","193161",587,6,"12","07","vii","2025","Lasioglossum","malachurum",NA,NA,1,"G. Egloff","C. Praz",NA,NA,NA,"Lasioglossum malachurum","LC",NA,NA,NA,NA,NA
1376,"GE1376",1,"control","Schwarzbach",2609861,1193161,587,"BE","12.07.2025","4","C.SC.BE.4.1","G. Egloff","Münsingen","GE1376","Münsingen",NA,NA,"609861","193161",587,6,"12","07","vii","2025","Halictus","simplex aggr.",1,NA,NA,"G. Egloff","C. Praz",NA,NA,NA,"Halictus simplex aggr.","LC",NA,NA,NA,NA,NA
1377,"GE1377",1,"control","Schwarzbach",2609861,1193161,587,"BE","12.07.2025","4","C.SC.BE.4.1","G. Egloff","Münsingen","GE1377","Münsingen",NA,NA,"609861","193161",587,6,"12","07","vii","2025","Andrena","afzeliella",1,NA,NA,"G. Egloff","C. Praz",NA,NA,NA,"Andrena afzeliella","LC",NA,NA,NA,NA,NA
1378,"GE1378",1,"control","Schwarzbach",2609861,1193161,587,"BE","12.07.2025","4","C.SC.BE.4.1","G. Egloff","Münsingen","GE1378","Münsingen",NA,NA,"609861","193161",587,6,"12","07","vii","2025","Anthidium","oblongatum",NA,NA,1,"G. Egloff","C. Praz",NA,NA,NA,"Anthidium oblongatum","LC",NA,NA,NA,NA,NA
1379,"GE1379",1,"control","Schwarzbach",2609861,1193161,587,"BE","12.07.2025","4","C.SC.BE.4.1","G. Egloff","Münsingen","GE1379","Münsingen",NA,NA,"609861","193161",587,6,"12","07","vii","2025","Megachile","centuncularis",NA,NA,1,"G. Egloff","C. Praz",NA,NA,NA,"Megachile centuncularis","LC",NA,NA,NA,NA,NA
1380,"GE1380",1,"control","Schwarzbach",2609861,1193161,587,"BE","12.07.2025","4","C.SC.BE.4.1","G. Egloff","Münsingen","GE1380","Münsingen",NA,NA,"609861","193161",587,6,"12","07","vii","2025","Andrena","trimmerana",1,NA,NA,"G. Egloff","C. Praz",NA,NA,NA,"Andrena trimmerana","LC",NA,NA,NA,NA,NA
1381,"GE1381",2,"control","Schwarzbach",2609873,1193153,587,"BE","12.07.2025","4","C.SC.BE.4.2","G. Egloff","Münsingen","GE1381","Münsingen",NA,NA,"609873","193153",587,6,"12","07","vii","2025","Lasioglossum","pauxillum",1,NA,NA,"G. Egloff","C. Praz",NA,NA,NA,"Lasioglossum pauxillum","LC",NA,NA,NA,NA,NA
1382,"GE1382",2,"control","Schwarzbach",2609873,1193153,587,"BE","12.07.2025","4","C.SC.BE.4.2","G. Egloff","Münsingen","GE1382","Münsingen",NA,NA,"609873","193153",587,6,"12","07","vii","2025","Megachile","versicolor",NA,NA,1,"G. Egloff","C. Praz",NA,NA,NA,"Megachile versicolor","LC",NA,NA,NA,NA,NA
1383,"GE1383",2,"control","Schwarzbach",2609873,1193153,587,"BE","12.07.2025","4","C.SC.BE.4.2","G. Egloff","Münsingen","GE1383","Münsingen",NA,NA,"609873","193153",587,6,"12","07","vii","2025","Megachile","willughbiella",NA,NA,1,"G. Egloff","C. Praz",NA,NA,NA,"Megachile willughbiella","LC",NA,NA,NA,NA,NA
1384,"GE1384",2,"control","Schwarzbach",2609873,1193153,587,"BE","12.07.2025","4","C.SC.BE.4.2","G. Egloff","Münsingen","GE1384","Münsingen",NA,NA,"609873","193153",587,6,"12","07","vii","2025","Bombus","lapidarius",NA,1,NA,"G. Egloff","C. Praz",NA,NA,NA,"Bombus lapidarius","LC",NA,NA,NA,NA,NA
1385,"GE1385",6,"control","Schwarzbach",2609967,1193089,589,"BE","12.07.2025","4","C.SC.BE.4.6","G. Egloff","Münsingen","GE1385","Münsingen",NA,NA,"609967","193089",589,6,"12","07","vii","2025","Lasioglossum","laticeps",NA,NA,1,"G. Egloff","C. Praz",NA,NA,NA,"Lasioglossum laticeps","LC",NA,NA,NA,NA,NA
1386,"GE1386",6,"control","Schwarzbach",2609967,1193089,589,"BE","12.07.2025","4","C.SC.BE.4.6","G. Egloff","Münsingen","GE1386","Münsingen",NA,NA,"609967","193089",589,6,"12","07","vii","2025","Lasioglossum","laticeps",NA,NA,1,"G. Egloff","C. Praz",NA,NA,NA,"Lasioglossum laticeps","LC",NA,NA,NA,NA,NA
1387,"GE1387",6,"control","Schwarzbach",2609967,1193089,589,"BE","12.07.2025","4","C.SC.BE.4.6","G. Egloff","Münsingen","GE1387","Münsingen",NA,NA,"609967","193089",589,6,"12","07","vii","2025","Lasioglossum","laticeps",NA,NA,1,"G. Egloff","C. Praz",NA,NA,NA,"Lasioglossum laticeps","LC",NA,NA,NA,NA,NA
1388,"GE1388",6,"control","Schwarzbach",2609967,1193089,589,"BE","12.07.2025","4","C.SC.BE.4.6","G. Egloff","Münsingen","GE1388","Münsingen",NA,NA,"609967","193089",589,6,"12","07","vii","2025","Lasioglossum","morio",NA,NA,1,"G. Egloff","C. Praz",NA,NA,NA,"Lasioglossum morio","LC",NA,NA,NA,NA,NA
1389,"GE1389",6,"control","Schwarzbach",2609967,1193089,589,"BE","12.07.2025","4","C.SC.BE.4.6","G. Egloff","Münsingen","GE1389","Münsingen",NA,NA,"609967","193089",589,6,"12","07","vii","2025","Lasioglossum","morio",NA,NA,1,"G. Egloff","C. Praz",NA,NA,NA,"Lasioglossum morio","LC",NA,NA,NA,NA,NA
1390,"GE1390",6,"control","Schwarzbach",2609967,1193089,589,"BE","12.07.2025","4","C.SC.BE.4.6","G. Egloff","Münsingen","GE1390","Münsingen",NA,NA,"609967","193089",589,6,"12","07","vii","2025","Lasioglossum","morio",NA,NA,1,"G. Egloff","C. Praz",NA,NA,NA,"Lasioglossum morio","LC",NA,NA,NA,NA,NA
1391,"GE1391",6,"control","Schwarzbach",2609967,1193089,589,"BE","12.07.2025","4","C.SC.BE.4.6","G. Egloff","Münsingen","GE1391","Münsingen",NA,NA,"609967","193089",589,6,"12","07","vii","2025","Lasioglossum","laticeps",NA,NA,1,"G. Egloff","C. Praz",NA,NA,NA,"Lasioglossum laticeps","LC",NA,NA,NA,NA,NA
1392,"GE1392",6,"control","Schwarzbach",2609967,1193089,589,"BE","12.07.2025","4","C.SC.BE.4.6","G. Egloff","Münsingen","GE1392","Münsingen",NA,NA,"609967","193089",589,6,"12","07","vii","2025","Lasioglossum","morio",NA,NA,1,"G. Egloff","C. Praz",NA,NA,NA,"Lasioglossum morio","LC",NA,NA,NA,NA,NA
1393,"GE1393",7,"control","Schwarzbach",2609983,1193078,589,"BE","12.07.2025","4","C.SC.BE.4.7","G. Egloff","Münsingen","GE1393","Münsingen",NA,NA,"609983","193078",589,6,"12","07","vii","2025","Lasioglossum","laticeps",NA,NA,1,"G. Egloff","C. Praz",NA,NA,NA,"Lasioglossum laticeps","LC",NA,NA,NA,NA,NA
1394,"GE1394",3,"control","Schwarzbach",2609924,1193119,588,"BE","12.07.2025","4","C.SC.BE.4.3","G. Egloff","Münsingen","GE1394","Münsingen",NA,NA,"609924","193119",588,6,"12","07","vii","2025","Sphecodes","scabricollis",1,NA,NA,"G. Egloff","C. Praz",NA,NA,NA,"Sphecodes scabricollis","LC",NA,NA,NA,NA,NA
1395,"GE1395",3,"control","Schwarzbach",2609924,1193119,588,"BE","12.07.2025","4","C.SC.BE.4.3","G. Egloff","Münsingen","GE1395","Münsingen",NA,NA,"609924","193119",588,6,"12","07","vii","2025","Lasioglossum","pauxillum",NA,NA,1,"G. Egloff","C. Praz",NA,NA,NA,"Lasioglossum pauxillum","LC",NA,NA,NA,NA,NA
1396,"GE1396",3,"control","Schwarzbach",2609924,1193119,588,"BE","12.07.2025","4","C.SC.BE.4.3","G. Egloff","Münsingen","GE1396","Münsingen",NA,NA,"609924","193119",588,6,"12","07","vii","2025","Lasioglossum","pauxillum",NA,NA,1,"G. Egloff","C. Praz",NA,NA,NA,"Lasioglossum pauxillum","LC",NA,NA,NA,NA,NA
1397,"GE1397",4,"control","Schwarzbach",2609945,1193105,588,"BE","12.07.2025","4","C.SC.BE.4.4","G. Egloff","Münsingen","GE1397","Münsingen",NA,NA,"609945","193105",588,6,"12","07","vii","2025","Bombus","terrestris aggr.",NA,1,NA,"G. Egloff","C. Praz",NA,NA,NA,"Bombus terrestris aggr.","LC",NA,NA,NA,NA,NA
1398,"GE1398",5,"control","Aire",2492634,1116373,380,"GE","01.07.2025","4","C.AI.GE.4.5","G. Egloff","Bernex","GE1398","Bernex",NA,NA,"492634","116373",380,6,"01","07","vii","2025","Lasioglossum","malachurum",1,NA,NA,"G. Egloff","C. Praz",NA,NA,NA,"Lasioglossum malachurum","LC",NA,NA,NA,NA,NA
1399,"GE1399",2,"control","Aire",2492597,1116311,380,"GE","29.07.2025","5","C.AI.GE.5.2","G. Egloff","Bernex","GE1399","Bernex",NA,NA,"492597","116311",380,6,"29","07","vii","2025","Lasioglossum","villosulum",1,NA,NA,"G. Egloff","C. Praz",NA,NA,NA,"Lasioglossum villosulum","LC",NA,NA,NA,NA,NA
1400,"GE1400",2,"control","Aire",2492597,1116311,380,"GE","29.07.2025","5","C.AI.GE.5.2","G. Egloff","Bernex","GE1400","Bernex",NA,NA,"492597","116311",380,6,"29","07","vii","2025","Lasioglossum","villosulum",1,NA,NA,"G. Egloff","C. Praz",NA,NA,NA,"Lasioglossum villosulum","LC",NA,NA,NA,NA,NA
1401,"GE1401",5,"control","Aire",2492634,1116373,380,"GE","29.07.2025","5","C.AI.GE.5.5","G. Egloff","Bernex","GE1401","Bernex",NA,NA,"492634","116373",380,6,"29","07","vii","2025","Lasioglossum","laticeps",NA,NA,1,"G. Egloff","C. Praz",NA,NA,NA,"Lasioglossum laticeps","LC",NA,NA,NA,NA,NA
1402,"GE1402",5,"control","Aire",2492634,1116373,380,"GE","29.07.2025","5","C.AI.GE.5.5","G. Egloff","Bernex","GE1402","Bernex",NA,NA,"492634","116373",380,6,"29","07","vii","2025","Lasioglossum","laticeps",NA,NA,1,"G. Egloff","C. Praz",NA,NA,NA,"Lasioglossum laticeps","LC",NA,NA,NA,NA,NA
1403,"GE1403",5,"control","Aire",2492634,1116373,380,"GE","29.07.2025","5","C.AI.GE.5.5","G. Egloff","Bernex","GE1403","Bernex",NA,NA,"492634","116373",380,6,"29","07","vii","2025","Lasioglossum","laticeps",NA,NA,1,"G. Egloff","C. Praz",NA,NA,NA,"Lasioglossum laticeps","LC",NA,NA,NA,NA,NA
1404,"GE1404",5,"control","Aire",2492634,1116373,380,"GE","29.07.2025","5","C.AI.GE.5.5","G. Egloff","Bernex","GE1404","Bernex",NA,NA,"492634","116373",380,6,"29","07","vii","2025","Sphecodes","puncticeps",1,NA,NA,"G. Egloff","C. Praz",NA,NA,NA,"Sphecodes puncticeps","LC",NA,NA,NA,NA,NA
1405,"GE1405",4,"control","Aire",2492622,1116353,380,"GE","29.07.2025","5","C.AI.GE.5.4","G. Egloff","Bernex","GE1405","Bernex",NA,NA,"492622","116353",380,6,"29","07","vii","2025","Sphecodes","puncticeps",1,NA,NA,"G. Egloff","C. Praz",NA,NA,NA,"Sphecodes puncticeps","LC",NA,NA,NA,NA,NA
1406,"GE1406",7,"control","Aire",2492656,1116411,380,"GE","29.07.2025","5","C.AI.GE.5.7","G. Egloff","Bernex","GE1406","Bernex",NA,NA,"492656","116411",380,6,"29","07","vii","2025","Lasioglossum","villosulum",1,NA,NA,"G. Egloff","C. Praz",NA,NA,NA,"Lasioglossum villosulum","LC",NA,NA,NA,NA,NA
1407,"GE1407",7,"control","Aire",2492656,1116411,380,"GE","29.07.2025","5","C.AI.GE.5.7","G. Egloff","Bernex","GE1407","Bernex",NA,NA,"492656","116411",380,6,"29","07","vii","2025","Lasioglossum","interruptum",NA,NA,1,"G. Egloff","C. Praz",NA,NA,NA,"Lasioglossum interruptum","LC",NA,NA,NA,NA,NA
1408,"GE1408",7,"control","Aire",2492656,1116411,380,"GE","29.07.2025","5","C.AI.GE.5.7","G. Egloff","Bernex","GE1408","Bernex",NA,NA,"492656","116411",380,6,"29","07","vii","2025","Lasioglossum","glabriusculum",NA,NA,1,"G. Egloff","C. Praz",NA,NA,NA,"Lasioglossum glabriusculum","LC",NA,NA,NA,NA,NA
1409,"GE1409",5,"focal","Aire",2495479,1113801,402,"GE","31.07.2025","5","F.AI.GE.5.5","G. Egloff","Confignon","GE1409","Confignon",NA,NA,"495479","113801",402,6,"31","07","vii","2025","Lasioglossum","politum",1,NA,NA,"G. Egloff","C. Praz",NA,NA,NA,"Lasioglossum politum","LC",NA,NA,NA,NA,NA
1410,"GE1410",5,"focal","Aire",2495479,1113801,402,"GE","31.07.2025","5","F.AI.GE.5.5","G. Egloff","Confignon","GE1410","Confignon",NA,NA,"495479","113801",402,6,"31","07","vii","2025","Lasioglossum","politum",1,NA,NA,"G. Egloff","C. Praz",NA,NA,NA,"Lasioglossum politum","LC",NA,NA,NA,NA,NA
1411,"GE1411",5,"focal","Aire",2495479,1113801,402,"GE","31.07.2025","5","F.AI.GE.5.5","G. Egloff","Confignon","GE1411","Confignon",NA,NA,"495479","113801",402,6,"31","07","vii","2025","Lasioglossum","politum",1,NA,NA,"G. Egloff","C. Praz",NA,NA,NA,"Lasioglossum politum","LC",NA,NA,NA,NA,NA
1412,"GE1412",5,"focal","Aire",2495479,1113801,402,"GE","31.07.2025","5","F.AI.GE.5.5","G. Egloff","Confignon","GE1412","Confignon",NA,NA,"495479","113801",402,6,"31","07","vii","2025","Lasioglossum","politum",1,NA,NA,"G. Egloff","C. Praz",NA,NA,NA,"Lasioglossum politum","LC",NA,NA,NA,NA,NA
1413,"GE1413",5,"focal","Aire",2495479,1113801,402,"GE","31.07.2025","5","F.AI.GE.5.5","G. Egloff","Confignon","GE1413","Confignon",NA,NA,"495479","113801",402,6,"31","07","vii","2025","Lasioglossum","glabriusculum",1,NA,NA,"G. Egloff","C. Praz",NA,NA,NA,"Lasioglossum glabriusculum","LC",NA,NA,NA,NA,NA
1414,"GE1414",5,"focal","Aire",2495479,1113801,402,"GE","31.07.2025","5","F.AI.GE.5.5","G. Egloff","Confignon","GE1414","Confignon",NA,NA,"495479","113801",402,6,"31","07","vii","2025","Lasioglossum","politum",1,NA,NA,"G. Egloff","C. Praz",NA,NA,NA,"Lasioglossum politum","LC",NA,NA,NA,NA,NA
1415,"GE1415",5,"focal","Aire",2495479,1113801,402,"GE","31.07.2025","5","F.AI.GE.5.5","G. Egloff","Confignon","GE1415","Confignon",NA,NA,"495479","113801",402,6,"31","07","vii","2025","Lasioglossum","politum",1,NA,NA,"G. Egloff","C. Praz",NA,NA,NA,"Lasioglossum politum","LC",NA,NA,NA,NA,NA
1416,"GE1416",5,"focal","Aire",2495479,1113801,402,"GE","31.07.2025","5","F.AI.GE.5.5","G. Egloff","Confignon","GE1416","Confignon",NA,NA,"495479","113801",402,6,"31","07","vii","2025","Lasioglossum","politum",1,NA,NA,"G. Egloff","C. Praz",NA,NA,NA,"Lasioglossum politum","LC",NA,NA,NA,NA,NA
1417,"GE1417",5,"focal","Aire",2495479,1113801,402,"GE","31.07.2025","5","F.AI.GE.5.5","G. Egloff","Confignon","GE1417","Confignon",NA,NA,"495479","113801",402,6,"31","07","vii","2025","Lasioglossum","politum",1,NA,NA,"G. Egloff","C. Praz",NA,NA,NA,"Lasioglossum politum","LC",NA,NA,NA,NA,NA
1418,"GE1418",5,"focal","Aire",2495479,1113801,402,"GE","31.07.2025","5","F.AI.GE.5.5","G. Egloff","Confignon","GE1418","Confignon",NA,NA,"495479","113801",402,6,"31","07","vii","2025","Lasioglossum","politum",1,NA,NA,"G. Egloff","C. Praz",NA,NA,NA,"Lasioglossum politum","LC",NA,NA,NA,NA,NA
1419,"GE1419",5,"focal","Aire",2495479,1113801,402,"GE","31.07.2025","5","F.AI.GE.5.5","G. Egloff","Confignon","GE1419","Confignon",NA,NA,"495479","113801",402,6,"31","07","vii","2025","Lasioglossum","politum",1,NA,NA,"G. Egloff","C. Praz",NA,NA,NA,"Lasioglossum politum","LC",NA,NA,NA,NA,NA
1420,"GE1420",5,"focal","Aire",2495479,1113801,402,"GE","31.07.2025","5","F.AI.GE.5.5","G. Egloff","Confignon","GE1420","Confignon",NA,NA,"495479","113801",402,6,"31","07","vii","2025","Lasioglossum","politum",1,NA,NA,"G. Egloff","C. Praz",NA,NA,NA,"Lasioglossum politum","LC",NA,NA,NA,NA,NA
1421,"GE1421",5,"focal","Aire",2495479,1113801,402,"GE","31.07.2025","5","F.AI.GE.5.5","G. Egloff","Confignon","GE1421","Confignon",NA,NA,"495479","113801",402,6,"31","07","vii","2025","Lasioglossum","politum",1,NA,NA,"G. Egloff","C. Praz",NA,NA,NA,"Lasioglossum politum","LC",NA,NA,NA,NA,NA
1422,"GE1422",5,"focal","Aire",2495479,1113801,402,"GE","31.07.2025","5","F.AI.GE.5.5","G. Egloff","Confignon","GE1422","Confignon",NA,NA,"495479","113801",402,6,"31","07","vii","2025","Lasioglossum","malachurum",1,NA,NA,"G. Egloff","C. Praz",NA,NA,NA,"Lasioglossum malachurum","LC",NA,NA,NA,NA,NA
1423,"GE1423",5,"focal","Aire",2495479,1113801,402,"GE","31.07.2025","5","F.AI.GE.5.5","G. Egloff","Confignon","GE1423","Confignon",NA,NA,"495479","113801",402,6,"31","07","vii","2025","Lasioglossum","malachurum",NA,NA,1,"G. Egloff","C. Praz",NA,NA,NA,"Lasioglossum malachurum","LC",NA,NA,NA,NA,NA
1424,"GE1424",5,"focal","Aire",2495479,1113801,402,"GE","31.07.2025","5","F.AI.GE.5.5","G. Egloff","Confignon","GE1424","Confignon",NA,NA,"495479","113801",402,6,"31","07","vii","2025","Melitta","nigricans",1,NA,NA,"G. Egloff","C. Praz","Used for teaching",NA,NA,"Melitta nigricans","NT",NA,NA,NA,NA,NA
1425,"GE1425",5,"focal","Aire",2495479,1113801,402,"GE","31.07.2025","5","F.AI.GE.5.5","G. Egloff","Confignon","GE1425","Confignon",NA,NA,"495479","113801",402,6,"31","07","vii","2025","Melitta","nigricans",1,NA,NA,"G. Egloff","C. Praz","Used for teaching",NA,NA,"Melitta nigricans","NT",NA,NA,NA,NA,NA
1426,"GE1426",5,"focal","Aire",2495479,1113801,402,"GE","31.07.2025","5","F.AI.GE.5.5","G. Egloff","Confignon","GE1426","Confignon",NA,NA,"495479","113801",402,6,"31","07","vii","2025","Melitta","nigricans",1,NA,NA,"G. Egloff","C. Praz","Used for teaching",NA,NA,"Melitta nigricans","NT",NA,NA,NA,NA,NA
1427,"GE1427",5,"focal","Aire",2495479,1113801,402,"GE","31.07.2025","5","F.AI.GE.5.5","G. Egloff","Confignon","GE1427","Confignon",NA,NA,"495479","113801",402,6,"31","07","vii","2025","Melitta","nigricans",1,NA,NA,"G. Egloff","C. Praz","Used for teaching",NA,NA,"Melitta nigricans","NT",NA,NA,NA,NA,NA
1428,"GE1428",5,"focal","Aire",2495479,1113801,402,"GE","31.07.2025","5","F.AI.GE.5.5","G. Egloff","Confignon","GE1428","Confignon",NA,NA,"495479","113801",402,6,"31","07","vii","2025","Melitta","leporina",NA,NA,1,"G. Egloff","C. Praz",NA,NA,NA,"Melitta leporina","LC",NA,NA,NA,NA,NA
1429,"GE1429",5,"focal","Aire",2495479,1113801,402,"GE","31.07.2025","5","F.AI.GE.5.5","G. Egloff","Confignon","GE1429","Confignon",NA,NA,"495479","113801",402,6,"31","07","vii","2025","Melitta","leporina",NA,NA,1,"G. Egloff","C. Praz",NA,NA,NA,"Melitta leporina","LC",NA,NA,NA,NA,NA
1430,"GE1430",5,"focal","Aire",2495479,1113801,402,"GE","31.07.2025","5","F.AI.GE.5.5","G. Egloff","Confignon","GE1430","Confignon",NA,NA,"495479","113801",402,6,"31","07","vii","2025","Melitta","leporina",NA,NA,1,"G. Egloff","C. Praz",NA,NA,NA,"Melitta leporina","LC",NA,NA,NA,NA,NA
1431,"GE1431",3,"focal","Aire",2495446,1113810,401,"GE","31.07.2025","5","F.AI.GE.5.3","G. Egloff","Confignon","GE1431","Confignon",NA,NA,"495446","113810",401,6,"31","07","vii","2025","Lasioglossum","glabriusculum",NA,NA,1,"G. Egloff","C. Praz",NA,NA,NA,"Lasioglossum glabriusculum","LC",NA,NA,NA,NA,NA
1432,"GE1432",3,"focal","Aire",2495446,1113810,401,"GE","31.07.2025","5","F.AI.GE.5.3","G. Egloff","Confignon","GE1432","Confignon",NA,NA,"495446","113810",401,6,"31","07","vii","2025","Lasioglossum","malachurum",NA,NA,1,"G. Egloff","C. Praz",NA,NA,NA,"Lasioglossum malachurum","LC",NA,NA,NA,NA,NA
1433,"GE1433",3,"focal","Aire",2495446,1113810,401,"GE","31.07.2025","5","F.AI.GE.5.3","G. Egloff","Confignon","GE1433","Confignon",NA,NA,"495446","113810",401,6,"31","07","vii","2025","Lasioglossum","malachurum",NA,NA,1,"G. Egloff","C. Praz",NA,NA,NA,"Lasioglossum malachurum","LC",NA,NA,NA,NA,NA
1434,"GE1434",3,"focal","Aire",2495446,1113810,401,"GE","31.07.2025","5","F.AI.GE.5.3","G. Egloff","Confignon","GE1434","Confignon",NA,NA,"495446","113810",401,6,"31","07","vii","2025","Halictus","subauratus",NA,NA,1,"G. Egloff","C. Praz",NA,NA,NA,"Halictus subauratus","LC",NA,NA,NA,NA,NA
1435,"GE1435",3,"focal","Aire",2495446,1113810,401,"GE","31.07.2025","5","F.AI.GE.5.3","G. Egloff","Confignon","GE1435","Confignon",NA,NA,"495446","113810",401,6,"31","07","vii","2025","Lasioglossum","zonulum",NA,NA,1,"G. Egloff","C. Praz",NA,NA,NA,"Lasioglossum zonulum","LC",NA,NA,NA,NA,NA
1436,"GE1436",3,"focal","Aire",2495446,1113810,401,"GE","31.07.2025","5","F.AI.GE.5.3","G. Egloff","Confignon","GE1436","Confignon",NA,NA,"495446","113810",401,6,"31","07","vii","2025","Halictus","simplex",NA,NA,1,"G. Egloff","C. Praz",NA,NA,NA,"Halictus simplex","LC",NA,NA,NA,NA,NA
1437,"GE1437",6,"focal","Aire",2495519,1113810,402,"GE","31.07.2025","5","F.AI.GE.5.6","G. Egloff","Confignon","GE1437","Confignon",NA,NA,"495519","113810",402,6,"31","07","vii","2025","Hylaeus","brevicornis",NA,NA,1,"G. Egloff","C. Praz",NA,NA,NA,"Hylaeus brevicornis","LC",NA,NA,NA,NA,NA
1438,"GE1438",6,"focal","Aire",2495519,1113810,402,"GE","31.07.2025","5","F.AI.GE.5.6","G. Egloff","Confignon","GE1438","Confignon",NA,NA,"495519","113810",402,6,"31","07","vii","2025","Lasioglossum","malachurum",NA,NA,1,"G. Egloff","C. Praz",NA,NA,NA,"Lasioglossum malachurum","LC",NA,NA,NA,NA,NA
1439,"GE1439",6,"focal","Aire",2495519,1113810,402,"GE","31.07.2025","5","F.AI.GE.5.6","G. Egloff","Confignon","GE1439","Confignon",NA,NA,"495519","113810",402,6,"31","07","vii","2025","Halictus","scabiosae",NA,NA,1,"G. Egloff","C. Praz",NA,NA,NA,"Halictus scabiosae","LC",NA,NA,NA,NA,NA
1440,"GE1440",6,"focal","Aire",2495519,1113810,402,"GE","31.07.2025","5","F.AI.GE.5.6","G. Egloff","Confignon","GE1440","Confignon",NA,NA,"495519","113810",402,6,"31","07","vii","2025","Halictus","scabiosae",NA,NA,1,"G. Egloff","C. Praz",NA,NA,NA,"Halictus scabiosae","LC",NA,NA,NA,NA,NA
1441,"GE1441",6,"focal","Aire",2495519,1113810,402,"GE","31.07.2025","5","F.AI.GE.5.6","G. Egloff","Confignon","GE1441","Confignon",NA,NA,"495519","113810",402,6,"31","07","vii","2025","Halictus","simplex aggr.",1,NA,NA,"G. Egloff","C. Praz",NA,NA,NA,"Halictus simplex aggr.","LC",NA,NA,NA,NA,NA
1442,"GE1442",6,"focal","Aire",2495519,1113810,402,"GE","31.07.2025","5","F.AI.GE.5.6","G. Egloff","Confignon","GE1442","Confignon",NA,NA,"495519","113810",402,6,"31","07","vii","2025","Halictus","scabiosae",1,NA,NA,"G. Egloff","C. Praz",NA,NA,NA,"Halictus scabiosae","LC",NA,NA,NA,NA,NA
1443,"GE1443",7,"focal","Aire",2495525,1113833,400,"GE","31.07.2025","5","F.AI.GE.5.7","G. Egloff","Confignon","GE1443","Confignon",NA,NA,"495525","113833",400,6,"31","07","vii","2025","Lasioglossum","politum",1,NA,NA,"G. Egloff","C. Praz",NA,NA,NA,"Lasioglossum politum","LC",NA,NA,NA,NA,NA
1444,"GE1444",7,"focal","Aire",2495525,1113833,400,"GE","31.07.2025","5","F.AI.GE.5.7","G. Egloff","Confignon","GE1444","Confignon",NA,NA,"495525","113833",400,6,"31","07","vii","2025","Lasioglossum","politum",1,NA,NA,"G. Egloff","C. Praz",NA,NA,NA,"Lasioglossum politum","LC",NA,NA,NA,NA,NA
1445,"GE1445",7,"focal","Aire",2495525,1113833,400,"GE","31.07.2025","5","F.AI.GE.5.7","G. Egloff","Confignon","GE1445","Confignon",NA,NA,"495525","113833",400,6,"31","07","vii","2025","Lasioglossum","politum",1,NA,NA,"G. Egloff","C. Praz",NA,NA,NA,"Lasioglossum politum","LC",NA,NA,NA,NA,NA
1446,"GE1446",7,"focal","Aire",2495525,1113833,400,"GE","31.07.2025","5","F.AI.GE.5.7","G. Egloff","Confignon","GE1446","Confignon",NA,NA,"495525","113833",400,6,"31","07","vii","2025","Lasioglossum","politum",1,NA,NA,"G. Egloff","C. Praz",NA,NA,NA,"Lasioglossum politum","LC",NA,NA,NA,NA,NA
1447,"GE1447",7,"focal","Aire",2495525,1113833,400,"GE","31.07.2025","5","F.AI.GE.5.7","G. Egloff","Confignon","GE1447","Confignon",NA,NA,"495525","113833",400,6,"31","07","vii","2025","Lasioglossum","politum",1,NA,NA,"G. Egloff","C. Praz",NA,NA,NA,"Lasioglossum politum","LC",NA,NA,NA,NA,NA
1448,"GE1448",7,"focal","Aire",2495525,1113833,400,"GE","31.07.2025","5","F.AI.GE.5.7","G. Egloff","Confignon","GE1448","Confignon",NA,NA,"495525","113833",400,6,"31","07","vii","2025","Lasioglossum","politum",1,NA,NA,"G. Egloff","C. Praz",NA,NA,NA,"Lasioglossum politum","LC",NA,NA,NA,NA,NA
1449,"GE1449",7,"focal","Aire",2495525,1113833,400,"GE","31.07.2025","5","F.AI.GE.5.7","G. Egloff","Confignon","GE1449","Confignon",NA,NA,"495525","113833",400,6,"31","07","vii","2025","Lasioglossum","politum",1,NA,NA,"G. Egloff","C. Praz",NA,NA,NA,"Lasioglossum politum","LC",NA,NA,NA,NA,NA
1450,"GE1450",7,"focal","Aire",2495525,1113833,400,"GE","31.07.2025","5","F.AI.GE.5.7","G. Egloff","Confignon","GE1450","Confignon",NA,NA,"495525","113833",400,6,"31","07","vii","2025","Lasioglossum","politum",1,NA,NA,"G. Egloff","C. Praz",NA,NA,NA,"Lasioglossum politum","LC",NA,NA,NA,NA,NA
1451,"GE1451",7,"focal","Aire",2495525,1113833,400,"GE","31.07.2025","5","F.AI.GE.5.7","G. Egloff","Confignon","GE1451","Confignon",NA,NA,"495525","113833",400,6,"31","07","vii","2025","Lasioglossum","politum",1,NA,NA,"G. Egloff","C. Praz",NA,NA,NA,"Lasioglossum politum","LC",NA,NA,NA,NA,NA
1452,"GE1452",7,"focal","Aire",2495525,1113833,400,"GE","31.07.2025","5","F.AI.GE.5.7","G. Egloff","Confignon","GE1452","Confignon",NA,NA,"495525","113833",400,6,"31","07","vii","2025","Lasioglossum","politum",1,NA,NA,"G. Egloff","C. Praz",NA,NA,NA,"Lasioglossum politum","LC",NA,NA,NA,NA,NA
1453,"GE1453",7,"focal","Aire",2495525,1113833,400,"GE","31.07.2025","5","F.AI.GE.5.7","G. Egloff","Confignon","GE1453","Confignon",NA,NA,"495525","113833",400,6,"31","07","vii","2025","Lasioglossum","politum",1,NA,NA,"G. Egloff","C. Praz",NA,NA,NA,"Lasioglossum politum","LC",NA,NA,NA,NA,NA
1454,"GE1454",7,"focal","Aire",2495525,1113833,400,"GE","31.07.2025","5","F.AI.GE.5.7","G. Egloff","Confignon","GE1454","Confignon",NA,NA,"495525","113833",400,6,"31","07","vii","2025","Lasioglossum","politum",1,NA,NA,"G. Egloff","C. Praz",NA,NA,NA,"Lasioglossum politum","LC",NA,NA,NA,NA,NA
1455,"GE1455",7,"focal","Aire",2495525,1113833,400,"GE","31.07.2025","5","F.AI.GE.5.7","G. Egloff","Confignon","GE1455","Confignon",NA,NA,"495525","113833",400,6,"31","07","vii","2025","Lasioglossum","politum",1,NA,NA,"G. Egloff","C. Praz",NA,NA,NA,"Lasioglossum politum","LC",NA,NA,NA,NA,NA
1456,"GE1456",7,"focal","Aire",2495525,1113833,400,"GE","31.07.2025","5","F.AI.GE.5.7","G. Egloff","Confignon","GE1456","Confignon",NA,NA,"495525","113833",400,6,"31","07","vii","2025","Lasioglossum","morio",1,NA,NA,"G. Egloff","C. Praz",NA,NA,NA,"Lasioglossum morio","LC",NA,NA,NA,NA,NA
1457,"GE1457",7,"focal","Aire",2495525,1113833,400,"GE","31.07.2025","5","F.AI.GE.5.7","G. Egloff","Confignon","GE1457","Confignon",NA,NA,"495525","113833",400,6,"31","07","vii","2025","Hylaeus","communis",NA,NA,1,"G. Egloff","C. Praz",NA,NA,NA,"Hylaeus communis","LC",NA,NA,NA,NA,NA
1458,"GE1458",7,"focal","Aire",2495525,1113833,400,"GE","31.07.2025","5","F.AI.GE.5.7","G. Egloff","Confignon","GE1458","Confignon",NA,NA,"495525","113833",400,6,"31","07","vii","2025","Lasioglossum","morio",1,NA,NA,"G. Egloff","C. Praz",NA,NA,NA,"Lasioglossum morio","LC",NA,NA,NA,NA,NA
1459,"GE1459",7,"focal","Aire",2495525,1113833,400,"GE","31.07.2025","5","F.AI.GE.5.7","G. Egloff","Confignon","GE1459","Confignon",NA,NA,"495525","113833",400,6,"31","07","vii","2025","Lasioglossum","morio",1,NA,NA,"G. Egloff","C. Praz",NA,NA,NA,"Lasioglossum morio","LC",NA,NA,NA,NA,NA
1460,"GE1460",7,"focal","Aire",2495525,1113833,400,"GE","31.07.2025","5","F.AI.GE.5.7","G. Egloff","Confignon","GE1460","Confignon",NA,NA,"495525","113833",400,6,"31","07","vii","2025","Lasioglossum","politum",NA,NA,1,"G. Egloff","C. Praz",NA,NA,NA,"Lasioglossum politum","LC",NA,NA,NA,NA,NA
1461,"GE1461",7,"focal","Aire",2495525,1113833,400,"GE","31.07.2025","5","F.AI.GE.5.7","G. Egloff","Confignon","GE1461","Confignon",NA,NA,"495525","113833",400,6,"31","07","vii","2025","Sphecodes","puncticeps",NA,NA,1,"G. Egloff","C. Praz",NA,NA,NA,"Sphecodes puncticeps","LC",NA,NA,NA,NA,NA
1462,"GE1462",7,"focal","Aire",2495525,1113833,400,"GE","31.07.2025","5","F.AI.GE.5.7","G. Egloff","Confignon","GE1462","Confignon",NA,NA,"495525","113833",400,6,"31","07","vii","2025","Hylaeus","incongruus",NA,NA,1,"G. Egloff","C. Praz",NA,NA,NA,"Hylaeus incongruus","LC",NA,NA,NA,NA,NA
1463,"GE1463",7,"focal","Aire",2495525,1113833,400,"GE","31.07.2025","5","F.AI.GE.5.7","G. Egloff","Confignon","GE1463","Confignon",NA,NA,"495525","113833",400,6,"31","07","vii","2025","Lasioglossum","interruptum",NA,NA,1,"G. Egloff","C. Praz",NA,NA,NA,"Lasioglossum interruptum","LC",NA,NA,NA,NA,NA
1464,"GE1464",7,"focal","Aire",2495525,1113833,400,"GE","31.07.2025","5","F.AI.GE.5.7","G. Egloff","Confignon","GE1464","Confignon",NA,NA,"495525","113833",400,6,"31","07","vii","2025","Hylaeus","communis",NA,NA,1,"G. Egloff","C. Praz",NA,NA,NA,"Hylaeus communis","LC",NA,NA,NA,NA,NA
1465,"GE1465",7,"focal","Aire",2495525,1113833,400,"GE","31.07.2025","5","F.AI.GE.5.7","G. Egloff","Confignon","GE1465","Confignon",NA,NA,"495525","113833",400,6,"31","07","vii","2025","Sphecodes","puncticeps",NA,NA,1,"G. Egloff","C. Praz",NA,NA,NA,"Sphecodes puncticeps","LC",NA,NA,NA,NA,NA
1466,"GE1466",7,"focal","Aire",2495525,1113833,400,"GE","31.07.2025","5","F.AI.GE.5.7","G. Egloff","Confignon","GE1466","Confignon",NA,NA,"495525","113833",400,6,"31","07","vii","2025","Lasioglossum","politum",1,NA,NA,"G. Egloff","C. Praz",NA,NA,NA,"Lasioglossum politum","LC",NA,NA,NA,NA,NA
1467,"GE1467",7,"focal","Aire",2495525,1113833,400,"GE","31.07.2025","5","F.AI.GE.5.7","G. Egloff","Confignon","GE1467","Confignon",NA,NA,"495525","113833",400,6,"31","07","vii","2025","Lasioglossum","morio",NA,NA,1,"G. Egloff","C. Praz",NA,NA,NA,"Lasioglossum morio","LC",NA,NA,NA,NA,NA
1468,"GE1468",7,"focal","Aire",2495525,1113833,400,"GE","31.07.2025","5","F.AI.GE.5.7","G. Egloff","Confignon","GE1468","Confignon",NA,NA,"495525","113833",400,6,"31","07","vii","2025","Lasioglossum","morio",1,NA,NA,"G. Egloff","C. Praz",NA,NA,NA,"Lasioglossum morio","LC",NA,NA,NA,NA,NA
1469,"GE1469",7,"focal","Aire",2495525,1113833,400,"GE","31.07.2025","5","F.AI.GE.5.7","G. Egloff","Confignon","GE1469","Confignon",NA,NA,"495525","113833",400,6,"31","07","vii","2025","Lasioglossum","malachurum",NA,NA,1,"G. Egloff","C. Praz",NA,NA,NA,"Lasioglossum malachurum","LC",NA,NA,NA,NA,NA
1470,"GE1470",7,"focal","Aire",2495525,1113833,400,"GE","31.07.2025","5","F.AI.GE.5.7","G. Egloff","Confignon","GE1470","Confignon",NA,NA,"495525","113833",400,6,"31","07","vii","2025","Lasioglossum","malachurum",NA,NA,1,"G. Egloff","C. Praz",NA,NA,NA,"Lasioglossum malachurum","LC",NA,NA,NA,NA,NA
1471,"GE1471",7,"focal","Aire",2495525,1113833,400,"GE","31.07.2025","5","F.AI.GE.5.7","G. Egloff","Confignon","GE1471","Confignon",NA,NA,"495525","113833",400,6,"31","07","vii","2025","Lasioglossum","malachurum",NA,NA,1,"G. Egloff","C. Praz",NA,NA,NA,"Lasioglossum malachurum","LC",NA,NA,NA,NA,NA
1472,"GE1472",7,"focal","Aire",2495525,1113833,400,"GE","31.07.2025","5","F.AI.GE.5.7","G. Egloff","Confignon","GE1472","Confignon",NA,NA,"495525","113833",400,6,"31","07","vii","2025","Halictus","simplex",NA,NA,1,"G. Egloff","C. Praz",NA,NA,NA,"Halictus simplex","LC",NA,NA,NA,NA,NA
1473,"GE1473",7,"focal","Aire",2495525,1113833,400,"GE","31.07.2025","5","F.AI.GE.5.7","G. Egloff","Confignon","GE1473","Confignon",NA,NA,"495525","113833",400,6,"31","07","vii","2025","Halictus","langobardicus",NA,NA,1,"G. Egloff","C. Praz",NA,NA,NA,"Halictus langobardicus","LC",NA,NA,NA,NA,NA
1474,"GE1474",7,"focal","Aire",2495525,1113833,400,"GE","31.07.2025","5","F.AI.GE.5.7","G. Egloff","Confignon","GE1474","Confignon",NA,NA,"495525","113833",400,6,"31","07","vii","2025","Halictus","simplex aggr.",1,NA,NA,"G. Egloff","C. Praz",NA,NA,NA,"Halictus simplex aggr.","LC",NA,NA,NA,NA,NA
1475,"GE1475",7,"focal","Aire",2495525,1113833,400,"GE","31.07.2025","5","F.AI.GE.5.7","G. Egloff","Confignon","GE1475","Confignon",NA,NA,"495525","113833",400,6,"31","07","vii","2025","Halictus","simplex aggr.",1,NA,NA,"G. Egloff","C. Praz",NA,NA,NA,"Halictus simplex aggr.","LC",NA,NA,NA,NA,NA
1476,"GE1476",7,"focal","Aire",2495525,1113833,400,"GE","31.07.2025","5","F.AI.GE.5.7","G. Egloff","Confignon","GE1476","Confignon",NA,NA,"495525","113833",400,6,"31","07","vii","2025","Anthidium","manicatum",1,NA,NA,"G. Egloff","C. Praz",NA,NA,NA,"Anthidium manicatum","LC",NA,NA,NA,NA,NA
1477,"GE1477",7,"focal","Aire",2495525,1113833,400,"GE","31.07.2025","5","F.AI.GE.5.7","G. Egloff","Confignon","GE1477","Confignon",NA,NA,"495525","113833",400,6,"31","07","vii","2025","Anthidium","manicatum",NA,NA,1,"G. Egloff","C. Praz",NA,NA,NA,"Anthidium manicatum","LC",NA,NA,NA,NA,NA
1478,"GE1478",7,"focal","Aire",2495525,1113833,400,"GE","31.07.2025","5","F.AI.GE.5.7","G. Egloff","Confignon","GE1478","Confignon",NA,NA,"495525","113833",400,6,"31","07","vii","2025","Melitta","nigricans",1,NA,NA,"G. Egloff","C. Praz","Used for teaching",NA,NA,"Melitta nigricans","NT",NA,NA,NA,NA,NA
1479,"GE1479",7,"focal","Aire",2495525,1113833,400,"GE","31.07.2025","5","F.AI.GE.5.7","G. Egloff","Confignon","GE1479","Confignon",NA,NA,"495525","113833",400,6,"31","07","vii","2025","Melitta","nigricans",1,NA,NA,"G. Egloff","C. Praz","Used for teaching",NA,NA,"Melitta nigricans","NT",NA,NA,NA,NA,NA
1480,"GE1480",4,"focal","Aire",2495459,1113802,402,"GE","31.07.2025","5","F.AI.GE.5.4","G. Egloff","Confignon","GE1480","Confignon",NA,NA,"495459","113802",402,6,"31","07","vii","2025","Lasioglossum","politum",1,NA,NA,"G. Egloff","C. Praz",NA,NA,NA,"Lasioglossum politum","LC",NA,NA,NA,NA,NA
1481,"GE1481",4,"focal","Aire",2495459,1113802,402,"GE","31.07.2025","5","F.AI.GE.5.4","G. Egloff","Confignon","GE1481","Confignon",NA,NA,"495459","113802",402,6,"31","07","vii","2025","Lasioglossum","politum",1,NA,NA,"G. Egloff","C. Praz",NA,NA,NA,"Lasioglossum politum","LC",NA,NA,NA,NA,NA
1482,"GE1482",4,"focal","Aire",2495459,1113802,402,"GE","31.07.2025","5","F.AI.GE.5.4","G. Egloff","Confignon","GE1482","Confignon",NA,NA,"495459","113802",402,6,"31","07","vii","2025","Hylaeus","brevicornis",1,NA,NA,"G. Egloff","C. Praz",NA,NA,NA,"Hylaeus brevicornis","LC",NA,NA,NA,NA,NA
1483,"GE1483",4,"focal","Aire",2495459,1113802,402,"GE","31.07.2025","5","F.AI.GE.5.4","G. Egloff","Confignon","GE1483","Confignon",NA,NA,"495459","113802",402,6,"31","07","vii","2025","Hylaeus","variegatus",NA,NA,1,"G. Egloff","C. Praz",NA,NA,NA,"Hylaeus variegatus","VU",NA,NA,NA,NA,NA
1484,"GE1484",4,"focal","Aire",2495459,1113802,402,"GE","31.07.2025","5","F.AI.GE.5.4","G. Egloff","Confignon","GE1484","Confignon",NA,NA,"495459","113802",402,6,"31","07","vii","2025","Lasioglossum","morio",NA,NA,1,"G. Egloff","C. Praz",NA,NA,NA,"Lasioglossum morio","LC",NA,NA,NA,NA,NA
1485,"GE1485",4,"focal","Aire",2495459,1113802,402,"GE","31.07.2025","5","F.AI.GE.5.4","G. Egloff","Confignon","GE1485","Confignon",NA,NA,"495459","113802",402,6,"31","07","vii","2025","Lasioglossum","villosulum",NA,NA,1,"G. Egloff","C. Praz",NA,NA,NA,"Lasioglossum villosulum","LC",NA,NA,NA,NA,NA
1486,"GE1486",4,"focal","Aire",2495459,1113802,402,"GE","31.07.2025","5","F.AI.GE.5.4","G. Egloff","Confignon","GE1486","Confignon",NA,NA,"495459","113802",402,6,"31","07","vii","2025","Hylaeus","incongruus",1,NA,NA,"G. Egloff","C. Praz",NA,NA,NA,"Hylaeus incongruus","LC",NA,NA,NA,NA,NA
1487,"GE1487",4,"focal","Aire",2495459,1113802,402,"GE","31.07.2025","5","F.AI.GE.5.4","G. Egloff","Confignon","GE1487","Confignon",NA,NA,"495459","113802",402,6,"31","07","vii","2025","Ceratina","cyanea",NA,NA,1,"G. Egloff","C. Praz",NA,NA,NA,"Ceratina cyanea","LC",NA,NA,NA,NA,NA
1488,"GE1488",4,"focal","Aire",2495459,1113802,402,"GE","31.07.2025","5","F.AI.GE.5.4","G. Egloff","Confignon","GE1488","Confignon",NA,NA,"495459","113802",402,6,"31","07","vii","2025","Halictus","subauratus",1,NA,NA,"G. Egloff","C. Praz",NA,NA,NA,"Halictus subauratus","LC",NA,NA,NA,NA,NA
1489,"GE1489",4,"focal","Aire",2495459,1113802,402,"GE","31.07.2025","5","F.AI.GE.5.4","G. Egloff","Confignon","GE1489","Confignon",NA,NA,"495459","113802",402,6,"31","07","vii","2025","Halictus","simplex aggr.",1,NA,NA,"G. Egloff","C. Praz",NA,NA,NA,"Halictus simplex aggr.","LC",NA,NA,NA,NA,NA
1490,"GE1490",4,"focal","Aire",2495459,1113802,402,"GE","31.07.2025","5","F.AI.GE.5.4","G. Egloff","Confignon","GE1490","Confignon",NA,NA,"495459","113802",402,6,"31","07","vii","2025","Lasioglossum","leucozonium",1,NA,NA,"G. Egloff","C. Praz",NA,NA,NA,"Lasioglossum leucozonium","LC",NA,NA,NA,NA,NA
1491,"GE1491",4,"focal","Aire",2495459,1113802,402,"GE","31.07.2025","5","F.AI.GE.5.4","G. Egloff","Confignon","GE1491","Confignon",NA,NA,"495459","113802",402,6,"31","07","vii","2025","Halictus","simplex aggr.",1,NA,NA,"G. Egloff","C. Praz",NA,NA,NA,"Halictus simplex aggr.","LC",NA,NA,NA,NA,NA
1492,"GE1492",4,"focal","Aire",2495459,1113802,402,"GE","31.07.2025","5","F.AI.GE.5.4","G. Egloff","Confignon","GE1492","Confignon",NA,NA,"495459","113802",402,6,"31","07","vii","2025","Halictus","simplex aggr.",1,NA,NA,"G. Egloff","C. Praz",NA,NA,NA,"Halictus simplex aggr.","LC",NA,NA,NA,NA,NA
1493,"GE1493",4,"focal","Aire",2495459,1113802,402,"GE","31.07.2025","5","F.AI.GE.5.4","G. Egloff","Confignon","GE1493","Confignon",NA,NA,"495459","113802",402,6,"31","07","vii","2025","Halictus","simplex aggr.",1,NA,NA,"G. Egloff","C. Praz",NA,NA,NA,"Halictus simplex aggr.","LC",NA,NA,NA,NA,NA
1494,"GE1494",4,"focal","Aire",2495459,1113802,402,"GE","31.07.2025","5","F.AI.GE.5.4","G. Egloff","Confignon","GE1494","Confignon",NA,NA,"495459","113802",402,6,"31","07","vii","2025","Halictus","simplex",NA,NA,1,"G. Egloff","C. Praz",NA,NA,NA,"Halictus simplex","LC",NA,NA,NA,NA,NA
1495,"GE1495",4,"focal","Aire",2495459,1113802,402,"GE","31.07.2025","5","F.AI.GE.5.4","G. Egloff","Confignon","GE1495","Confignon",NA,NA,"495459","113802",402,6,"31","07","vii","2025","Halictus","langobardicus",NA,NA,1,"G. Egloff","C. Praz",NA,NA,NA,"Halictus langobardicus","LC",NA,NA,NA,NA,NA
1496,"GE1496",4,"focal","Aire",2495459,1113802,402,"GE","31.07.2025","5","F.AI.GE.5.4","G. Egloff","Confignon","GE1496","Confignon",NA,NA,"495459","113802",402,6,"31","07","vii","2025","Melitta","nigricans",1,NA,NA,"G. Egloff","C. Praz","Used for teaching",NA,NA,"Melitta nigricans","NT",NA,NA,NA,NA,NA
1497,"GE1497",4,"focal","Aire",2495459,1113802,402,"GE","31.07.2025","5","F.AI.GE.5.4","G. Egloff","Confignon","GE1497","Confignon",NA,NA,"495459","113802",402,6,"31","07","vii","2025","Halictus","scabiosae",1,NA,NA,"G. Egloff","C. Praz",NA,NA,NA,"Halictus scabiosae","LC",NA,NA,NA,NA,NA
1498,"GE1498",4,"focal","Aire",2495459,1113802,402,"GE","31.07.2025","5","F.AI.GE.5.4","G. Egloff","Confignon","GE1498","Confignon",NA,NA,"495459","113802",402,6,"31","07","vii","2025","Halictus","scabiosae",1,NA,NA,"G. Egloff","C. Praz",NA,NA,NA,"Halictus scabiosae","LC",NA,NA,NA,NA,NA
1499,"GE1499",4,"focal","Aire",2495459,1113802,402,"GE","31.07.2025","5","F.AI.GE.5.4","G. Egloff","Confignon","GE1499","Confignon",NA,NA,"495459","113802",402,6,"31","07","vii","2025","Halictus","scabiosae",1,NA,NA,"G. Egloff","C. Praz",NA,NA,NA,"Halictus scabiosae","LC",NA,NA,NA,NA,NA
1500,"GE1500",4,"focal","Aire",2495459,1113802,402,"GE","31.07.2025","5","F.AI.GE.5.4","G. Egloff","Confignon","GE1500","Confignon",NA,NA,"495459","113802",402,6,"31","07","vii","2025","Halictus","scabiosae",NA,NA,1,"G. Egloff","C. Praz",NA,NA,NA,"Halictus scabiosae","LC",NA,NA,NA,NA,NA
1501,"GE1501",4,"focal","Aire",2495459,1113802,402,"GE","31.07.2025","5","F.AI.GE.5.4","G. Egloff","Confignon","GE1501","Confignon",NA,NA,"495459","113802",402,6,"31","07","vii","2025","Halictus","scabiosae",NA,NA,1,"G. Egloff","C. Praz",NA,NA,NA,"Halictus scabiosae","LC",NA,NA,NA,NA,NA
1502,"GE1502",8,"focal","Aire",2495526,1113823,400,"GE","31.07.2025","5","F.AI.GE.5.8","G. Egloff","Confignon","GE1502","Confignon",NA,NA,"495526","113823",400,6,"31","07","vii","2025","Lasioglossum","politum",1,NA,NA,"G. Egloff","C. Praz",NA,NA,NA,"Lasioglossum politum","LC",NA,NA,NA,NA,NA
1503,"GE1503",8,"focal","Aire",2495526,1113823,400,"GE","31.07.2025","5","F.AI.GE.5.8","G. Egloff","Confignon","GE1503","Confignon",NA,NA,"495526","113823",400,6,"31","07","vii","2025","Lasioglossum","glabriusculum",1,NA,NA,"G. Egloff","C. Praz",NA,NA,NA,"Lasioglossum glabriusculum","LC",NA,NA,NA,NA,NA
1504,"GE1504",8,"focal","Aire",2495526,1113823,400,"GE","31.07.2025","5","F.AI.GE.5.8","G. Egloff","Confignon","GE1504","Confignon",NA,NA,"495526","113823",400,6,"31","07","vii","2025","Lasioglossum","politum",1,NA,NA,"G. Egloff","C. Praz",NA,NA,NA,"Lasioglossum politum","LC",NA,NA,NA,NA,NA
1505,"GE1505",8,"focal","Aire",2495526,1113823,400,"GE","31.07.2025","5","F.AI.GE.5.8","G. Egloff","Confignon","GE1505","Confignon",NA,NA,"495526","113823",400,6,"31","07","vii","2025","Lasioglossum","politum",1,NA,NA,"G. Egloff","C. Praz",NA,NA,NA,"Lasioglossum politum","LC",NA,NA,NA,NA,NA
1506,"GE1506",8,"focal","Aire",2495526,1113823,400,"GE","31.07.2025","5","F.AI.GE.5.8","G. Egloff","Confignon","GE1506","Confignon",NA,NA,"495526","113823",400,6,"31","07","vii","2025","Lasioglossum","politum",1,NA,NA,"G. Egloff","C. Praz",NA,NA,NA,"Lasioglossum politum","LC",NA,NA,NA,NA,NA
1507,"GE1507",8,"focal","Aire",2495526,1113823,400,"GE","31.07.2025","5","F.AI.GE.5.8","G. Egloff","Confignon","GE1507","Confignon",NA,NA,"495526","113823",400,6,"31","07","vii","2025","Lasioglossum","politum",1,NA,NA,"G. Egloff","C. Praz",NA,NA,NA,"Lasioglossum politum","LC",NA,NA,NA,NA,NA
1508,"GE1508",8,"focal","Aire",2495526,1113823,400,"GE","31.07.2025","5","F.AI.GE.5.8","G. Egloff","Confignon","GE1508","Confignon",NA,NA,"495526","113823",400,6,"31","07","vii","2025","Lasioglossum","semilucens",1,NA,NA,"G. Egloff","C. Praz",NA,NA,NA,"Lasioglossum semilucens","LC",NA,NA,NA,NA,NA
1509,"GE1509",8,"focal","Aire",2495526,1113823,400,"GE","31.07.2025","5","F.AI.GE.5.8","G. Egloff","Confignon","GE1509","Confignon",NA,NA,"495526","113823",400,6,"31","07","vii","2025","Lasioglossum","morio",1,NA,NA,"G. Egloff","C. Praz",NA,NA,NA,"Lasioglossum morio","LC",NA,NA,NA,NA,NA
1510,"GE1510",8,"focal","Aire",2495526,1113823,400,"GE","31.07.2025","5","F.AI.GE.5.8","G. Egloff","Confignon","GE1510","Confignon",NA,NA,"495526","113823",400,6,"31","07","vii","2025","Lasioglossum","politum",1,NA,NA,"G. Egloff","C. Praz",NA,NA,NA,"Lasioglossum politum","LC",NA,NA,NA,NA,NA
1511,"GE1511",8,"focal","Aire",2495526,1113823,400,"GE","31.07.2025","5","F.AI.GE.5.8","G. Egloff","Confignon","GE1511","Confignon",NA,NA,"495526","113823",400,6,"31","07","vii","2025","Lasioglossum","morio",1,NA,NA,"G. Egloff","C. Praz",NA,NA,NA,"Lasioglossum morio","LC",NA,NA,NA,NA,NA
1512,"GE1512",8,"focal","Aire",2495526,1113823,400,"GE","31.07.2025","5","F.AI.GE.5.8","G. Egloff","Confignon","GE1512","Confignon",NA,NA,"495526","113823",400,6,"31","07","vii","2025","Lasioglossum","tricinctum",NA,NA,1,"G. Egloff","C. Praz",NA,NA,NA,"Lasioglossum tricinctum","LC",NA,NA,NA,NA,NA
1513,"GE1513",8,"focal","Aire",2495526,1113823,400,"GE","31.07.2025","5","F.AI.GE.5.8","G. Egloff","Confignon","GE1513","Confignon",NA,NA,"495526","113823",400,6,"31","07","vii","2025","Halictus","simplex aggr.",1,NA,NA,"G. Egloff","C. Praz",NA,NA,NA,"Halictus simplex aggr.","LC",NA,NA,NA,NA,NA
1514,"GE1514",8,"focal","Aire",2495526,1113823,400,"GE","31.07.2025","5","F.AI.GE.5.8","G. Egloff","Confignon","GE1514","Confignon",NA,NA,"495526","113823",400,6,"31","07","vii","2025","Halictus","simplex aggr.",1,NA,NA,"G. Egloff","C. Praz",NA,NA,NA,"Halictus simplex aggr.","LC",NA,NA,NA,NA,NA
1515,"GE1515",8,"focal","Aire",2495526,1113823,400,"GE","31.07.2025","5","F.AI.GE.5.8","G. Egloff","Confignon","GE1515","Confignon",NA,NA,"495526","113823",400,6,"31","07","vii","2025","Halictus","simplex aggr.",1,NA,NA,"G. Egloff","C. Praz",NA,NA,NA,"Halictus simplex aggr.","LC",NA,NA,NA,NA,NA
1516,"GE1516",8,"focal","Aire",2495526,1113823,400,"GE","31.07.2025","5","F.AI.GE.5.8","G. Egloff","Confignon","GE1516","Confignon",NA,NA,"495526","113823",400,6,"31","07","vii","2025","Megachile","centuncularis",NA,NA,1,"G. Egloff","C. Praz",NA,NA,NA,"Megachile centuncularis","LC",NA,NA,NA,NA,NA
1517,"GE1517",8,"focal","Aire",2495526,1113823,400,"GE","31.07.2025","5","F.AI.GE.5.8","G. Egloff","Confignon","GE1517","Confignon",NA,NA,"495526","113823",400,6,"31","07","vii","2025","Melitta","nigricans",1,NA,NA,"G. Egloff","C. Praz","Used for teaching",NA,NA,"Melitta nigricans","NT",NA,NA,NA,NA,NA
1518,"GE1518",8,"focal","Aire",2495526,1113823,400,"GE","31.07.2025","5","F.AI.GE.5.8","G. Egloff","Confignon","GE1518","Confignon",NA,NA,"495526","113823",400,6,"31","07","vii","2025","Melitta","nigricans",1,NA,NA,"G. Egloff","C. Praz","Used for teaching",NA,NA,"Melitta nigricans","NT",NA,NA,NA,NA,NA
1519,"GE1519",8,"focal","Aire",2495526,1113823,400,"GE","31.07.2025","5","F.AI.GE.5.8","G. Egloff","Confignon","GE1519","Confignon",NA,NA,"495526","113823",400,6,"31","07","vii","2025","Melitta","nigricans",1,NA,NA,"G. Egloff","C. Praz","Used for teaching",NA,NA,"Melitta nigricans","NT",NA,NA,NA,NA,NA
1520,"GE1520",8,"focal","Aire",2495526,1113823,400,"GE","31.07.2025","5","F.AI.GE.5.8","G. Egloff","Confignon","GE1520","Confignon",NA,NA,"495526","113823",400,6,"31","07","vii","2025","Melitta","nigricans",1,NA,NA,"G. Egloff","C. Praz","Used for teaching",NA,NA,"Melitta nigricans","NT",NA,NA,NA,NA,NA
1521,"GE1521",8,"focal","Aire",2495526,1113823,400,"GE","31.07.2025","5","F.AI.GE.5.8","G. Egloff","Confignon","GE1521","Confignon",NA,NA,"495526","113823",400,6,"31","07","vii","2025","Melitta","nigricans",1,NA,NA,"G. Egloff","C. Praz","Used for teaching",NA,NA,"Melitta nigricans","NT",NA,NA,NA,NA,NA
1522,"GE1522",8,"focal","Aire",2495526,1113823,400,"GE","31.07.2025","5","F.AI.GE.5.8","G. Egloff","Confignon","GE1522","Confignon",NA,NA,"495526","113823",400,6,"31","07","vii","2025","Melitta","nigricans",1,NA,NA,"G. Egloff","C. Praz","Used for teaching",NA,NA,"Melitta nigricans","NT",NA,NA,NA,NA,NA
1523,"GE1523",8,"focal","Aire",2495526,1113823,400,"GE","31.07.2025","5","F.AI.GE.5.8","G. Egloff","Confignon","GE1523","Confignon",NA,NA,"495526","113823",400,6,"31","07","vii","2025","Melitta","nigricans",1,NA,NA,"G. Egloff","C. Praz","Used for teaching",NA,NA,"Melitta nigricans","NT",NA,NA,NA,NA,NA
1524,"GE1524",8,"focal","Aire",2495526,1113823,400,"GE","31.07.2025","5","F.AI.GE.5.8","G. Egloff","Confignon","GE1524","Confignon",NA,NA,"495526","113823",400,6,"31","07","vii","2025","Melitta","nigricans",1,NA,NA,"G. Egloff","C. Praz","Used for teaching",NA,NA,"Melitta nigricans","NT",NA,NA,NA,NA,NA
1525,"GE1525",8,"focal","Aire",2495526,1113823,400,"GE","31.07.2025","5","F.AI.GE.5.8","G. Egloff","Confignon","GE1525","Confignon",NA,NA,"495526","113823",400,6,"31","07","vii","2025","Melitta","nigricans",NA,NA,1,"G. Egloff","C. Praz",NA,NA,NA,"Melitta nigricans","NT",NA,NA,NA,NA,NA
1526,"GE1526",8,"focal","Aire",2495526,1113823,400,"GE","31.07.2025","5","F.AI.GE.5.8","G. Egloff","Confignon","GE1526","Confignon",NA,NA,"495526","113823",400,6,"31","07","vii","2025","Melitta","nigricans",NA,NA,1,"G. Egloff","C. Praz",NA,NA,NA,"Melitta nigricans","NT",NA,NA,NA,NA,NA
1527,"GE1527",8,"focal","Aire",2495526,1113823,400,"GE","31.07.2025","5","F.AI.GE.5.8","G. Egloff","Confignon","GE1527","Confignon",NA,NA,"495526","113823",400,6,"31","07","vii","2025","Melitta","nigricans",NA,NA,1,"G. Egloff","C. Praz",NA,NA,NA,"Melitta nigricans","NT",NA,NA,NA,NA,NA
1528,"GE1528",8,"focal","Aire",2495526,1113823,400,"GE","31.07.2025","5","F.AI.GE.5.8","G. Egloff","Confignon","GE1528","Confignon",NA,NA,"495526","113823",400,6,"31","07","vii","2025","Melitta","nigricans",NA,NA,1,"G. Egloff","C. Praz",NA,NA,NA,"Melitta nigricans","NT",NA,NA,NA,NA,NA
1529,"GE1529",2,"focal","Aire",2495429,1113779,402,"GE","31.07.2025","5","F.AI.GE.5.2","G. Egloff","Confignon","GE1529","Confignon",NA,NA,"495429","113779",402,6,"31","07","vii","2025","Lasioglossum","politum",1,NA,NA,"G. Egloff","C. Praz",NA,NA,NA,"Lasioglossum politum","LC",NA,NA,NA,NA,NA
1530,"GE1530",2,"focal","Aire",2495429,1113779,402,"GE","31.07.2025","5","F.AI.GE.5.2","G. Egloff","Confignon","GE1530","Confignon",NA,NA,"495429","113779",402,6,"31","07","vii","2025","Lasioglossum","politum",1,NA,NA,"G. Egloff","C. Praz",NA,NA,NA,"Lasioglossum politum","LC",NA,NA,NA,NA,NA
1531,"GE1531",2,"focal","Aire",2495429,1113779,402,"GE","31.07.2025","5","F.AI.GE.5.2","G. Egloff","Confignon","GE1531","Confignon",NA,NA,"495429","113779",402,6,"31","07","vii","2025","Lasioglossum","morio",NA,NA,1,"G. Egloff","C. Praz",NA,NA,NA,"Lasioglossum morio","LC",NA,NA,NA,NA,NA
1532,"GE1532",2,"focal","Aire",2495429,1113779,402,"GE","31.07.2025","5","F.AI.GE.5.2","G. Egloff","Confignon","GE1532","Confignon",NA,NA,"495429","113779",402,6,"31","07","vii","2025","Hylaeus","clypearis",1,NA,NA,"G. Egloff","C. Praz",NA,NA,NA,"Hylaeus clypearis","LC",NA,NA,NA,NA,NA
1533,"GE1533",2,"focal","Aire",2495429,1113779,402,"GE","31.07.2025","5","F.AI.GE.5.2","G. Egloff","Confignon","GE1533","Confignon",NA,NA,"495429","113779",402,6,"31","07","vii","2025","Hylaeus","brevicornis",NA,NA,1,"G. Egloff","C. Praz",NA,NA,NA,"Hylaeus brevicornis","LC",NA,NA,NA,NA,NA
1534,"GE1534",2,"focal","Aire",2495429,1113779,402,"GE","31.07.2025","5","F.AI.GE.5.2","G. Egloff","Confignon","GE1534","Confignon",NA,NA,"495429","113779",402,6,"31","07","vii","2025","Lasioglossum","politum",NA,NA,1,"G. Egloff","C. Praz",NA,NA,NA,"Lasioglossum politum","LC",NA,NA,NA,NA,NA
1535,"GE1535",2,"focal","Aire",2495429,1113779,402,"GE","31.07.2025","5","F.AI.GE.5.2","G. Egloff","Confignon","GE1535","Confignon",NA,NA,"495429","113779",402,6,"31","07","vii","2025","Lasioglossum","politum",NA,NA,1,"G. Egloff","C. Praz",NA,NA,NA,"Lasioglossum politum","LC",NA,NA,NA,NA,NA
1536,"GE1536",2,"focal","Aire",2495429,1113779,402,"GE","31.07.2025","5","F.AI.GE.5.2","G. Egloff","Confignon","GE1536","Confignon",NA,NA,"495429","113779",402,6,"31","07","vii","2025","Hylaeus","communis",NA,NA,1,"G. Egloff","C. Praz",NA,NA,NA,"Hylaeus communis","LC",NA,NA,NA,NA,NA
1537,"GE1537",2,"focal","Aire",2495429,1113779,402,"GE","31.07.2025","5","F.AI.GE.5.2","G. Egloff","Confignon","GE1537","Confignon",NA,NA,"495429","113779",402,6,"31","07","vii","2025","Hylaeus","communis",NA,NA,1,"G. Egloff","C. Praz",NA,NA,NA,"Hylaeus communis","LC",NA,NA,NA,NA,NA
1538,"GE1538",2,"focal","Aire",2495429,1113779,402,"GE","31.07.2025","5","F.AI.GE.5.2","G. Egloff","Confignon","GE1538","Confignon",NA,NA,"495429","113779",402,6,"31","07","vii","2025","Ceratina","cyanea",1,NA,NA,"G. Egloff","C. Praz",NA,NA,NA,"Ceratina cyanea","LC",NA,NA,NA,NA,NA
1539,"GE1539",2,"focal","Aire",2495429,1113779,402,"GE","31.07.2025","5","F.AI.GE.5.2","G. Egloff","Confignon","GE1539","Confignon",NA,NA,"495429","113779",402,6,"31","07","vii","2025","Lasioglossum","malachurum",NA,NA,1,"G. Egloff","C. Praz",NA,NA,NA,"Lasioglossum malachurum","LC",NA,NA,NA,NA,NA
1540,"GE1540",2,"focal","Aire",2495429,1113779,402,"GE","31.07.2025","5","F.AI.GE.5.2","G. Egloff","Confignon","GE1540","Confignon",NA,NA,"495429","113779",402,6,"31","07","vii","2025","Lasioglossum","lineare",NA,NA,1,"G. Egloff","C. Praz",NA,NA,NA,"Lasioglossum lineare","NT",NA,NA,NA,NA,NA
1541,"GE1541",2,"focal","Aire",2495429,1113779,402,"GE","31.07.2025","5","F.AI.GE.5.2","G. Egloff","Confignon","GE1541","Confignon",NA,NA,"495429","113779",402,6,"31","07","vii","2025","Halictus","eurygnathus",NA,NA,1,"G. Egloff","C. Praz",NA,NA,NA,"Halictus eurygnathus","NT",NA,NA,NA,NA,NA
1542,"GE1542",2,"focal","Aire",2495429,1113779,402,"GE","31.07.2025","5","F.AI.GE.5.2","G. Egloff","Confignon","GE1542","Confignon",NA,NA,"495429","113779",402,6,"31","07","vii","2025","Lasioglossum","malachurum",NA,NA,1,"G. Egloff","C. Praz",NA,NA,NA,"Lasioglossum malachurum","LC",NA,NA,NA,NA,NA
1543,"GE1543",2,"focal","Aire",2495429,1113779,402,"GE","31.07.2025","5","F.AI.GE.5.2","G. Egloff","Confignon","GE1543","Confignon",NA,NA,"495429","113779",402,6,"31","07","vii","2025","Lasioglossum","malachurum",NA,NA,1,"G. Egloff","C. Praz",NA,NA,NA,"Lasioglossum malachurum","LC",NA,NA,NA,NA,NA
1544,"GE1544",2,"focal","Aire",2495429,1113779,402,"GE","31.07.2025","5","F.AI.GE.5.2","G. Egloff","Confignon","GE1544","Confignon",NA,NA,"495429","113779",402,6,"31","07","vii","2025","Halictus","langobardicus",NA,NA,1,"G. Egloff","C. Praz",NA,NA,NA,"Halictus langobardicus","LC",NA,NA,NA,NA,NA
1545,"GE1545",2,"focal","Aire",2495429,1113779,402,"GE","31.07.2025","5","F.AI.GE.5.2","G. Egloff","Confignon","GE1545","Confignon",NA,NA,"495429","113779",402,6,"31","07","vii","2025","Halictus","langobardicus",NA,NA,1,"G. Egloff","C. Praz",NA,NA,NA,"Halictus langobardicus","LC",NA,NA,NA,NA,NA
1546,"GE1546",2,"focal","Aire",2495429,1113779,402,"GE","31.07.2025","5","F.AI.GE.5.2","G. Egloff","Confignon","GE1546","Confignon",NA,NA,"495429","113779",402,6,"31","07","vii","2025","Melitta","nigricans",NA,NA,1,"G. Egloff","C. Praz",NA,NA,NA,"Melitta nigricans","NT",NA,NA,NA,NA,NA
1547,"GE1547",2,"focal","Aire",2495429,1113779,402,"GE","31.07.2025","5","F.AI.GE.5.2","G. Egloff","Confignon","GE1547","Confignon",NA,NA,"495429","113779",402,6,"31","07","vii","2025","Hylaeus","gredleri",NA,NA,1,"G. Egloff","C. Praz",NA,NA,NA,"Hylaeus gredleri","LC",NA,NA,NA,NA,NA
1548,"GE1548",2,"focal","Aire",2495429,1113779,402,"GE","31.07.2025","5","F.AI.GE.5.2","G. Egloff","Confignon","GE1548","Confignon",NA,NA,"495429","113779",402,6,"31","07","vii","2025","Lasioglossum","malachurum",NA,NA,1,"G. Egloff","C. Praz",NA,NA,NA,"Lasioglossum malachurum","LC",NA,NA,NA,NA,NA
1549,"GE1549",2,"focal","Aire",2495429,1113779,402,"GE","31.07.2025","5","F.AI.GE.5.2","G. Egloff","Confignon","GE1549","Confignon",NA,NA,"495429","113779",402,6,"31","07","vii","2025","Coelioxys","inermis",1,NA,NA,"G. Egloff","C. Praz",NA,NA,NA,"Coelioxys inermis","LC",NA,NA,NA,NA,NA
1550,"GE1550",2,"focal","Aire",2495429,1113779,402,"GE","31.07.2025","5","F.AI.GE.5.2","G. Egloff","Confignon","GE1550","Confignon",NA,NA,"495429","113779",402,6,"31","07","vii","2025","Halictus","simplex aggr.",1,NA,NA,"G. Egloff","C. Praz",NA,NA,NA,"Halictus simplex aggr.","LC",NA,NA,NA,NA,NA
1551,"GE1551",2,"focal","Aire",2495429,1113779,402,"GE","31.07.2025","5","F.AI.GE.5.2","G. Egloff","Confignon","GE1551","Confignon",NA,NA,"495429","113779",402,6,"31","07","vii","2025","Halictus","simplex aggr.",1,NA,NA,"G. Egloff","C. Praz",NA,NA,NA,"Halictus simplex aggr.","LC",NA,NA,NA,NA,NA
1552,"GE1552",2,"focal","Aire",2495429,1113779,402,"GE","31.07.2025","5","F.AI.GE.5.2","G. Egloff","Confignon","GE1552","Confignon",NA,NA,"495429","113779",402,6,"31","07","vii","2025","Melitta","nigricans",1,NA,NA,"G. Egloff","C. Praz","Used for teaching",NA,NA,"Melitta nigricans","NT",NA,NA,NA,NA,NA
1553,"GE1553",2,"focal","Aire",2495429,1113779,402,"GE","31.07.2025","5","F.AI.GE.5.2","G. Egloff","Confignon","GE1553","Confignon",NA,NA,"495429","113779",402,6,"31","07","vii","2025","Melitta","nigricans",NA,NA,1,"G. Egloff","C. Praz",NA,NA,NA,"Melitta nigricans","NT",NA,NA,NA,NA,NA
1554,"GE1554",2,"focal","Aire",2495429,1113779,402,"GE","31.07.2025","5","F.AI.GE.5.2","G. Egloff","Confignon","GE1554","Confignon",NA,NA,"495429","113779",402,6,"31","07","vii","2025","Halictus","simplex aggr.",1,NA,NA,"G. Egloff","C. Praz",NA,NA,NA,"Halictus simplex aggr.","LC",NA,NA,NA,NA,NA
1555,"GE1555",2,"focal","Aire",2495429,1113779,402,"GE","31.07.2025","5","F.AI.GE.5.2","G. Egloff","Confignon","GE1555","Confignon",NA,NA,"495429","113779",402,6,"31","07","vii","2025","Melitta","nigricans",1,NA,NA,"G. Egloff","C. Praz","Used for teaching",NA,NA,"Melitta nigricans","NT",NA,NA,NA,NA,NA
1556,"GE1556",2,"focal","Aire",2495429,1113779,402,"GE","31.07.2025","5","F.AI.GE.5.2","G. Egloff","Confignon","GE1556","Confignon",NA,NA,"495429","113779",402,6,"31","07","vii","2025","Melitta","nigricans",1,NA,NA,"G. Egloff","C. Praz","Used for teaching",NA,NA,"Melitta nigricans","NT",NA,NA,NA,NA,NA
1557,"GE1557",2,"focal","Aire",2495429,1113779,402,"GE","31.07.2025","5","F.AI.GE.5.2","G. Egloff","Confignon","GE1557","Confignon",NA,NA,"495429","113779",402,6,"31","07","vii","2025","Melitta","nigricans",NA,NA,1,"G. Egloff","C. Praz",NA,NA,NA,"Melitta nigricans","NT",NA,NA,NA,NA,NA
1558,"GE1558",2,"focal","Aire",2495429,1113779,402,"GE","31.07.2025","5","F.AI.GE.5.2","G. Egloff","Confignon","GE1558","Confignon",NA,NA,"495429","113779",402,6,"31","07","vii","2025","Bombus","pascuorum",NA,1,NA,"G. Egloff","C. Praz","Used for teaching",NA,NA,"Bombus pascuorum","LC",NA,NA,NA,NA,NA
1559,"GE1559",7,"control","Scheulte",2597681,1244512,445,"JU","07.08.2025","5","C.SC.JU.5.7","G. Egloff","Val Terbi","GE1559","Val Terbi",NA,NA,"597681","244512",445,6,"07","08","viii","2025","Lasioglossum","malachurum",NA,NA,1,"G. Egloff","C. Praz",NA,NA,NA,"Lasioglossum malachurum","LC",NA,NA,NA,NA,NA
1560,"GE1560",7,"control","Scheulte",2597681,1244512,445,"JU","07.08.2025","5","C.SC.JU.5.7","G. Egloff","Val Terbi","GE1560","Val Terbi",NA,NA,"597681","244512",445,6,"07","08","viii","2025","Hylaeus","communis",NA,NA,1,"G. Egloff","C. Praz",NA,NA,NA,"Hylaeus communis","LC",NA,NA,NA,NA,NA
1561,"GE1561",7,"control","Scheulte",2597681,1244512,445,"JU","07.08.2025","5","C.SC.JU.5.7","G. Egloff","Val Terbi","GE1561","Val Terbi",NA,NA,"597681","244512",445,6,"07","08","viii","2025","Lasioglossum","malachurum",NA,NA,1,"G. Egloff","C. Praz",NA,NA,NA,"Lasioglossum malachurum","LC",NA,NA,NA,NA,NA
1562,"GE1562",7,"control","Scheulte",2597681,1244512,445,"JU","07.08.2025","5","C.SC.JU.5.7","G. Egloff","Val Terbi","GE1562","Val Terbi",NA,NA,"597681","244512",445,6,"07","08","viii","2025","Hylaeus","communis",1,NA,NA,"G. Egloff","C. Praz",NA,NA,NA,"Hylaeus communis","LC",NA,NA,NA,NA,NA
1563,"GE1563",7,"control","Scheulte",2597681,1244512,445,"JU","07.08.2025","5","C.SC.JU.5.7","G. Egloff","Val Terbi","GE1563","Val Terbi",NA,NA,"597681","244512",445,6,"07","08","viii","2025","Lasioglossum","lativentre",NA,NA,1,"G. Egloff","C. Praz",NA,NA,NA,"Lasioglossum lativentre","LC",NA,NA,NA,NA,NA
1564,"GE1564",7,"control","Scheulte",2597681,1244512,445,"JU","07.08.2025","5","C.SC.JU.5.7","G. Egloff","Val Terbi","GE1564","Val Terbi",NA,NA,"597681","244512",445,6,"07","08","viii","2025","Lasioglossum","zonulum",NA,NA,1,"G. Egloff","C. Praz",NA,NA,NA,"Lasioglossum zonulum","LC",NA,NA,NA,NA,NA
1565,"GE1565",7,"control","Scheulte",2597681,1244512,445,"JU","07.08.2025","5","C.SC.JU.5.7","G. Egloff","Val Terbi","GE1565","Val Terbi",NA,NA,"597681","244512",445,6,"07","08","viii","2025","Bombus","pascuorum",NA,1,NA,"G. Egloff","C. Praz","Used for teaching",NA,NA,"Bombus pascuorum","LC",NA,NA,NA,NA,NA
1566,"GE1566",7,"control","Scheulte",2597681,1244512,445,"JU","07.08.2025","5","C.SC.JU.5.7","G. Egloff","Val Terbi","GE1566","Val Terbi",NA,NA,"597681","244512",445,6,"07","08","viii","2025","Bombus","pascuorum",NA,1,NA,"G. Egloff","C. Praz","Used for teaching",NA,NA,"Bombus pascuorum","LC",NA,NA,NA,NA,NA
1567,"GE1567",5,"control","Scheulte",2597647,1244583,445,"JU","07.08.2025","5","C.SC.JU.5.5","G. Egloff","Val Terbi","GE1567","Val Terbi",NA,NA,"597647","244583",445,6,"07","08","viii","2025","Bombus","pascuorum",NA,1,NA,"G. Egloff","C. Praz","Used for teaching",NA,NA,"Bombus pascuorum","LC",NA,NA,NA,NA,NA
1568,"GE1568",2,"control","Scheulte",2597601,1244609,444,"JU","07.08.2025","5","C.SC.JU.5.2","G. Egloff","Val Terbi","GE1568","Val Terbi",NA,NA,"597601","244609",444,6,"07","08","viii","2025","Lasioglossum","laticeps",NA,NA,1,"G. Egloff","C. Praz",NA,NA,NA,"Lasioglossum laticeps","LC",NA,NA,NA,NA,NA
1569,"GE1569",2,"control","Scheulte",2597601,1244609,444,"JU","07.08.2025","5","C.SC.JU.5.2","G. Egloff","Val Terbi","GE1569","Val Terbi",NA,NA,"597601","244609",444,6,"07","08","viii","2025","Lasioglossum","laticeps",NA,NA,1,"G. Egloff","C. Praz",NA,NA,NA,"Lasioglossum laticeps","LC",NA,NA,NA,NA,NA
1570,"GE1570",2,"control","Scheulte",2597601,1244609,444,"JU","07.08.2025","5","C.SC.JU.5.2","G. Egloff","Val Terbi","GE1570","Val Terbi",NA,NA,"597601","244609",444,6,"07","08","viii","2025","Lasioglossum","laticeps",NA,NA,1,"G. Egloff","C. Praz",NA,NA,NA,"Lasioglossum laticeps","LC",NA,NA,NA,NA,NA
1571,"GE1571",2,"control","Scheulte",2597601,1244609,444,"JU","07.08.2025","5","C.SC.JU.5.2","G. Egloff","Val Terbi","GE1571","Val Terbi",NA,NA,"597601","244609",444,6,"07","08","viii","2025","Lasioglossum","laticeps",NA,NA,1,"G. Egloff","C. Praz",NA,NA,NA,"Lasioglossum laticeps","LC",NA,NA,NA,NA,NA
1572,"GE1572",2,"control","Scheulte",2597601,1244609,444,"JU","07.08.2025","5","C.SC.JU.5.2","G. Egloff","Val Terbi","GE1572","Val Terbi",NA,NA,"597601","244609",444,6,"07","08","viii","2025","Lasioglossum","laticeps",NA,NA,1,"G. Egloff","C. Praz",NA,NA,NA,"Lasioglossum laticeps","LC",NA,NA,NA,NA,NA
1573,"GE1573",2,"control","Scheulte",2597601,1244609,444,"JU","07.08.2025","5","C.SC.JU.5.2","G. Egloff","Val Terbi","GE1573","Val Terbi",NA,NA,"597601","244609",444,6,"07","08","viii","2025","Lasioglossum","laticeps",NA,NA,1,"G. Egloff","C. Praz",NA,NA,NA,"Lasioglossum laticeps","LC",NA,NA,NA,NA,NA
1574,"GE1574",2,"control","Scheulte",2597601,1244609,444,"JU","07.08.2025","5","C.SC.JU.5.2","G. Egloff","Val Terbi","GE1574","Val Terbi",NA,NA,"597601","244609",444,6,"07","08","viii","2025","Lasioglossum","laticeps",NA,NA,1,"G. Egloff","C. Praz",NA,NA,NA,"Lasioglossum laticeps","LC",NA,NA,NA,NA,NA
1575,"GE1575",2,"control","Scheulte",2597601,1244609,444,"JU","07.08.2025","5","C.SC.JU.5.2","G. Egloff","Val Terbi","GE1575","Val Terbi",NA,NA,"597601","244609",444,6,"07","08","viii","2025","Lasioglossum","lativentre",NA,NA,1,"G. Egloff","C. Praz",NA,NA,NA,"Lasioglossum lativentre","LC",NA,NA,NA,NA,NA
1576,"GE1576",2,"control","Scheulte",2597601,1244609,444,"JU","07.08.2025","5","C.SC.JU.5.2","G. Egloff","Val Terbi","GE1576","Val Terbi",NA,NA,"597601","244609",444,6,"07","08","viii","2025","Lasioglossum","zonulum",1,NA,NA,"G. Egloff","C. Praz",NA,NA,NA,"Lasioglossum zonulum","LC",NA,NA,NA,NA,NA
1577,"GE1577",6,"control","Scheulte",2597674,1244564,445,"JU","07.08.2025","5","C.SC.JU.5.6","G. Egloff","Val Terbi","GE1577","Val Terbi",NA,NA,"597674","244564",445,6,"07","08","viii","2025","Bombus","humilis",NA,1,NA,"G. Egloff","C. Praz",NA,NA,NA,"Bombus humilis","LC",NA,NA,NA,NA,NA
1578,"GE1578",8,"control","Scheulte",2597681,1244557,445,"JU","07.08.2025","5","C.SC.JU.5.8","G. Egloff","Val Terbi","GE1578","Val Terbi",NA,NA,"597681","244557",445,6,"07","08","viii","2025","Hylaeus","communis",1,NA,NA,"G. Egloff","C. Praz",NA,NA,NA,"Hylaeus communis","LC",NA,NA,NA,NA,NA
1579,"GE1579",8,"control","Scheulte",2597681,1244557,445,"JU","07.08.2025","5","C.SC.JU.5.8","G. Egloff","Val Terbi","GE1579","Val Terbi",NA,NA,"597681","244557",445,6,"07","08","viii","2025","Lasioglossum","malachurum",NA,NA,1,"G. Egloff","C. Praz",NA,NA,NA,"Lasioglossum malachurum","LC",NA,NA,NA,NA,NA
1580,"GE1580",8,"control","Scheulte",2597681,1244557,445,"JU","07.08.2025","5","C.SC.JU.5.8","G. Egloff","Val Terbi","GE1580","Val Terbi",NA,NA,"597681","244557",445,6,"07","08","viii","2025","Lasioglossum","malachurum",NA,NA,1,"G. Egloff","C. Praz",NA,NA,NA,"Lasioglossum malachurum","LC",NA,NA,NA,NA,NA
1581,"GE1581",8,"control","Scheulte",2597681,1244557,445,"JU","07.08.2025","5","C.SC.JU.5.8","G. Egloff","Val Terbi","GE1581","Val Terbi",NA,NA,"597681","244557",445,6,"07","08","viii","2025","Lasioglossum","laticeps",NA,NA,1,"G. Egloff","C. Praz",NA,NA,NA,"Lasioglossum laticeps","LC",NA,NA,NA,NA,NA
1582,"GE1582",8,"control","Scheulte",2597681,1244557,445,"JU","07.08.2025","5","C.SC.JU.5.8","G. Egloff","Val Terbi","GE1582","Val Terbi",NA,NA,"597681","244557",445,6,"07","08","viii","2025","Lasioglossum","malachurum",NA,NA,1,"G. Egloff","C. Praz",NA,NA,NA,"Lasioglossum malachurum","LC",NA,NA,NA,NA,NA
1583,"GE1583",8,"control","Scheulte",2597681,1244557,445,"JU","07.08.2025","5","C.SC.JU.5.8","G. Egloff","Val Terbi","GE1583","Val Terbi",NA,NA,"597681","244557",445,6,"07","08","viii","2025","Lasioglossum","malachurum",NA,NA,1,"G. Egloff","C. Praz",NA,NA,NA,"Lasioglossum malachurum","LC",NA,NA,NA,NA,NA
1584,"GE1584",8,"control","Scheulte",2597681,1244557,445,"JU","07.08.2025","5","C.SC.JU.5.8","G. Egloff","Val Terbi","GE1584","Val Terbi",NA,NA,"597681","244557",445,6,"07","08","viii","2025","Lasioglossum","malachurum",NA,NA,1,"G. Egloff","C. Praz",NA,NA,NA,"Lasioglossum malachurum","LC",NA,NA,NA,NA,NA
1585,"GE1585",8,"control","Scheulte",2597681,1244557,445,"JU","07.08.2025","5","C.SC.JU.5.8","G. Egloff","Val Terbi","GE1585","Val Terbi",NA,NA,"597681","244557",445,6,"07","08","viii","2025","Lasioglossum","malachurum",NA,NA,1,"G. Egloff","C. Praz",NA,NA,NA,"Lasioglossum malachurum","LC",NA,NA,NA,NA,NA
1586,"GE1586",8,"control","Scheulte",2597681,1244557,445,"JU","07.08.2025","5","C.SC.JU.5.8","G. Egloff","Val Terbi","GE1586","Val Terbi",NA,NA,"597681","244557",445,6,"07","08","viii","2025","Lasioglossum","leucozonium",NA,NA,1,"G. Egloff","C. Praz",NA,NA,NA,"Lasioglossum leucozonium","LC",NA,NA,NA,NA,NA
1587,"GE1587",8,"control","Scheulte",2597681,1244557,445,"JU","07.08.2025","5","C.SC.JU.5.8","G. Egloff","Val Terbi","GE1587","Val Terbi",NA,NA,"597681","244557",445,6,"07","08","viii","2025","Lasioglossum","malachurum",NA,NA,1,"G. Egloff","C. Praz",NA,NA,NA,"Lasioglossum malachurum","LC",NA,NA,NA,NA,NA
1588,"GE1588",8,"control","Scheulte",2597681,1244557,445,"JU","07.08.2025","5","C.SC.JU.5.8","G. Egloff","Val Terbi","GE1588","Val Terbi",NA,NA,"597681","244557",445,6,"07","08","viii","2025","Lasioglossum","malachurum",NA,NA,1,"G. Egloff","C. Praz",NA,NA,NA,"Lasioglossum malachurum","LC",NA,NA,NA,NA,NA
1589,"GE1589",8,"control","Scheulte",2597681,1244557,445,"JU","07.08.2025","5","C.SC.JU.5.8","G. Egloff","Val Terbi","GE1589","Val Terbi",NA,NA,"597681","244557",445,6,"07","08","viii","2025","Lasioglossum","malachurum",NA,NA,1,"G. Egloff","C. Praz",NA,NA,NA,"Lasioglossum malachurum","LC",NA,NA,NA,NA,NA
1590,"GE1590",8,"control","Scheulte",2597681,1244557,445,"JU","07.08.2025","5","C.SC.JU.5.8","G. Egloff","Val Terbi","GE1590","Val Terbi",NA,NA,"597681","244557",445,6,"07","08","viii","2025","Halictus","tumulorum",NA,NA,1,"G. Egloff","C. Praz",NA,NA,NA,"Halictus tumulorum","LC",NA,NA,NA,NA,NA
1591,"GE1591",8,"control","Scheulte",2597681,1244557,445,"JU","07.08.2025","5","C.SC.JU.5.8","G. Egloff","Val Terbi","GE1591","Val Terbi",NA,NA,"597681","244557",445,6,"07","08","viii","2025","Lasioglossum","zonulum",NA,NA,1,"G. Egloff","C. Praz",NA,NA,NA,"Lasioglossum zonulum","LC",NA,NA,NA,NA,NA
1592,"GE1592",8,"control","Scheulte",2597681,1244557,445,"JU","07.08.2025","5","C.SC.JU.5.8","G. Egloff","Val Terbi","GE1592","Val Terbi",NA,NA,"597681","244557",445,6,"07","08","viii","2025","Lasioglossum","malachurum",1,NA,NA,"G. Egloff","C. Praz",NA,NA,NA,"Lasioglossum malachurum","LC",NA,NA,NA,NA,NA
1593,"GE1593",8,"control","Scheulte",2597681,1244557,445,"JU","07.08.2025","5","C.SC.JU.5.8","G. Egloff","Val Terbi","GE1593","Val Terbi",NA,NA,"597681","244557",445,6,"07","08","viii","2025","Lasioglossum","zonulum",NA,NA,1,"G. Egloff","C. Praz",NA,NA,NA,"Lasioglossum zonulum","LC",NA,NA,NA,NA,NA
1594,"GE1594",8,"control","Scheulte",2597681,1244557,445,"JU","07.08.2025","5","C.SC.JU.5.8","G. Egloff","Val Terbi","GE1594","Val Terbi",NA,NA,"597681","244557",445,6,"07","08","viii","2025","Halictus","simplex aggr.",1,NA,NA,"G. Egloff","C. Praz",NA,NA,NA,"Halictus simplex aggr.","LC",NA,NA,NA,NA,NA
1595,"GE1595",8,"control","Scheulte",2597681,1244557,445,"JU","07.08.2025","5","C.SC.JU.5.8","G. Egloff","Val Terbi","GE1595","Val Terbi",NA,NA,"597681","244557",445,6,"07","08","viii","2025","Anthophora","furcata",NA,NA,1,"G. Egloff","C. Praz",NA,NA,NA,"Anthophora furcata","LC",NA,NA,NA,NA,NA
1596,"GE1596",3,"control","Scheulte",2597625,1244588,444,"JU","07.08.2025","5","C.SC.JU.5.3","G. Egloff","Val Terbi","GE1596","Val Terbi",NA,NA,"597625","244588",444,6,"07","08","viii","2025","Lasioglossum","morio",1,NA,NA,"G. Egloff","C. Praz",NA,NA,NA,"Lasioglossum morio","LC",NA,NA,NA,NA,NA
1597,"GE1597",3,"control","Scheulte",2597625,1244588,444,"JU","07.08.2025","5","C.SC.JU.5.3","G. Egloff","Val Terbi","GE1597","Val Terbi",NA,NA,"597625","244588",444,6,"07","08","viii","2025","Lasioglossum","malachurum",NA,NA,1,"G. Egloff","C. Praz",NA,NA,NA,"Lasioglossum malachurum","LC",NA,NA,NA,NA,NA
1598,"GE1598",4,"control","Scheulte",2597636,1244585,444,"JU","07.08.2025","5","C.SC.JU.5.4","G. Egloff","Val Terbi","GE1598","Val Terbi",NA,NA,"597636","244585",444,6,"07","08","viii","2025","Bombus","pascuorum",NA,1,NA,"G. Egloff","C. Praz","Used for teaching",NA,NA,"Bombus pascuorum","LC",NA,NA,NA,NA,NA
1599,"GE1599",2,"control","Scheulte",2597601,1244609,444,"JU","07.08.2025","5","C.SC.JU.5.2","G. Egloff","Val Terbi","GE1599","Val Terbi",NA,NA,"597601","244609",444,6,"07","08","viii","2025","Bombus","pascuorum",NA,NA,1,"G. Egloff","C. Praz",NA,NA,NA,"Bombus pascuorum","LC",NA,NA,NA,NA,NA
1600,"GE1600",8,"control","Scheulte",2597681,1244557,445,"JU","07.08.2025","5","C.SC.JU.5.8","G. Egloff","Val Terbi","GE1600","Val Terbi",NA,NA,"597681","244557",445,6,"07","08","viii","2025","Bombus","pascuorum",NA,1,NA,"G. Egloff","C. Praz","Used for teaching",NA,NA,"Bombus pascuorum","LC",NA,NA,NA,NA,NA
1601,"GE1601",4,"focal","Scheulte",2595385,1246005,416,"JU","08.08.2025","5","F.SC.JU.5.4","G. Egloff","Courroux","GE1601","Courroux",NA,NA,"595385","246005",416,6,"08","08","viii","2025","Lasioglossum","glabriusculum",NA,NA,1,"G. Egloff","C. Praz",NA,NA,NA,"Lasioglossum glabriusculum","LC",NA,NA,NA,NA,NA
1602,"GE1602",4,"focal","Scheulte",2595385,1246005,416,"JU","08.08.2025","5","F.SC.JU.5.4","G. Egloff","Courroux","GE1602","Courroux",NA,NA,"595385","246005",416,6,"08","08","viii","2025","Lasioglossum","pauxillum",NA,NA,1,"G. Egloff","C. Praz",NA,NA,NA,"Lasioglossum pauxillum","LC",NA,NA,NA,NA,NA
1603,"GE1603",4,"focal","Scheulte",2595385,1246005,416,"JU","08.08.2025","5","F.SC.JU.5.4","G. Egloff","Courroux","GE1603","Courroux",NA,NA,"595385","246005",416,6,"08","08","viii","2025","Lasioglossum","pauxillum",1,NA,NA,"G. Egloff","C. Praz",NA,NA,NA,"Lasioglossum pauxillum","LC",NA,NA,NA,NA,NA
1604,"GE1604",4,"focal","Scheulte",2595385,1246005,416,"JU","08.08.2025","5","F.SC.JU.5.4","G. Egloff","Courroux","GE1604","Courroux",NA,NA,"595385","246005",416,6,"08","08","viii","2025","Halictus","tumulorum",1,NA,NA,"G. Egloff","C. Praz",NA,NA,NA,"Halictus tumulorum","LC",NA,NA,NA,NA,NA
1605,"GE1605",4,"focal","Scheulte",2595385,1246005,416,"JU","08.08.2025","5","F.SC.JU.5.4","G. Egloff","Courroux","GE1605","Courroux",NA,NA,"595385","246005",416,6,"08","08","viii","2025","Lasioglossum","pauxillum",NA,NA,1,"G. Egloff","C. Praz",NA,NA,NA,"Lasioglossum pauxillum","LC",NA,NA,NA,NA,NA
1606,"GE1606",4,"focal","Scheulte",2595385,1246005,416,"JU","08.08.2025","5","F.SC.JU.5.4","G. Egloff","Courroux","GE1606","Courroux",NA,NA,"595385","246005",416,6,"08","08","viii","2025","Halictus","tumulorum",1,NA,NA,"G. Egloff","C. Praz",NA,NA,NA,"Halictus tumulorum","LC",NA,NA,NA,NA,NA
1607,"GE1607",4,"focal","Scheulte",2595385,1246005,416,"JU","08.08.2025","5","F.SC.JU.5.4","G. Egloff","Courroux","GE1607","Courroux",NA,NA,"595385","246005",416,6,"08","08","viii","2025","Halictus","tumulorum",NA,NA,1,"G. Egloff","C. Praz",NA,NA,NA,"Halictus tumulorum","LC",NA,NA,NA,NA,NA
1608,"GE1608",4,"focal","Scheulte",2595385,1246005,416,"JU","08.08.2025","5","F.SC.JU.5.4","G. Egloff","Courroux","GE1608","Courroux",NA,NA,"595385","246005",416,6,"08","08","viii","2025","Lasioglossum","pauxillum",NA,NA,1,"G. Egloff","C. Praz",NA,NA,NA,"Lasioglossum pauxillum","LC",NA,NA,NA,NA,NA
1609,"GE1609",4,"focal","Scheulte",2595385,1246005,416,"JU","08.08.2025","5","F.SC.JU.5.4","G. Egloff","Courroux","GE1609","Courroux",NA,NA,"595385","246005",416,6,"08","08","viii","2025","Sphecodes","reticulatus",1,NA,NA,"G. Egloff","C. Praz",NA,NA,NA,"Sphecodes reticulatus","NT",NA,NA,NA,NA,NA
1610,"GE1610",4,"focal","Scheulte",2595385,1246005,416,"JU","08.08.2025","5","F.SC.JU.5.4","G. Egloff","Courroux","GE1610","Courroux",NA,NA,"595385","246005",416,6,"08","08","viii","2025","Megachile","argentata",1,NA,NA,"G. Egloff","C. Praz",NA,NA,NA,"Megachile argentata","LC",NA,NA,NA,NA,NA
1611,"GE1611",4,"focal","Scheulte",2595385,1246005,416,"JU","08.08.2025","5","F.SC.JU.5.4","G. Egloff","Courroux","GE1611","Courroux",NA,NA,"595385","246005",416,6,"08","08","viii","2025","Halictus","scabiosae",NA,NA,1,"G. Egloff","C. Praz",NA,NA,NA,"Halictus scabiosae","LC",NA,NA,NA,NA,NA
1612,"GE1612",4,"focal","Scheulte",2595385,1246005,416,"JU","08.08.2025","5","F.SC.JU.5.4","G. Egloff","Courroux","GE1612","Courroux",NA,NA,"595385","246005",416,6,"08","08","viii","2025","Halictus","scabiosae",NA,NA,1,"G. Egloff","C. Praz",NA,NA,NA,"Halictus scabiosae","LC",NA,NA,NA,NA,NA
1613,"GE1613",7,"focal","Scheulte",2595436,1245984,416,"JU","08.08.2025","5","F.SC.JU.5.7","G. Egloff","Courroux","GE1613","Courroux",NA,NA,"595436","245984",416,6,"08","08","viii","2025","Sphecodes","niger",NA,NA,1,"G. Egloff","C. Praz",NA,NA,NA,"Sphecodes niger","LC",NA,NA,NA,NA,NA
1614,"GE1614",7,"focal","Scheulte",2595436,1245984,416,"JU","08.08.2025","5","F.SC.JU.5.7","G. Egloff","Courroux","GE1614","Courroux",NA,NA,"595436","245984",416,6,"08","08","viii","2025","Sphecodes","niger",1,NA,NA,"G. Egloff","C. Praz",NA,NA,NA,"Sphecodes niger","LC",NA,NA,NA,NA,NA
1615,"GE1615",7,"focal","Scheulte",2595436,1245984,416,"JU","08.08.2025","5","F.SC.JU.5.7","G. Egloff","Courroux","GE1615","Courroux",NA,NA,"595436","245984",416,6,"08","08","viii","2025","Lasioglossum","villosulum",NA,NA,1,"G. Egloff","C. Praz",NA,NA,NA,"Lasioglossum villosulum","LC",NA,NA,NA,NA,NA
1616,"GE1616",7,"focal","Scheulte",2595436,1245984,416,"JU","08.08.2025","5","F.SC.JU.5.7","G. Egloff","Courroux","GE1616","Courroux",NA,NA,"595436","245984",416,6,"08","08","viii","2025","Lasioglossum","puncticolle",NA,NA,1,"G. Egloff","C. Praz",NA,NA,NA,"Lasioglossum puncticolle","NT",NA,NA,NA,NA,NA
1617,"GE1617",3,"focal","Scheulte",2595356,1245996,416,"JU","08.08.2025","5","F.SC.JU.5.3","G. Egloff","Courroux","GE1617","Courroux",NA,NA,"595356","245996",416,6,"08","08","viii","2025","Lasioglossum","politum",1,NA,NA,"G. Egloff","C. Praz",NA,NA,NA,"Lasioglossum politum","LC",NA,NA,NA,NA,NA
1618,"GE1618",3,"focal","Scheulte",2595356,1245996,416,"JU","08.08.2025","5","F.SC.JU.5.3","G. Egloff","Courroux","GE1618","Courroux",NA,NA,"595356","245996",416,6,"08","08","viii","2025","Hylaeus","brevicornis",NA,NA,1,"G. Egloff","C. Praz",NA,NA,NA,"Hylaeus brevicornis","LC",NA,NA,NA,NA,NA
1619,"GE1619",3,"focal","Scheulte",2595356,1245996,416,"JU","08.08.2025","5","F.SC.JU.5.3","G. Egloff","Courroux","GE1619","Courroux",NA,NA,"595356","245996",416,6,"08","08","viii","2025","Lasioglossum","glabriusculum",NA,NA,1,"G. Egloff","C. Praz",NA,NA,NA,"Lasioglossum glabriusculum","LC",NA,NA,NA,NA,NA
1620,"GE1620",3,"focal","Scheulte",2595356,1245996,416,"JU","08.08.2025","5","F.SC.JU.5.3","G. Egloff","Courroux","GE1620","Courroux",NA,NA,"595356","245996",416,6,"08","08","viii","2025","Hylaeus","cornutus",NA,NA,1,"G. Egloff","C. Praz",NA,NA,NA,"Hylaeus cornutus","LC",NA,NA,NA,NA,NA
1621,"GE1621",3,"focal","Scheulte",2595356,1245996,416,"JU","08.08.2025","5","F.SC.JU.5.3","G. Egloff","Courroux","GE1621","Courroux",NA,NA,"595356","245996",416,6,"08","08","viii","2025","Lasioglossum","malachurum",1,NA,NA,"G. Egloff","C. Praz",NA,NA,NA,"Lasioglossum malachurum","LC",NA,NA,NA,NA,NA
1622,"GE1622",3,"focal","Scheulte",2595356,1245996,416,"JU","08.08.2025","5","F.SC.JU.5.3","G. Egloff","Courroux","GE1622","Courroux",NA,NA,"595356","245996",416,6,"08","08","viii","2025","Lasioglossum","malachurum",1,NA,NA,"G. Egloff","C. Praz",NA,NA,NA,"Lasioglossum malachurum","LC",NA,NA,NA,NA,NA
1623,"GE1623",3,"focal","Scheulte",2595356,1245996,416,"JU","08.08.2025","5","F.SC.JU.5.3","G. Egloff","Courroux","GE1623","Courroux",NA,NA,"595356","245996",416,6,"08","08","viii","2025","Halictus","tumulorum",1,NA,NA,"G. Egloff","C. Praz",NA,NA,NA,"Halictus tumulorum","LC",NA,NA,NA,NA,NA
1624,"GE1624",3,"focal","Scheulte",2595356,1245996,416,"JU","08.08.2025","5","F.SC.JU.5.3","G. Egloff","Courroux","GE1624","Courroux",NA,NA,"595356","245996",416,6,"08","08","viii","2025","Lasioglossum","malachurum",1,NA,NA,"G. Egloff","C. Praz",NA,NA,NA,"Lasioglossum malachurum","LC",NA,NA,NA,NA,NA
1625,"GE1625",3,"focal","Scheulte",2595356,1245996,416,"JU","08.08.2025","5","F.SC.JU.5.3","G. Egloff","Courroux","GE1625","Courroux",NA,NA,"595356","245996",416,6,"08","08","viii","2025","Lasioglossum","malachurum",1,NA,NA,"G. Egloff","C. Praz",NA,NA,NA,"Lasioglossum malachurum","LC",NA,NA,NA,NA,NA
1626,"GE1626",3,"focal","Scheulte",2595356,1245996,416,"JU","08.08.2025","5","F.SC.JU.5.3","G. Egloff","Courroux","GE1626","Courroux",NA,NA,"595356","245996",416,6,"08","08","viii","2025","Halictus","tumulorum",1,NA,NA,"G. Egloff","C. Praz",NA,NA,NA,"Halictus tumulorum","LC",NA,NA,NA,NA,NA
1627,"GE1627",3,"focal","Scheulte",2595356,1245996,416,"JU","08.08.2025","5","F.SC.JU.5.3","G. Egloff","Courroux","GE1627","Courroux",NA,NA,"595356","245996",416,6,"08","08","viii","2025","Lasioglossum","malachurum",1,NA,NA,"G. Egloff","C. Praz",NA,NA,NA,"Lasioglossum malachurum","LC",NA,NA,NA,NA,NA
1628,"GE1628",3,"focal","Scheulte",2595356,1245996,416,"JU","08.08.2025","5","F.SC.JU.5.3","G. Egloff","Courroux","GE1628","Courroux",NA,NA,"595356","245996",416,6,"08","08","viii","2025","Lasioglossum","malachurum",1,NA,NA,"G. Egloff","C. Praz",NA,NA,NA,"Lasioglossum malachurum","LC",NA,NA,NA,NA,NA
1629,"GE1629",3,"focal","Scheulte",2595356,1245996,416,"JU","08.08.2025","5","F.SC.JU.5.3","G. Egloff","Courroux","GE1629","Courroux",NA,NA,"595356","245996",416,6,"08","08","viii","2025","Lasioglossum","malachurum",1,NA,NA,"G. Egloff","C. Praz",NA,NA,NA,"Lasioglossum malachurum","LC",NA,NA,NA,NA,NA
1630,"GE1630",3,"focal","Scheulte",2595356,1245996,416,"JU","08.08.2025","5","F.SC.JU.5.3","G. Egloff","Courroux","GE1630","Courroux",NA,NA,"595356","245996",416,6,"08","08","viii","2025","Lasioglossum","malachurum",1,NA,NA,"G. Egloff","C. Praz",NA,NA,NA,"Lasioglossum malachurum","LC",NA,NA,NA,NA,NA
1631,"GE1631",3,"focal","Scheulte",2595356,1245996,416,"JU","08.08.2025","5","F.SC.JU.5.3","G. Egloff","Courroux","GE1631","Courroux",NA,NA,"595356","245996",416,6,"08","08","viii","2025","Halictus","simplex aggr.",1,NA,NA,"G. Egloff","C. Praz",NA,NA,NA,"Halictus simplex aggr.","LC",NA,NA,NA,NA,NA
1632,"GE1632",6,"focal","Scheulte",2595423,1245999,417,"JU","08.08.2025","5","F.SC.JU.5.6","G. Egloff","Courroux","GE1632","Courroux",NA,NA,"595423","245999",417,6,"08","08","viii","2025","Lasioglossum","glabriusculum",NA,NA,1,"G. Egloff","C. Praz",NA,NA,NA,"Lasioglossum glabriusculum","LC",NA,NA,NA,NA,NA
1633,"GE1633",6,"focal","Scheulte",2595423,1245999,417,"JU","08.08.2025","5","F.SC.JU.5.6","G. Egloff","Courroux","GE1633","Courroux",NA,NA,"595423","245999",417,6,"08","08","viii","2025","Lasioglossum","morio",NA,NA,1,"G. Egloff","C. Praz",NA,NA,NA,"Lasioglossum morio","LC",NA,NA,NA,NA,NA
1634,"GE1634",6,"focal","Scheulte",2595423,1245999,417,"JU","08.08.2025","5","F.SC.JU.5.6","G. Egloff","Courroux","GE1634","Courroux",NA,NA,"595423","245999",417,6,"08","08","viii","2025","Halictus","tumulorum",NA,NA,1,"G. Egloff","C. Praz",NA,NA,NA,"Halictus tumulorum","LC",NA,NA,NA,NA,NA
1635,"GE1635",6,"focal","Scheulte",2595423,1245999,417,"JU","08.08.2025","5","F.SC.JU.5.6","G. Egloff","Courroux","GE1635","Courroux",NA,NA,"595423","245999",417,6,"08","08","viii","2025","Lasioglossum","semilucens",1,NA,NA,"G. Egloff","C. Praz",NA,NA,NA,"Lasioglossum semilucens","LC",NA,NA,NA,NA,NA
1636,"GE1636",6,"focal","Scheulte",2595423,1245999,417,"JU","08.08.2025","5","F.SC.JU.5.6","G. Egloff","Courroux","GE1636","Courroux",NA,NA,"595423","245999",417,6,"08","08","viii","2025","Lasioglossum","pauxillum",NA,NA,1,"G. Egloff","C. Praz",NA,NA,NA,"Lasioglossum pauxillum","LC",NA,NA,NA,NA,NA
1637,"GE1637",6,"focal","Scheulte",2595423,1245999,417,"JU","08.08.2025","5","F.SC.JU.5.6","G. Egloff","Courroux","GE1637","Courroux",NA,NA,"595423","245999",417,6,"08","08","viii","2025","Lasioglossum","pauxillum",NA,NA,1,"G. Egloff","C. Praz",NA,NA,NA,"Lasioglossum pauxillum","LC",NA,NA,NA,NA,NA
1638,"GE1638",6,"focal","Scheulte",2595423,1245999,417,"JU","08.08.2025","5","F.SC.JU.5.6","G. Egloff","Courroux","GE1638","Courroux",NA,NA,"595423","245999",417,6,"08","08","viii","2025","Halictus","tumulorum",NA,NA,1,"G. Egloff","C. Praz",NA,NA,NA,"Halictus tumulorum","LC",NA,NA,NA,NA,NA
1639,"GE1639",6,"focal","Scheulte",2595423,1245999,417,"JU","08.08.2025","5","F.SC.JU.5.6","G. Egloff","Courroux","GE1639","Courroux",NA,NA,"595423","245999",417,6,"08","08","viii","2025","Lasioglossum","malachurum",NA,NA,1,"G. Egloff","C. Praz",NA,NA,NA,"Lasioglossum malachurum","LC",NA,NA,NA,NA,NA
1640,"GE1640",6,"focal","Scheulte",2595423,1245999,417,"JU","08.08.2025","5","F.SC.JU.5.6","G. Egloff","Courroux","GE1640","Courroux",NA,NA,"595423","245999",417,6,"08","08","viii","2025","Lasioglossum","leucozonium",NA,NA,1,"G. Egloff","C. Praz",NA,NA,NA,"Lasioglossum leucozonium","LC",NA,NA,NA,NA,NA
1641,"GE1641",6,"focal","Scheulte",2595423,1245999,417,"JU","08.08.2025","5","F.SC.JU.5.6","G. Egloff","Courroux","GE1641","Courroux",NA,NA,"595423","245999",417,6,"08","08","viii","2025","Halictus","tumulorum",NA,NA,1,"G. Egloff","C. Praz",NA,NA,NA,"Halictus tumulorum","LC",NA,NA,NA,NA,NA
1642,"GE1642",6,"focal","Scheulte",2595423,1245999,417,"JU","08.08.2025","5","F.SC.JU.5.6","G. Egloff","Courroux","GE1642","Courroux",NA,NA,"595423","245999",417,6,"08","08","viii","2025","Lasioglossum","malachurum",NA,NA,1,"G. Egloff","C. Praz",NA,NA,NA,"Lasioglossum malachurum","LC",NA,NA,NA,NA,NA
1643,"GE1643",6,"focal","Scheulte",2595423,1245999,417,"JU","08.08.2025","5","F.SC.JU.5.6","G. Egloff","Courroux","GE1643","Courroux",NA,NA,"595423","245999",417,6,"08","08","viii","2025","Lasioglossum","calceatum",NA,NA,1,"G. Egloff","C. Praz",NA,NA,NA,"Lasioglossum calceatum","LC",NA,NA,NA,NA,NA
1644,"GE1644",6,"focal","Scheulte",2595423,1245999,417,"JU","08.08.2025","5","F.SC.JU.5.6","G. Egloff","Courroux","GE1644","Courroux",NA,NA,"595423","245999",417,6,"08","08","viii","2025","Lasioglossum","calceatum",NA,NA,1,"G. Egloff","C. Praz",NA,NA,NA,"Lasioglossum calceatum","LC",NA,NA,NA,NA,NA
1645,"GE1645",6,"focal","Scheulte",2595423,1245999,417,"JU","08.08.2025","5","F.SC.JU.5.6","G. Egloff","Courroux","GE1645","Courroux",NA,NA,"595423","245999",417,6,"08","08","viii","2025","Anthidium","manicatum",1,NA,NA,"G. Egloff","C. Praz",NA,NA,NA,"Anthidium manicatum","LC",NA,NA,NA,NA,NA
1646,"GE1646",8,"focal","Scheulte",2595451,1245988,416,"JU","08.08.2025","5","F.SC.JU.5.8","G. Egloff","Courroux","GE1646","Courroux",NA,NA,"595451","245988",416,6,"08","08","viii","2025","Lasioglossum","glabriusculum",NA,NA,1,"G. Egloff","C. Praz",NA,NA,NA,"Lasioglossum glabriusculum","LC",NA,NA,NA,NA,NA
1647,"GE1647",8,"focal","Scheulte",2595451,1245988,416,"JU","08.08.2025","5","F.SC.JU.5.8","G. Egloff","Courroux","GE1647","Courroux",NA,NA,"595451","245988",416,6,"08","08","viii","2025","Halictus","scabiosae",1,NA,NA,"G. Egloff","C. Praz",NA,NA,NA,"Halictus scabiosae","LC",NA,NA,NA,NA,NA
1648,"GE1648",8,"focal","Scheulte",2595451,1245988,416,"JU","08.08.2025","5","F.SC.JU.5.8","G. Egloff","Courroux","GE1648","Courroux",NA,NA,"595451","245988",416,6,"08","08","viii","2025","Bombus","sylvestris",NA,1,NA,"G. Egloff","C. Praz",NA,NA,NA,"Bombus sylvestris","LC",NA,NA,NA,NA,NA
1649,"GE1649",8,"focal","Scheulte",2595451,1245988,416,"JU","08.08.2025","5","F.SC.JU.5.8","G. Egloff","Courroux","GE1649","Courroux",NA,NA,"595451","245988",416,6,"08","08","viii","2025","Lasioglossum","morio",NA,NA,1,"G. Egloff","C. Praz",NA,NA,NA,"Lasioglossum morio","LC",NA,NA,NA,NA,NA
1650,"GE1650",8,"focal","Scheulte",2595451,1245988,416,"JU","08.08.2025","5","F.SC.JU.5.8","G. Egloff","Courroux","GE1650","Courroux",NA,NA,"595451","245988",416,6,"08","08","viii","2025","Lasioglossum","morio",NA,NA,1,"G. Egloff","C. Praz",NA,NA,NA,"Lasioglossum morio","LC",NA,NA,NA,NA,NA
1651,"GE1651",8,"focal","Scheulte",2595451,1245988,416,"JU","08.08.2025","5","F.SC.JU.5.8","G. Egloff","Courroux","GE1651","Courroux",NA,NA,"595451","245988",416,6,"08","08","viii","2025","Lasioglossum","glabriusculum",NA,NA,1,"G. Egloff","C. Praz",NA,NA,NA,"Lasioglossum glabriusculum","LC",NA,NA,NA,NA,NA
1652,"GE1652",8,"focal","Scheulte",2595451,1245988,416,"JU","08.08.2025","5","F.SC.JU.5.8","G. Egloff","Courroux","GE1652","Courroux",NA,NA,"595451","245988",416,6,"08","08","viii","2025","Lasioglossum","pauxillum",NA,NA,1,"G. Egloff","C. Praz",NA,NA,NA,"Lasioglossum pauxillum","LC",NA,NA,NA,NA,NA
1653,"GE1653",8,"focal","Scheulte",2595451,1245988,416,"JU","08.08.2025","5","F.SC.JU.5.8","G. Egloff","Courroux","GE1653","Courroux",NA,NA,"595451","245988",416,6,"08","08","viii","2025","Lasioglossum","morio",1,NA,NA,"G. Egloff","C. Praz",NA,NA,NA,"Lasioglossum morio","LC",NA,NA,NA,NA,NA
1654,"GE1654",8,"focal","Scheulte",2595451,1245988,416,"JU","08.08.2025","5","F.SC.JU.5.8","G. Egloff","Courroux","GE1654","Courroux",NA,NA,"595451","245988",416,6,"08","08","viii","2025","Lasioglossum","villosulum",1,NA,NA,"G. Egloff","C. Praz",NA,NA,NA,"Lasioglossum villosulum","LC",NA,NA,NA,NA,NA
1655,"GE1655",8,"focal","Scheulte",2595451,1245988,416,"JU","08.08.2025","5","F.SC.JU.5.8","G. Egloff","Courroux","GE1655","Courroux",NA,NA,"595451","245988",416,6,"08","08","viii","2025","Lasioglossum","laticeps",NA,NA,1,"G. Egloff","C. Praz",NA,NA,NA,"Lasioglossum laticeps","LC",NA,NA,NA,NA,NA
1656,"GE1656",8,"focal","Scheulte",2595451,1245988,416,"JU","08.08.2025","5","F.SC.JU.5.8","G. Egloff","Courroux","GE1656","Courroux",NA,NA,"595451","245988",416,6,"08","08","viii","2025","Halictus","scabiosae",NA,NA,1,"G. Egloff","C. Praz",NA,NA,NA,"Halictus scabiosae","LC",NA,NA,NA,NA,NA
1657,"GE1657",8,"focal","Scheulte",2595451,1245988,416,"JU","08.08.2025","5","F.SC.JU.5.8","G. Egloff","Courroux","GE1657","Courroux",NA,NA,"595451","245988",416,6,"08","08","viii","2025","Halictus","scabiosae",NA,NA,1,"G. Egloff","C. Praz",NA,NA,NA,"Halictus scabiosae","LC",NA,NA,NA,NA,NA
1658,"GE1658",1,"focal","Scheulte",2595329,1245974,416,"JU","08.08.2025","5","F.SC.JU.5.1","G. Egloff","Courroux","GE1658","Courroux",NA,NA,"595329","245974",416,6,"08","08","viii","2025","Lasioglossum","glabriusculum",NA,NA,1,"G. Egloff","C. Praz",NA,NA,NA,"Lasioglossum glabriusculum","LC",NA,NA,NA,NA,NA
1659,"GE1659",1,"focal","Scheulte",2595329,1245974,416,"JU","08.08.2025","5","F.SC.JU.5.1","G. Egloff","Courroux","GE1659","Courroux",NA,NA,"595329","245974",416,6,"08","08","viii","2025","Lasioglossum","politum",1,NA,NA,"G. Egloff","C. Praz",NA,NA,NA,"Lasioglossum politum","LC",NA,NA,NA,NA,NA
1660,"GE1660",1,"focal","Scheulte",2595329,1245974,416,"JU","08.08.2025","5","F.SC.JU.5.1","G. Egloff","Courroux","GE1660","Courroux",NA,NA,"595329","245974",416,6,"08","08","viii","2025","Lasioglossum","glabriusculum",NA,NA,1,"G. Egloff","C. Praz",NA,NA,NA,"Lasioglossum glabriusculum","LC",NA,NA,NA,NA,NA
1661,"GE1661",1,"focal","Scheulte",2595329,1245974,416,"JU","08.08.2025","5","F.SC.JU.5.1","G. Egloff","Courroux","GE1661","Courroux",NA,NA,"595329","245974",416,6,"08","08","viii","2025","Lasioglossum","morio",NA,NA,1,"G. Egloff","C. Praz",NA,NA,NA,"Lasioglossum morio","LC",NA,NA,NA,NA,NA
1662,"GE1662",1,"focal","Scheulte",2595329,1245974,416,"JU","08.08.2025","5","F.SC.JU.5.1","G. Egloff","Courroux","GE1662","Courroux",NA,NA,"595329","245974",416,6,"08","08","viii","2025","Lasioglossum","morio",NA,NA,1,"G. Egloff","C. Praz",NA,NA,NA,"Lasioglossum morio","LC",NA,NA,NA,NA,NA
1663,"GE1663",1,"focal","Scheulte",2595329,1245974,416,"JU","08.08.2025","5","F.SC.JU.5.1","G. Egloff","Courroux","GE1663","Courroux",NA,NA,"595329","245974",416,6,"08","08","viii","2025","Lasioglossum","morio",1,NA,NA,"G. Egloff","C. Praz",NA,NA,NA,"Lasioglossum morio","LC",NA,NA,NA,NA,NA
1664,"GE1664",1,"focal","Scheulte",2595329,1245974,416,"JU","08.08.2025","5","F.SC.JU.5.1","G. Egloff","Courroux","GE1664","Courroux",NA,NA,"595329","245974",416,6,"08","08","viii","2025","Lasioglossum","morio",NA,NA,1,"G. Egloff","C. Praz",NA,NA,NA,"Lasioglossum morio","LC",NA,NA,NA,NA,NA
1665,"GE1665",1,"focal","Scheulte",2595329,1245974,416,"JU","08.08.2025","5","F.SC.JU.5.1","G. Egloff","Courroux","GE1665","Courroux",NA,NA,"595329","245974",416,6,"08","08","viii","2025","Lasioglossum","morio",NA,NA,1,"G. Egloff","C. Praz",NA,NA,NA,"Lasioglossum morio","LC",NA,NA,NA,NA,NA
1666,"GE1666",1,"focal","Scheulte",2595329,1245974,416,"JU","08.08.2025","5","F.SC.JU.5.1","G. Egloff","Courroux","GE1666","Courroux",NA,NA,"595329","245974",416,6,"08","08","viii","2025","Hylaeus","communis",1,NA,NA,"G. Egloff","C. Praz",NA,NA,NA,"Hylaeus communis","LC",NA,NA,NA,NA,NA
1667,"GE1667",1,"focal","Scheulte",2595329,1245974,416,"JU","08.08.2025","5","F.SC.JU.5.1","G. Egloff","Courroux","GE1667","Courroux",NA,NA,"595329","245974",416,6,"08","08","viii","2025","Andrena","minutuloides",1,NA,NA,"G. Egloff","C. Praz",NA,NA,NA,"Andrena minutuloides","LC",NA,NA,NA,NA,NA
1668,"GE1668",1,"focal","Scheulte",2595329,1245974,416,"JU","08.08.2025","5","F.SC.JU.5.1","G. Egloff","Courroux","GE1668","Courroux",NA,NA,"595329","245974",416,6,"08","08","viii","2025","Halictus","scabiosae",1,NA,NA,"G. Egloff","C. Praz",NA,NA,NA,"Halictus scabiosae","LC",NA,NA,NA,NA,NA
1669,"GE1669",1,"focal","Scheulte",2595329,1245974,416,"JU","08.08.2025","5","F.SC.JU.5.1","G. Egloff","Courroux","GE1669","Courroux",NA,NA,"595329","245974",416,6,"08","08","viii","2025","Halictus","scabiosae",1,NA,NA,"G. Egloff","C. Praz",NA,NA,NA,"Halictus scabiosae","LC",NA,NA,NA,NA,NA
1670,"GE1670",1,"focal","Scheulte",2595329,1245974,416,"JU","08.08.2025","5","F.SC.JU.5.1","G. Egloff","Courroux","GE1670","Courroux",NA,NA,"595329","245974",416,6,"08","08","viii","2025","Halictus","scabiosae",1,NA,NA,"G. Egloff","C. Praz",NA,NA,NA,"Halictus scabiosae","LC",NA,NA,NA,NA,NA
1671,"GE1671",1,"focal","Scheulte",2595329,1245974,416,"JU","08.08.2025","5","F.SC.JU.5.1","G. Egloff","Courroux","GE1671","Courroux",NA,NA,"595329","245974",416,6,"08","08","viii","2025","Anthophora","furcata",1,NA,NA,"G. Egloff","C. Praz",NA,NA,NA,"Anthophora furcata","LC",NA,NA,NA,NA,NA
1672,"GE1672",1,"focal","Scheulte",2595329,1245974,416,"JU","08.08.2025","5","F.SC.JU.5.1","G. Egloff","Courroux","GE1672","Courroux",NA,NA,"595329","245974",416,6,"08","08","viii","2025","Halictus","scabiosae",NA,NA,1,"G. Egloff","C. Praz",NA,NA,NA,"Halictus scabiosae","LC",NA,NA,NA,NA,NA
1673,"GE1673",1,"focal","Scheulte",2595329,1245974,416,"JU","08.08.2025","5","F.SC.JU.5.1","G. Egloff","Courroux","GE1673","Courroux",NA,NA,"595329","245974",416,6,"08","08","viii","2025","Anthidium","manicatum",NA,NA,1,"G. Egloff","C. Praz",NA,NA,NA,"Anthidium manicatum","LC",NA,NA,NA,NA,NA
1674,"GE1674",2,"focal","Scheulte",2595336,1245989,416,"JU","08.08.2025","5","F.SC.JU.5.2","G. Egloff","Courroux","GE1674","Courroux",NA,NA,"595336","245989",416,6,"08","08","viii","2025","Lasioglossum","politum",1,NA,NA,"G. Egloff","C. Praz",NA,NA,NA,"Lasioglossum politum","LC",NA,NA,NA,NA,NA
1675,"GE1675",2,"focal","Scheulte",2595336,1245989,416,"JU","08.08.2025","5","F.SC.JU.5.2","G. Egloff","Courroux","GE1675","Courroux",NA,NA,"595336","245989",416,6,"08","08","viii","2025","Lasioglossum","morio",1,NA,NA,"G. Egloff","C. Praz",NA,NA,NA,"Lasioglossum morio","LC",NA,NA,NA,NA,NA
1676,"GE1676",2,"focal","Scheulte",2595336,1245989,416,"JU","08.08.2025","5","F.SC.JU.5.2","G. Egloff","Courroux","GE1676","Courroux",NA,NA,"595336","245989",416,6,"08","08","viii","2025","Halictus","tumulorum",NA,NA,1,"G. Egloff","C. Praz",NA,NA,NA,"Halictus tumulorum","LC",NA,NA,NA,NA,NA
1677,"GE1677",2,"focal","Scheulte",2595336,1245989,416,"JU","08.08.2025","5","F.SC.JU.5.2","G. Egloff","Courroux","GE1677","Courroux",NA,NA,"595336","245989",416,6,"08","08","viii","2025","Ceratina","cyanea",NA,NA,1,"G. Egloff","C. Praz",NA,NA,NA,"Ceratina cyanea","LC",NA,NA,NA,NA,NA
1678,"GE1678",2,"focal","Scheulte",2595336,1245989,416,"JU","08.08.2025","5","F.SC.JU.5.2","G. Egloff","Courroux","GE1678","Courroux",NA,NA,"595336","245989",416,6,"08","08","viii","2025","Ceratina","cyanea",NA,NA,1,"G. Egloff","C. Praz",NA,NA,NA,"Ceratina cyanea","LC",NA,NA,NA,NA,NA
1679,"GE1679",2,"focal","Scheulte",2595336,1245989,416,"JU","08.08.2025","5","F.SC.JU.5.2","G. Egloff","Courroux","GE1679","Courroux",NA,NA,"595336","245989",416,6,"08","08","viii","2025","Halictus","tumulorum",NA,NA,1,"G. Egloff","C. Praz",NA,NA,NA,"Halictus tumulorum","LC",NA,NA,NA,NA,NA
1680,"GE1680",2,"focal","Scheulte",2595336,1245989,416,"JU","08.08.2025","5","F.SC.JU.5.2","G. Egloff","Courroux","GE1680","Courroux",NA,NA,"595336","245989",416,6,"08","08","viii","2025","Lasioglossum","calceatum",NA,NA,1,"G. Egloff","C. Praz",NA,NA,NA,"Lasioglossum calceatum","LC",NA,NA,NA,NA,NA
1681,"GE1681",2,"focal","Scheulte",2595336,1245989,416,"JU","08.08.2025","5","F.SC.JU.5.2","G. Egloff","Courroux","GE1681","Courroux",NA,NA,"595336","245989",416,6,"08","08","viii","2025","Halictus","simplex aggr.",1,NA,NA,"G. Egloff","C. Praz",NA,NA,NA,"Halictus simplex aggr.","LC",NA,NA,NA,NA,NA
1682,"GE1682",2,"focal","Scheulte",2595336,1245989,416,"JU","08.08.2025","5","F.SC.JU.5.2","G. Egloff","Courroux","GE1682","Courroux",NA,NA,"595336","245989",416,6,"08","08","viii","2025","Anthidium","manicatum",NA,NA,1,"G. Egloff","C. Praz",NA,NA,NA,"Anthidium manicatum","LC",NA,NA,NA,NA,NA
1683,"GE1683",2,"focal","Scheulte",2595336,1245989,416,"JU","08.08.2025","5","F.SC.JU.5.2","G. Egloff","Courroux","GE1683","Courroux",NA,NA,"595336","245989",416,6,"08","08","viii","2025","Bombus","sylvestris",NA,1,NA,"G. Egloff","C. Praz",NA,NA,NA,"Bombus sylvestris","LC",NA,NA,NA,NA,NA
1684,"GE1684",2,"focal","Scheulte",2595336,1245989,416,"JU","08.08.2025","5","F.SC.JU.5.2","G. Egloff","Courroux","GE1684","Courroux",NA,NA,"595336","245989",416,6,"08","08","viii","2025","Bombus","sylvestris",NA,1,NA,"G. Egloff","C. Praz",NA,NA,NA,"Bombus sylvestris","LC",NA,NA,NA,NA,NA
1685,"GE1685",6,"focal","Scheulte",2595423,1245999,417,"JU","08.08.2025","5","F.SC.JU.5.6","G. Egloff","Courroux","GE1685","Courroux",NA,NA,"595423","245999",417,6,"08","08","viii","2025","Bombus","terrestris aggr.",NA,1,NA,"G. Egloff","C. Praz",NA,NA,NA,"Bombus terrestris aggr.","LC",NA,NA,NA,NA,NA
1686,"GE1686",7,"control","Thiele",2535387,1178194,435,"VD","11.08.2025","5","C.TH.VD.5.7","G. Egloff","Suscévaz","GE1686","Suscévaz",NA,NA,"535387","178194",435,6,"11","08","viii","2025","Lasioglossum","calceatum",1,NA,NA,"G. Egloff","C. Praz","Used for teaching",NA,NA,"Lasioglossum calceatum","LC",NA,NA,NA,NA,NA
1687,"GE1687",5,"focal","Thiele",2537610,1180170,433,"VD","12.08.2025","5","F.TH.VD.5.5","G. Egloff","Yverdon-les-Bains","GE1687","Yverdon-les-Bains",NA,NA,"537610","180170",433,6,"12","08","viii","2025","Lasioglossum","pauxillum",NA,NA,1,"G. Egloff","C. Praz",NA,NA,NA,"Lasioglossum pauxillum","LC",NA,NA,NA,NA,NA
1688,"GE1688",5,"focal","Thiele",2537610,1180170,433,"VD","12.08.2025","5","F.TH.VD.5.5","G. Egloff","Yverdon-les-Bains","GE1688","Yverdon-les-Bains",NA,NA,"537610","180170",433,6,"12","08","viii","2025","Lasioglossum","politum",NA,NA,1,"G. Egloff","C. Praz",NA,NA,NA,"Lasioglossum politum","LC",NA,NA,NA,NA,NA
1689,"GE1689",5,"focal","Thiele",2537610,1180170,433,"VD","12.08.2025","5","F.TH.VD.5.5","G. Egloff","Yverdon-les-Bains","GE1689","Yverdon-les-Bains",NA,NA,"537610","180170",433,6,"12","08","viii","2025","Lasioglossum","politum",NA,NA,1,"G. Egloff","C. Praz",NA,NA,NA,"Lasioglossum politum","LC",NA,NA,NA,NA,NA
1690,"GE1690",5,"focal","Thiele",2537610,1180170,433,"VD","12.08.2025","5","F.TH.VD.5.5","G. Egloff","Yverdon-les-Bains","GE1690","Yverdon-les-Bains",NA,NA,"537610","180170",433,6,"12","08","viii","2025","Lasioglossum","politum",NA,NA,1,"G. Egloff","C. Praz",NA,NA,NA,"Lasioglossum politum","LC",NA,NA,NA,NA,NA
1691,"GE1691",5,"focal","Thiele",2537610,1180170,433,"VD","12.08.2025","5","F.TH.VD.5.5","G. Egloff","Yverdon-les-Bains","GE1691","Yverdon-les-Bains",NA,NA,"537610","180170",433,6,"12","08","viii","2025","Lasioglossum","politum",NA,NA,1,"G. Egloff","C. Praz",NA,NA,NA,"Lasioglossum politum","LC",NA,NA,NA,NA,NA
1692,"GE1692",5,"focal","Thiele",2537610,1180170,433,"VD","12.08.2025","5","F.TH.VD.5.5","G. Egloff","Yverdon-les-Bains","GE1692","Yverdon-les-Bains",NA,NA,"537610","180170",433,6,"12","08","viii","2025","Lasioglossum","politum",NA,NA,1,"G. Egloff","C. Praz",NA,NA,NA,"Lasioglossum politum","LC",NA,NA,NA,NA,NA
1693,"GE1693",5,"focal","Thiele",2537610,1180170,433,"VD","12.08.2025","5","F.TH.VD.5.5","G. Egloff","Yverdon-les-Bains","GE1693","Yverdon-les-Bains",NA,NA,"537610","180170",433,6,"12","08","viii","2025","Lasioglossum","malachurum",NA,NA,1,"G. Egloff","C. Praz",NA,NA,NA,"Lasioglossum malachurum","LC",NA,NA,NA,NA,NA
1694,"GE1694",5,"focal","Thiele",2537610,1180170,433,"VD","12.08.2025","5","F.TH.VD.5.5","G. Egloff","Yverdon-les-Bains","GE1694","Yverdon-les-Bains",NA,NA,"537610","180170",433,6,"12","08","viii","2025","Lasioglossum","pauxillum",1,NA,NA,"G. Egloff","C. Praz",NA,NA,NA,"Lasioglossum pauxillum","LC",NA,NA,NA,NA,NA
1695,"GE1695",5,"focal","Thiele",2537610,1180170,433,"VD","12.08.2025","5","F.TH.VD.5.5","G. Egloff","Yverdon-les-Bains","GE1695","Yverdon-les-Bains",NA,NA,"537610","180170",433,6,"12","08","viii","2025","Lasioglossum","morio",NA,NA,1,"G. Egloff","C. Praz",NA,NA,NA,"Lasioglossum morio","LC",NA,NA,NA,NA,NA
1696,"GE1696",5,"focal","Thiele",2537610,1180170,433,"VD","12.08.2025","5","F.TH.VD.5.5","G. Egloff","Yverdon-les-Bains","GE1696","Yverdon-les-Bains",NA,NA,"537610","180170",433,6,"12","08","viii","2025","Lasioglossum","malachurum",NA,NA,1,"G. Egloff","C. Praz",NA,NA,NA,"Lasioglossum malachurum","LC",NA,NA,NA,NA,NA
1697,"GE1697",5,"focal","Thiele",2537610,1180170,433,"VD","12.08.2025","5","F.TH.VD.5.5","G. Egloff","Yverdon-les-Bains","GE1697","Yverdon-les-Bains",NA,NA,"537610","180170",433,6,"12","08","viii","2025","Lasioglossum","malachurum",NA,NA,1,"G. Egloff","C. Praz",NA,NA,NA,"Lasioglossum malachurum","LC",NA,NA,NA,NA,NA
1698,"GE1698",5,"focal","Thiele",2537610,1180170,433,"VD","12.08.2025","5","F.TH.VD.5.5","G. Egloff","Yverdon-les-Bains","GE1698","Yverdon-les-Bains",NA,NA,"537610","180170",433,6,"12","08","viii","2025","Lasioglossum","malachurum",NA,NA,1,"G. Egloff","C. Praz",NA,NA,NA,"Lasioglossum malachurum","LC",NA,NA,NA,NA,NA
1699,"GE1699",5,"focal","Thiele",2537610,1180170,433,"VD","12.08.2025","5","F.TH.VD.5.5","G. Egloff","Yverdon-les-Bains","GE1699","Yverdon-les-Bains",NA,NA,"537610","180170",433,6,"12","08","viii","2025","Lasioglossum","politum",NA,NA,1,"G. Egloff","C. Praz",NA,NA,NA,"Lasioglossum politum","LC",NA,NA,NA,NA,NA
1700,"GE1700",5,"focal","Thiele",2537610,1180170,433,"VD","12.08.2025","5","F.TH.VD.5.5","G. Egloff","Yverdon-les-Bains","GE1700","Yverdon-les-Bains",NA,NA,"537610","180170",433,6,"12","08","viii","2025","Lasioglossum","calceatum",NA,NA,1,"G. Egloff","C. Praz",NA,NA,NA,"Lasioglossum calceatum","LC",NA,NA,NA,NA,NA
1701,"GE1701",5,"focal","Thiele",2537610,1180170,433,"VD","12.08.2025","5","F.TH.VD.5.5","G. Egloff","Yverdon-les-Bains","GE1701","Yverdon-les-Bains",NA,NA,"537610","180170",433,6,"12","08","viii","2025","Lasioglossum","malachurum",NA,NA,1,"G. Egloff","C. Praz",NA,NA,NA,"Lasioglossum malachurum","LC",NA,NA,NA,NA,NA
1702,"GE1702",5,"focal","Thiele",2537610,1180170,433,"VD","12.08.2025","5","F.TH.VD.5.5","G. Egloff","Yverdon-les-Bains","GE1702","Yverdon-les-Bains",NA,NA,"537610","180170",433,6,"12","08","viii","2025","Lasioglossum","malachurum",NA,NA,1,"G. Egloff","C. Praz",NA,NA,NA,"Lasioglossum malachurum","LC",NA,NA,NA,NA,NA
1703,"GE1703",5,"focal","Thiele",2537610,1180170,433,"VD","12.08.2025","5","F.TH.VD.5.5","G. Egloff","Yverdon-les-Bains","GE1703","Yverdon-les-Bains",NA,NA,"537610","180170",433,6,"12","08","viii","2025","Lasioglossum","malachurum",NA,NA,1,"G. Egloff","C. Praz",NA,NA,NA,"Lasioglossum malachurum","LC",NA,NA,NA,NA,NA
1704,"GE1704",5,"focal","Thiele",2537610,1180170,433,"VD","12.08.2025","5","F.TH.VD.5.5","G. Egloff","Yverdon-les-Bains","GE1704","Yverdon-les-Bains",NA,NA,"537610","180170",433,6,"12","08","viii","2025","Lasioglossum","pauxillum",NA,NA,1,"G. Egloff","C. Praz",NA,NA,NA,"Lasioglossum pauxillum","LC",NA,NA,NA,NA,NA
1705,"GE1705",5,"focal","Thiele",2537610,1180170,433,"VD","12.08.2025","5","F.TH.VD.5.5","G. Egloff","Yverdon-les-Bains","GE1705","Yverdon-les-Bains",NA,NA,"537610","180170",433,6,"12","08","viii","2025","Lasioglossum","politum",NA,NA,1,"G. Egloff","C. Praz",NA,NA,NA,"Lasioglossum politum","LC",NA,NA,NA,NA,NA
1706,"GE1706",5,"focal","Thiele",2537610,1180170,433,"VD","12.08.2025","5","F.TH.VD.5.5","G. Egloff","Yverdon-les-Bains","GE1706","Yverdon-les-Bains",NA,NA,"537610","180170",433,6,"12","08","viii","2025","Lasioglossum","malachurum",NA,NA,1,"G. Egloff","C. Praz",NA,NA,NA,"Lasioglossum malachurum","LC",NA,NA,NA,NA,NA
1707,"GE1707",5,"focal","Thiele",2537610,1180170,433,"VD","12.08.2025","5","F.TH.VD.5.5","G. Egloff","Yverdon-les-Bains","GE1707","Yverdon-les-Bains",NA,NA,"537610","180170",433,6,"12","08","viii","2025","Halictus","scabiosae",NA,NA,1,"G. Egloff","C. Praz",NA,NA,NA,"Halictus scabiosae","LC",NA,NA,NA,NA,NA
1708,"GE1708",7,"focal","Thiele",2537657,1180201,431,"VD","12.08.2025","5","F.TH.VD.5.7","G. Egloff","Yverdon-les-Bains","GE1708","Yverdon-les-Bains",NA,NA,"537657","180201",431,6,"12","08","viii","2025","Lasioglossum","politum",1,NA,NA,"G. Egloff","C. Praz",NA,NA,NA,"Lasioglossum politum","LC",NA,NA,NA,NA,NA
1709,"GE1709",7,"focal","Thiele",2537657,1180201,431,"VD","12.08.2025","5","F.TH.VD.5.7","G. Egloff","Yverdon-les-Bains","GE1709","Yverdon-les-Bains",NA,NA,"537657","180201",431,6,"12","08","viii","2025","Lasioglossum","malachurum",NA,NA,1,"G. Egloff","C. Praz",NA,NA,NA,"Lasioglossum malachurum","LC",NA,NA,NA,NA,NA
1710,"GE1710",7,"focal","Thiele",2537657,1180201,431,"VD","12.08.2025","5","F.TH.VD.5.7","G. Egloff","Yverdon-les-Bains","GE1710","Yverdon-les-Bains",NA,NA,"537657","180201",431,6,"12","08","viii","2025","Lasioglossum","lucidulum",NA,NA,1,"G. Egloff","C. Praz",NA,NA,NA,"Lasioglossum lucidulum","LC",NA,NA,NA,NA,NA
1711,"GE1711",7,"focal","Thiele",2537657,1180201,431,"VD","12.08.2025","5","F.TH.VD.5.7","G. Egloff","Yverdon-les-Bains","GE1711","Yverdon-les-Bains",NA,NA,"537657","180201",431,6,"12","08","viii","2025","Lasioglossum","lucidulum",NA,NA,1,"G. Egloff","C. Praz",NA,NA,NA,"Lasioglossum lucidulum","LC",NA,NA,NA,NA,NA
1712,"GE1712",7,"focal","Thiele",2537657,1180201,431,"VD","12.08.2025","5","F.TH.VD.5.7","G. Egloff","Yverdon-les-Bains","GE1712","Yverdon-les-Bains",NA,NA,"537657","180201",431,6,"12","08","viii","2025","Lasioglossum","malachurum",NA,NA,1,"G. Egloff","C. Praz",NA,NA,NA,"Lasioglossum malachurum","LC",NA,NA,NA,NA,NA
1713,"GE1713",7,"focal","Thiele",2537657,1180201,431,"VD","12.08.2025","5","F.TH.VD.5.7","G. Egloff","Yverdon-les-Bains","GE1713","Yverdon-les-Bains",NA,NA,"537657","180201",431,6,"12","08","viii","2025","Lasioglossum","morio",1,NA,NA,"G. Egloff","C. Praz",NA,NA,NA,"Lasioglossum morio","LC",NA,NA,NA,NA,NA
1714,"GE1714",7,"focal","Thiele",2537657,1180201,431,"VD","12.08.2025","5","F.TH.VD.5.7","G. Egloff","Yverdon-les-Bains","GE1714","Yverdon-les-Bains",NA,NA,"537657","180201",431,6,"12","08","viii","2025","Lasioglossum","villosulum",NA,NA,1,"G. Egloff","C. Praz",NA,NA,NA,"Lasioglossum villosulum","LC",NA,NA,NA,NA,NA
1715,"GE1715",7,"focal","Thiele",2537657,1180201,431,"VD","12.08.2025","5","F.TH.VD.5.7","G. Egloff","Yverdon-les-Bains","GE1715","Yverdon-les-Bains",NA,NA,"537657","180201",431,6,"12","08","viii","2025","Lasioglossum","villosulum",NA,NA,1,"G. Egloff","C. Praz",NA,NA,NA,"Lasioglossum villosulum","LC",NA,NA,NA,NA,NA
1716,"GE1716",7,"focal","Thiele",2537657,1180201,431,"VD","12.08.2025","5","F.TH.VD.5.7","G. Egloff","Yverdon-les-Bains","GE1716","Yverdon-les-Bains",NA,NA,"537657","180201",431,6,"12","08","viii","2025","Lasioglossum","pauxillum",NA,NA,1,"G. Egloff","C. Praz",NA,NA,NA,"Lasioglossum pauxillum","LC",NA,NA,NA,NA,NA
1717,"GE1717",7,"focal","Thiele",2537657,1180201,431,"VD","12.08.2025","5","F.TH.VD.5.7","G. Egloff","Yverdon-les-Bains","GE1717","Yverdon-les-Bains",NA,NA,"537657","180201",431,6,"12","08","viii","2025","Lasioglossum","malachurum",NA,NA,1,"G. Egloff","C. Praz",NA,NA,NA,"Lasioglossum malachurum","LC",NA,NA,NA,NA,NA
1718,"GE1718",7,"focal","Thiele",2537657,1180201,431,"VD","12.08.2025","5","F.TH.VD.5.7","G. Egloff","Yverdon-les-Bains","GE1718","Yverdon-les-Bains",NA,NA,"537657","180201",431,6,"12","08","viii","2025","Lasioglossum","malachurum",NA,NA,1,"G. Egloff","C. Praz",NA,NA,NA,"Lasioglossum malachurum","LC",NA,NA,NA,NA,NA
1719,"GE1719",7,"focal","Thiele",2537657,1180201,431,"VD","12.08.2025","5","F.TH.VD.5.7","G. Egloff","Yverdon-les-Bains","GE1719","Yverdon-les-Bains",NA,NA,"537657","180201",431,6,"12","08","viii","2025","Hylaeus","gibbus",NA,NA,1,"G. Egloff","C. Praz",NA,NA,NA,"Hylaeus gibbus","LC",NA,NA,NA,NA,NA
1720,"GE1720",7,"focal","Thiele",2537657,1180201,431,"VD","12.08.2025","5","F.TH.VD.5.7","G. Egloff","Yverdon-les-Bains","GE1720","Yverdon-les-Bains",NA,NA,"537657","180201",431,6,"12","08","viii","2025","Lasioglossum","malachurum",NA,NA,1,"G. Egloff","C. Praz",NA,NA,NA,"Lasioglossum malachurum","LC",NA,NA,NA,NA,NA
1721,"GE1721",7,"focal","Thiele",2537657,1180201,431,"VD","12.08.2025","5","F.TH.VD.5.7","G. Egloff","Yverdon-les-Bains","GE1721","Yverdon-les-Bains",NA,NA,"537657","180201",431,6,"12","08","viii","2025","Lasioglossum","morio",1,NA,NA,"G. Egloff","C. Praz",NA,NA,NA,"Lasioglossum morio","LC",NA,NA,NA,NA,NA
1722,"GE1722",7,"focal","Thiele",2537657,1180201,431,"VD","12.08.2025","5","F.TH.VD.5.7","G. Egloff","Yverdon-les-Bains","GE1722","Yverdon-les-Bains",NA,NA,"537657","180201",431,6,"12","08","viii","2025","Sphecodes","gibbus",1,NA,NA,"G. Egloff","C. Praz",NA,NA,NA,"Sphecodes gibbus","LC",NA,NA,NA,NA,NA
1723,"GE1723",7,"focal","Thiele",2537657,1180201,431,"VD","12.08.2025","5","F.TH.VD.5.7","G. Egloff","Yverdon-les-Bains","GE1723","Yverdon-les-Bains",NA,NA,"537657","180201",431,6,"12","08","viii","2025","Sphecodes","scabricollis",1,NA,NA,"G. Egloff","C. Praz",NA,NA,NA,"Sphecodes scabricollis","LC",NA,NA,NA,NA,NA
1724,"GE1724",7,"focal","Thiele",2537657,1180201,431,"VD","12.08.2025","5","F.TH.VD.5.7","G. Egloff","Yverdon-les-Bains","GE1724","Yverdon-les-Bains",NA,NA,"537657","180201",431,6,"12","08","viii","2025","Anthidium","manicatum",NA,NA,1,"G. Egloff","C. Praz",NA,NA,NA,"Anthidium manicatum","LC",NA,NA,NA,NA,NA
1725,"GE1725",7,"focal","Thiele",2537657,1180201,431,"VD","12.08.2025","5","F.TH.VD.5.7","G. Egloff","Yverdon-les-Bains","GE1725","Yverdon-les-Bains",NA,NA,"537657","180201",431,6,"12","08","viii","2025","Anthidium","manicatum",1,NA,NA,"G. Egloff","C. Praz",NA,NA,NA,"Anthidium manicatum","LC",NA,NA,NA,NA,NA
1726,"GE1726",7,"focal","Thiele",2537657,1180201,431,"VD","12.08.2025","5","F.TH.VD.5.7","G. Egloff","Yverdon-les-Bains","GE1726","Yverdon-les-Bains",NA,NA,"537657","180201",431,6,"12","08","viii","2025","Halictus","scabiosae",NA,NA,1,"G. Egloff","C. Praz",NA,NA,NA,"Halictus scabiosae","LC",NA,NA,NA,NA,NA
1727,"GE1727",7,"focal","Thiele",2537657,1180201,431,"VD","12.08.2025","5","F.TH.VD.5.7","G. Egloff","Yverdon-les-Bains","GE1727","Yverdon-les-Bains",NA,NA,"537657","180201",431,6,"12","08","viii","2025","Bombus","pascuorum",NA,NA,1,"G. Egloff","C. Praz",NA,NA,NA,"Bombus pascuorum","LC",NA,NA,NA,NA,NA
1728,"GE1728",7,"focal","Thiele",2537657,1180201,431,"VD","12.08.2025","5","F.TH.VD.5.7","G. Egloff","Yverdon-les-Bains","GE1728","Yverdon-les-Bains",NA,NA,"537657","180201",431,6,"12","08","viii","2025","Bombus","sylvestris",NA,1,NA,"G. Egloff","C. Praz",NA,NA,NA,"Bombus sylvestris","LC",NA,NA,NA,NA,NA
1729,"GE1729",8,"focal","Thiele",2537676,1180224,433,"VD","12.08.2025","5","F.TH.VD.5.8","G. Egloff","Yverdon-les-Bains","GE1729","Yverdon-les-Bains",NA,NA,"537676","180224",433,6,"12","08","viii","2025","Lasioglossum","pauxillum",NA,NA,1,"G. Egloff","C. Praz",NA,NA,NA,"Lasioglossum pauxillum","LC",NA,NA,NA,NA,NA
1730,"GE1730",8,"focal","Thiele",2537676,1180224,433,"VD","12.08.2025","5","F.TH.VD.5.8","G. Egloff","Yverdon-les-Bains","GE1730","Yverdon-les-Bains",NA,NA,"537676","180224",433,6,"12","08","viii","2025","Lasioglossum","pauxillum",NA,NA,1,"G. Egloff","C. Praz",NA,NA,NA,"Lasioglossum pauxillum","LC",NA,NA,NA,NA,NA
1731,"GE1731",8,"focal","Thiele",2537676,1180224,433,"VD","12.08.2025","5","F.TH.VD.5.8","G. Egloff","Yverdon-les-Bains","GE1731","Yverdon-les-Bains",NA,NA,"537676","180224",433,6,"12","08","viii","2025","Lasioglossum","pauxillum",NA,NA,1,"G. Egloff","C. Praz",NA,NA,NA,"Lasioglossum pauxillum","LC",NA,NA,NA,NA,NA
1732,"GE1732",8,"focal","Thiele",2537676,1180224,433,"VD","12.08.2025","5","F.TH.VD.5.8","G. Egloff","Yverdon-les-Bains","GE1732","Yverdon-les-Bains",NA,NA,"537676","180224",433,6,"12","08","viii","2025","Hylaeus","gibbus",NA,NA,1,"G. Egloff","C. Praz",NA,NA,NA,"Hylaeus gibbus","LC",NA,NA,NA,NA,NA
1733,"GE1733",8,"focal","Thiele",2537676,1180224,433,"VD","12.08.2025","5","F.TH.VD.5.8","G. Egloff","Yverdon-les-Bains","GE1733","Yverdon-les-Bains",NA,NA,"537676","180224",433,6,"12","08","viii","2025","Sphecodes","scabricollis",NA,NA,1,"G. Egloff","C. Praz",NA,NA,NA,"Sphecodes scabricollis","LC",NA,NA,NA,NA,NA
1734,"GE1734",8,"focal","Thiele",2537676,1180224,433,"VD","12.08.2025","5","F.TH.VD.5.8","G. Egloff","Yverdon-les-Bains","GE1734","Yverdon-les-Bains",NA,NA,"537676","180224",433,6,"12","08","viii","2025","Sphecodes","monilicornis",1,NA,NA,"G. Egloff","C. Praz",NA,NA,NA,"Sphecodes monilicornis","LC",NA,NA,NA,NA,NA
1735,"GE1735",8,"focal","Thiele",2537676,1180224,433,"VD","12.08.2025","5","F.TH.VD.5.8","G. Egloff","Yverdon-les-Bains","GE1735","Yverdon-les-Bains",NA,NA,"537676","180224",433,6,"12","08","viii","2025","Lasioglossum","zonulum",NA,NA,1,"G. Egloff","C. Praz",NA,NA,NA,"Lasioglossum zonulum","LC",NA,NA,NA,NA,NA
1736,"GE1736",8,"focal","Thiele",2537676,1180224,433,"VD","12.08.2025","5","F.TH.VD.5.8","G. Egloff","Yverdon-les-Bains","GE1736","Yverdon-les-Bains",NA,NA,"537676","180224",433,6,"12","08","viii","2025","Halictus","subauratus",1,NA,NA,"G. Egloff","C. Praz",NA,NA,NA,"Halictus subauratus","LC",NA,NA,NA,NA,NA
1737,"GE1737",8,"focal","Thiele",2537676,1180224,433,"VD","12.08.2025","5","F.TH.VD.5.8","G. Egloff","Yverdon-les-Bains","GE1737","Yverdon-les-Bains",NA,NA,"537676","180224",433,6,"12","08","viii","2025","Bombus","cryptarum",NA,NA,1,"G. Egloff","C. Praz",NA,NA,NA,"Bombus cryptarum","LC",NA,NA,NA,NA,NA
1738,"GE1738",2,"focal","Thiele",2537559,1180126,433,"VD","12.08.2025","5","F.TH.VD.5.2","G. Egloff","Yverdon-les-Bains","GE1738","Yverdon-les-Bains",NA,NA,"537559","180126",433,6,"12","08","viii","2025","Lasioglossum","politum",NA,NA,1,"G. Egloff","C. Praz",NA,NA,NA,"Lasioglossum politum","LC",NA,NA,NA,NA,NA
1739,"GE1739",2,"focal","Thiele",2537559,1180126,433,"VD","12.08.2025","5","F.TH.VD.5.2","G. Egloff","Yverdon-les-Bains","GE1739","Yverdon-les-Bains",NA,NA,"537559","180126",433,6,"12","08","viii","2025","Lasioglossum","malachurum",NA,NA,1,"G. Egloff","C. Praz",NA,NA,NA,"Lasioglossum malachurum","LC",NA,NA,NA,NA,NA
1740,"GE1740",2,"focal","Thiele",2537559,1180126,433,"VD","12.08.2025","5","F.TH.VD.5.2","G. Egloff","Yverdon-les-Bains","GE1740","Yverdon-les-Bains",NA,NA,"537559","180126",433,6,"12","08","viii","2025","Lasioglossum","politum",NA,NA,1,"G. Egloff","C. Praz",NA,NA,NA,"Lasioglossum politum","LC",NA,NA,NA,NA,NA
1741,"GE1741",2,"focal","Thiele",2537559,1180126,433,"VD","12.08.2025","5","F.TH.VD.5.2","G. Egloff","Yverdon-les-Bains","GE1741","Yverdon-les-Bains",NA,NA,"537559","180126",433,6,"12","08","viii","2025","Lasioglossum","malachurum",NA,NA,1,"G. Egloff","C. Praz",NA,NA,NA,"Lasioglossum malachurum","LC",NA,NA,NA,NA,NA
1742,"GE1742",2,"focal","Thiele",2537559,1180126,433,"VD","12.08.2025","5","F.TH.VD.5.2","G. Egloff","Yverdon-les-Bains","GE1742","Yverdon-les-Bains",NA,NA,"537559","180126",433,6,"12","08","viii","2025","Lasioglossum","malachurum",NA,NA,1,"G. Egloff","C. Praz",NA,NA,NA,"Lasioglossum malachurum","LC",NA,NA,NA,NA,NA
1743,"GE1743",2,"focal","Thiele",2537559,1180126,433,"VD","12.08.2025","5","F.TH.VD.5.2","G. Egloff","Yverdon-les-Bains","GE1743","Yverdon-les-Bains",NA,NA,"537559","180126",433,6,"12","08","viii","2025","Lasioglossum","malachurum",NA,NA,1,"G. Egloff","C. Praz",NA,NA,NA,"Lasioglossum malachurum","LC",NA,NA,NA,NA,NA
1744,"GE1744",2,"focal","Thiele",2537559,1180126,433,"VD","12.08.2025","5","F.TH.VD.5.2","G. Egloff","Yverdon-les-Bains","GE1744","Yverdon-les-Bains",NA,NA,"537559","180126",433,6,"12","08","viii","2025","Lasioglossum","malachurum",NA,NA,1,"G. Egloff","C. Praz",NA,NA,NA,"Lasioglossum malachurum","LC",NA,NA,NA,NA,NA
1745,"GE1745",2,"focal","Thiele",2537559,1180126,433,"VD","12.08.2025","5","F.TH.VD.5.2","G. Egloff","Yverdon-les-Bains","GE1745","Yverdon-les-Bains",NA,NA,"537559","180126",433,6,"12","08","viii","2025","Lasioglossum","malachurum",NA,NA,1,"G. Egloff","C. Praz",NA,NA,NA,"Lasioglossum malachurum","LC",NA,NA,NA,NA,NA
1746,"GE1746",2,"focal","Thiele",2537559,1180126,433,"VD","12.08.2025","5","F.TH.VD.5.2","G. Egloff","Yverdon-les-Bains","GE1746","Yverdon-les-Bains",NA,NA,"537559","180126",433,6,"12","08","viii","2025","Lasioglossum","malachurum",NA,NA,1,"G. Egloff","C. Praz",NA,NA,NA,"Lasioglossum malachurum","LC",NA,NA,NA,NA,NA
1747,"GE1747",2,"focal","Thiele",2537559,1180126,433,"VD","12.08.2025","5","F.TH.VD.5.2","G. Egloff","Yverdon-les-Bains","GE1747","Yverdon-les-Bains",NA,NA,"537559","180126",433,6,"12","08","viii","2025","Lasioglossum","malachurum",NA,NA,1,"G. Egloff","C. Praz",NA,NA,NA,"Lasioglossum malachurum","LC",NA,NA,NA,NA,NA
1748,"GE1748",2,"focal","Thiele",2537559,1180126,433,"VD","12.08.2025","5","F.TH.VD.5.2","G. Egloff","Yverdon-les-Bains","GE1748","Yverdon-les-Bains",NA,NA,"537559","180126",433,6,"12","08","viii","2025","Lasioglossum","malachurum",NA,NA,1,"G. Egloff","C. Praz",NA,NA,NA,"Lasioglossum malachurum","LC",NA,NA,NA,NA,NA
1749,"GE1749",2,"focal","Thiele",2537559,1180126,433,"VD","12.08.2025","5","F.TH.VD.5.2","G. Egloff","Yverdon-les-Bains","GE1749","Yverdon-les-Bains",NA,NA,"537559","180126",433,6,"12","08","viii","2025","Lasioglossum","malachurum",NA,NA,1,"G. Egloff","C. Praz",NA,NA,NA,"Lasioglossum malachurum","LC",NA,NA,NA,NA,NA
1750,"GE1750",2,"focal","Thiele",2537559,1180126,433,"VD","12.08.2025","5","F.TH.VD.5.2","G. Egloff","Yverdon-les-Bains","GE1750","Yverdon-les-Bains",NA,NA,"537559","180126",433,6,"12","08","viii","2025","Lasioglossum","malachurum",NA,NA,1,"G. Egloff","C. Praz",NA,NA,NA,"Lasioglossum malachurum","LC",NA,NA,NA,NA,NA
1751,"GE1751",2,"focal","Thiele",2537559,1180126,433,"VD","12.08.2025","5","F.TH.VD.5.2","G. Egloff","Yverdon-les-Bains","GE1751","Yverdon-les-Bains",NA,NA,"537559","180126",433,6,"12","08","viii","2025","Lasioglossum","malachurum",NA,NA,1,"G. Egloff","C. Praz",NA,NA,NA,"Lasioglossum malachurum","LC",NA,NA,NA,NA,NA
1752,"GE1752",2,"focal","Thiele",2537559,1180126,433,"VD","12.08.2025","5","F.TH.VD.5.2","G. Egloff","Yverdon-les-Bains","GE1752","Yverdon-les-Bains",NA,NA,"537559","180126",433,6,"12","08","viii","2025","Lasioglossum","malachurum",NA,NA,1,"G. Egloff","C. Praz",NA,NA,NA,"Lasioglossum malachurum","LC",NA,NA,NA,NA,NA
1753,"GE1753",2,"focal","Thiele",2537559,1180126,433,"VD","12.08.2025","5","F.TH.VD.5.2","G. Egloff","Yverdon-les-Bains","GE1753","Yverdon-les-Bains",NA,NA,"537559","180126",433,6,"12","08","viii","2025","Lasioglossum","malachurum",NA,NA,1,"G. Egloff","C. Praz",NA,NA,NA,"Lasioglossum malachurum","LC",NA,NA,NA,NA,NA
1754,"GE1754",3,"focal","Thiele",2537573,1180123,433,"VD","12.08.2025","5","F.TH.VD.5.3","G. Egloff","Yverdon-les-Bains","GE1754","Yverdon-les-Bains",NA,NA,"537573","180123",433,6,"12","08","viii","2025","Lasioglossum","morio",NA,NA,1,"G. Egloff","C. Praz",NA,NA,NA,"Lasioglossum morio","LC",NA,NA,NA,NA,NA
1755,"GE1755",3,"focal","Thiele",2537573,1180123,433,"VD","12.08.2025","5","F.TH.VD.5.3","G. Egloff","Yverdon-les-Bains","GE1755","Yverdon-les-Bains",NA,NA,"537573","180123",433,6,"12","08","viii","2025","Lasioglossum","morio",NA,NA,1,"G. Egloff","C. Praz",NA,NA,NA,"Lasioglossum morio","LC",NA,NA,NA,NA,NA
1756,"GE1756",3,"focal","Thiele",2537573,1180123,433,"VD","12.08.2025","5","F.TH.VD.5.3","G. Egloff","Yverdon-les-Bains","GE1756","Yverdon-les-Bains",NA,NA,"537573","180123",433,6,"12","08","viii","2025","Hylaeus","cf. gibbus",NA,NA,1,"G. Egloff","C. Praz",NA,NA,NA,"Hylaeus gibbus","LC",NA,NA,NA,NA,NA
1757,"GE1757",3,"focal","Thiele",2537573,1180123,433,"VD","12.08.2025","5","F.TH.VD.5.3","G. Egloff","Yverdon-les-Bains","GE1757","Yverdon-les-Bains",NA,NA,"537573","180123",433,6,"12","08","viii","2025","Hylaeus","cf. gibbus",NA,NA,1,"G. Egloff","C. Praz",NA,NA,NA,"Hylaeus gibbus","LC",NA,NA,NA,NA,NA
1758,"GE1758",3,"focal","Thiele",2537573,1180123,433,"VD","12.08.2025","5","F.TH.VD.5.3","G. Egloff","Yverdon-les-Bains","GE1758","Yverdon-les-Bains",NA,NA,"537573","180123",433,6,"12","08","viii","2025","Hylaeus","cf. gibbus",NA,NA,1,"G. Egloff","C. Praz",NA,NA,NA,"Hylaeus gibbus","LC",NA,NA,NA,NA,NA
1759,"GE1759",4,"focal","Thiele",2537576,1180143,431,"VD","12.08.2025","5","F.TH.VD.5.4","G. Egloff","Yverdon-les-Bains","GE1759","Yverdon-les-Bains",NA,NA,"537576","180143",431,6,"12","08","viii","2025","Lasioglossum","glabriusculum",NA,NA,1,"G. Egloff","C. Praz",NA,NA,NA,"Lasioglossum glabriusculum","LC",NA,NA,NA,NA,NA
1760,"GE1760",4,"focal","Thiele",2537576,1180143,431,"VD","12.08.2025","5","F.TH.VD.5.4","G. Egloff","Yverdon-les-Bains","GE1760","Yverdon-les-Bains",NA,NA,"537576","180143",431,6,"12","08","viii","2025","Hylaeus","brevicornis",1,NA,NA,"G. Egloff","C. Praz",NA,NA,NA,"Hylaeus brevicornis","LC",NA,NA,NA,NA,NA
1761,"GE1761",4,"focal","Thiele",2537576,1180143,431,"VD","12.08.2025","5","F.TH.VD.5.4","G. Egloff","Yverdon-les-Bains","GE1761","Yverdon-les-Bains",NA,NA,"537576","180143",431,6,"12","08","viii","2025","Sphecodes","monilicornis",NA,NA,1,"G. Egloff","C. Praz",NA,NA,NA,"Sphecodes monilicornis","LC",NA,NA,NA,NA,NA
1762,"GE1762",4,"focal","Thiele",2537576,1180143,431,"VD","12.08.2025","5","F.TH.VD.5.4","G. Egloff","Yverdon-les-Bains","GE1762","Yverdon-les-Bains",NA,NA,"537576","180143",431,6,"12","08","viii","2025","Lasioglossum","malachurum",NA,NA,1,"G. Egloff","C. Praz",NA,NA,NA,"Lasioglossum malachurum","LC",NA,NA,NA,NA,NA
1763,"GE1763",4,"focal","Thiele",2537576,1180143,431,"VD","12.08.2025","5","F.TH.VD.5.4","G. Egloff","Yverdon-les-Bains","GE1763","Yverdon-les-Bains",NA,NA,"537576","180143",431,6,"12","08","viii","2025","Lasioglossum","malachurum",NA,NA,1,"G. Egloff","C. Praz",NA,NA,NA,"Lasioglossum malachurum","LC",NA,NA,NA,NA,NA
1764,"GE1764",4,"focal","Thiele",2537576,1180143,431,"VD","12.08.2025","5","F.TH.VD.5.4","G. Egloff","Yverdon-les-Bains","GE1764","Yverdon-les-Bains",NA,NA,"537576","180143",431,6,"12","08","viii","2025","Hylaeus","cf. gibbus",NA,NA,1,"G. Egloff","C. Praz",NA,NA,NA,"Hylaeus gibbus","LC",NA,NA,NA,NA,NA
1765,"GE1765",4,"focal","Thiele",2537576,1180143,431,"VD","12.08.2025","5","F.TH.VD.5.4","G. Egloff","Yverdon-les-Bains","GE1765","Yverdon-les-Bains",NA,NA,"537576","180143",431,6,"12","08","viii","2025","Hylaeus","gibbus",NA,NA,1,"G. Egloff","C. Praz",NA,NA,NA,"Hylaeus gibbus","LC",NA,NA,NA,NA,NA
1766,"GE1766",4,"focal","Thiele",2537576,1180143,431,"VD","12.08.2025","5","F.TH.VD.5.4","G. Egloff","Yverdon-les-Bains","GE1766","Yverdon-les-Bains",NA,NA,"537576","180143",431,6,"12","08","viii","2025","Lasioglossum","malachurum",NA,NA,1,"G. Egloff","C. Praz",NA,NA,NA,"Lasioglossum malachurum","LC",NA,NA,NA,NA,NA
1767,"GE1767",4,"focal","Thiele",2537576,1180143,431,"VD","12.08.2025","5","F.TH.VD.5.4","G. Egloff","Yverdon-les-Bains","GE1767","Yverdon-les-Bains",NA,NA,"537576","180143",431,6,"12","08","viii","2025","Sphecodes","monilicornis",NA,NA,1,"G. Egloff","C. Praz",NA,NA,NA,"Sphecodes monilicornis","LC",NA,NA,NA,NA,NA
1768,"GE1768",4,"focal","Thiele",2537576,1180143,431,"VD","12.08.2025","5","F.TH.VD.5.4","G. Egloff","Yverdon-les-Bains","GE1768","Yverdon-les-Bains",NA,NA,"537576","180143",431,6,"12","08","viii","2025","Lasioglossum","malachurum",NA,NA,1,"G. Egloff","C. Praz",NA,NA,NA,"Lasioglossum malachurum","LC",NA,NA,NA,NA,NA
1769,"GE1769",4,"focal","Thiele",2537576,1180143,431,"VD","12.08.2025","5","F.TH.VD.5.4","G. Egloff","Yverdon-les-Bains","GE1769","Yverdon-les-Bains",NA,NA,"537576","180143",431,6,"12","08","viii","2025","Lasioglossum","malachurum",1,NA,NA,"G. Egloff","C. Praz",NA,NA,NA,"Lasioglossum malachurum","LC",NA,NA,NA,NA,NA
1770,"GE1770",4,"focal","Thiele",2537576,1180143,431,"VD","12.08.2025","5","F.TH.VD.5.4","G. Egloff","Yverdon-les-Bains","GE1770","Yverdon-les-Bains",NA,NA,"537576","180143",431,6,"12","08","viii","2025","Coelioxys","afer",NA,NA,1,"G. Egloff","C. Praz",NA,NA,NA,"Coelioxys afer","LC",NA,NA,NA,NA,NA
1771,"GE1771",4,"focal","Thiele",2537576,1180143,431,"VD","12.08.2025","5","F.TH.VD.5.4","G. Egloff","Yverdon-les-Bains","GE1771","Yverdon-les-Bains",NA,NA,"537576","180143",431,6,"12","08","viii","2025","Megachile","argentata",1,NA,NA,"G. Egloff","C. Praz",NA,NA,NA,"Megachile argentata","LC",NA,NA,NA,NA,NA
1772,"GE1772",1,"focal","Thiele",2537558,1180097,433,"VD","12.08.2025","5","F.TH.VD.5.1","G. Egloff","Yverdon-les-Bains","GE1772","Yverdon-les-Bains",NA,NA,"537558","180097",433,6,"12","08","viii","2025","Bombus","terrestris aggr.",NA,1,NA,"G. Egloff","C. Praz",NA,NA,NA,"Bombus terrestris aggr.","LC",NA,NA,NA,NA,NA
1773,"GE1773",1,"focal","Thiele",2537558,1180097,433,"VD","12.08.2025","5","F.TH.VD.5.1","G. Egloff","Yverdon-les-Bains","GE1773","Yverdon-les-Bains",NA,NA,"537558","180097",433,6,"12","08","viii","2025","Lasioglossum","morio",1,NA,NA,"G. Egloff","C. Praz",NA,NA,NA,"Lasioglossum morio","LC",NA,NA,NA,NA,NA
1774,"GE1774",1,"focal","Thiele",2537558,1180097,433,"VD","12.08.2025","5","F.TH.VD.5.1","G. Egloff","Yverdon-les-Bains","GE1774","Yverdon-les-Bains",NA,NA,"537558","180097",433,6,"12","08","viii","2025","Lasioglossum","morio",NA,NA,1,"G. Egloff","C. Praz",NA,NA,NA,"Lasioglossum morio","LC",NA,NA,NA,NA,NA
1775,"GE1775",1,"focal","Thiele",2537558,1180097,433,"VD","12.08.2025","5","F.TH.VD.5.1","G. Egloff","Yverdon-les-Bains","GE1775","Yverdon-les-Bains",NA,NA,"537558","180097",433,6,"12","08","viii","2025","Lasioglossum","zonulum",NA,NA,1,"G. Egloff","C. Praz",NA,NA,NA,"Lasioglossum zonulum","LC",NA,NA,NA,NA,NA
1776,"GE1776",1,"focal","Thiele",2537558,1180097,433,"VD","12.08.2025","5","F.TH.VD.5.1","G. Egloff","Yverdon-les-Bains","GE1776","Yverdon-les-Bains",NA,NA,"537558","180097",433,6,"12","08","viii","2025","Melitta","nigricans",1,NA,NA,"G. Egloff","C. Praz","Used for teaching",NA,NA,"Melitta nigricans","NT",NA,NA,NA,NA,NA
1777,"GE1777",1,"focal","Thiele",2537558,1180097,433,"VD","12.08.2025","5","F.TH.VD.5.1","G. Egloff","Yverdon-les-Bains","GE1777","Yverdon-les-Bains",NA,NA,"537558","180097",433,6,"12","08","viii","2025","Melitta","nigricans",1,NA,NA,"G. Egloff","C. Praz","Used for teaching",NA,NA,"Melitta nigricans","NT",NA,NA,NA,NA,NA
1778,"GE1778",1,"focal","Thiele",2537558,1180097,433,"VD","12.08.2025","5","F.TH.VD.5.1","G. Egloff","Yverdon-les-Bains","GE1778","Yverdon-les-Bains",NA,NA,"537558","180097",433,6,"12","08","viii","2025","Melitta","nigricans",1,NA,NA,"G. Egloff","C. Praz",NA,NA,NA,"Melitta nigricans","NT",NA,NA,NA,NA,NA
1779,"GE1779",6,"focal","Thiele",2537647,1180202,433,"VD","12.08.2025","5","F.TH.VD.5.6","G. Egloff","Yverdon-les-Bains","GE1779","Yverdon-les-Bains",NA,NA,"537647","180202",433,6,"12","08","viii","2025","Lasioglossum","glabriusculum",NA,NA,1,"G. Egloff","C. Praz",NA,NA,NA,"Lasioglossum glabriusculum","LC",NA,NA,NA,NA,NA
1780,"GE1780",6,"focal","Thiele",2537647,1180202,433,"VD","12.08.2025","5","F.TH.VD.5.6","G. Egloff","Yverdon-les-Bains","GE1780","Yverdon-les-Bains",NA,NA,"537647","180202",433,6,"12","08","viii","2025","Lasioglossum","glabriusculum",NA,NA,1,"G. Egloff","C. Praz",NA,NA,NA,"Lasioglossum glabriusculum","LC",NA,NA,NA,NA,NA
1781,"GE1781",6,"focal","Thiele",2537647,1180202,433,"VD","12.08.2025","5","F.TH.VD.5.6","G. Egloff","Yverdon-les-Bains","GE1781","Yverdon-les-Bains",NA,NA,"537647","180202",433,6,"12","08","viii","2025","Lasioglossum","glabriusculum",NA,NA,1,"G. Egloff","C. Praz",NA,NA,NA,"Lasioglossum glabriusculum","LC",NA,NA,NA,NA,NA
1782,"GE1782",6,"focal","Thiele",2537647,1180202,433,"VD","12.08.2025","5","F.TH.VD.5.6","G. Egloff","Yverdon-les-Bains","GE1782","Yverdon-les-Bains",NA,NA,"537647","180202",433,6,"12","08","viii","2025","Lasioglossum","glabriusculum",NA,NA,1,"G. Egloff","C. Praz",NA,NA,NA,"Lasioglossum glabriusculum","LC",NA,NA,NA,NA,NA
1783,"GE1783",6,"focal","Thiele",2537647,1180202,433,"VD","12.08.2025","5","F.TH.VD.5.6","G. Egloff","Yverdon-les-Bains","GE1783","Yverdon-les-Bains",NA,NA,"537647","180202",433,6,"12","08","viii","2025","Lasioglossum","glabriusculum",NA,NA,1,"G. Egloff","C. Praz",NA,NA,NA,"Lasioglossum glabriusculum","LC",NA,NA,NA,NA,NA
1784,"GE1784",6,"focal","Thiele",2537647,1180202,433,"VD","12.08.2025","5","F.TH.VD.5.6","G. Egloff","Yverdon-les-Bains","GE1784","Yverdon-les-Bains",NA,NA,"537647","180202",433,6,"12","08","viii","2025","Lasioglossum","politum",1,NA,NA,"G. Egloff","C. Praz",NA,NA,NA,"Lasioglossum politum","LC",NA,NA,NA,NA,NA
1785,"GE1785",6,"focal","Thiele",2537647,1180202,433,"VD","12.08.2025","5","F.TH.VD.5.6","G. Egloff","Yverdon-les-Bains","GE1785","Yverdon-les-Bains",NA,NA,"537647","180202",433,6,"12","08","viii","2025","Lasioglossum","lucidulum",1,NA,NA,"G. Egloff","C. Praz",NA,NA,NA,"Lasioglossum lucidulum","LC",NA,NA,NA,NA,NA
1786,"GE1786",6,"focal","Thiele",2537647,1180202,433,"VD","12.08.2025","5","F.TH.VD.5.6","G. Egloff","Yverdon-les-Bains","GE1786","Yverdon-les-Bains",NA,NA,"537647","180202",433,6,"12","08","viii","2025","Lasioglossum","lucidulum",1,NA,NA,"G. Egloff","C. Praz",NA,NA,NA,"Lasioglossum lucidulum","LC",NA,NA,NA,NA,NA
1787,"GE1787",6,"focal","Thiele",2537647,1180202,433,"VD","12.08.2025","5","F.TH.VD.5.6","G. Egloff","Yverdon-les-Bains","GE1787","Yverdon-les-Bains",NA,NA,"537647","180202",433,6,"12","08","viii","2025","Hylaeus","brevicornis",1,NA,NA,"G. Egloff","C. Praz",NA,NA,NA,"Hylaeus brevicornis","LC",NA,NA,NA,NA,NA
1788,"GE1788",6,"focal","Thiele",2537647,1180202,433,"VD","12.08.2025","5","F.TH.VD.5.6","G. Egloff","Yverdon-les-Bains","GE1788","Yverdon-les-Bains",NA,NA,"537647","180202",433,6,"12","08","viii","2025","Lasioglossum","pauxillum",NA,NA,1,"G. Egloff","C. Praz",NA,NA,NA,"Lasioglossum pauxillum","LC",NA,NA,NA,NA,NA
1789,"GE1789",6,"focal","Thiele",2537647,1180202,433,"VD","12.08.2025","5","F.TH.VD.5.6","G. Egloff","Yverdon-les-Bains","GE1789","Yverdon-les-Bains",NA,NA,"537647","180202",433,6,"12","08","viii","2025","Lasioglossum","villosulum",NA,NA,1,"G. Egloff","C. Praz",NA,NA,NA,"Lasioglossum villosulum","LC",NA,NA,NA,NA,NA
1790,"GE1790",6,"focal","Thiele",2537647,1180202,433,"VD","12.08.2025","5","F.TH.VD.5.6","G. Egloff","Yverdon-les-Bains","GE1790","Yverdon-les-Bains",NA,NA,"537647","180202",433,6,"12","08","viii","2025","Lasioglossum","malachurum",NA,NA,1,"G. Egloff","C. Praz",NA,NA,NA,"Lasioglossum malachurum","LC",NA,NA,NA,NA,NA
1791,"GE1791",6,"focal","Thiele",2537647,1180202,433,"VD","12.08.2025","5","F.TH.VD.5.6","G. Egloff","Yverdon-les-Bains","GE1791","Yverdon-les-Bains",NA,NA,"537647","180202",433,6,"12","08","viii","2025","Hylaeus","gibbus",1,NA,NA,"G. Egloff","C. Praz",NA,NA,NA,"Hylaeus gibbus","LC",NA,NA,NA,NA,NA
1792,"GE1792",6,"focal","Thiele",2537647,1180202,433,"VD","12.08.2025","5","F.TH.VD.5.6","G. Egloff","Yverdon-les-Bains","GE1792","Yverdon-les-Bains",NA,NA,"537647","180202",433,6,"12","08","viii","2025","Lasioglossum","villosulum",NA,NA,1,"G. Egloff","C. Praz",NA,NA,NA,"Lasioglossum villosulum","LC",NA,NA,NA,NA,NA
1793,"GE1793",6,"focal","Thiele",2537647,1180202,433,"VD","12.08.2025","5","F.TH.VD.5.6","G. Egloff","Yverdon-les-Bains","GE1793","Yverdon-les-Bains",NA,NA,"537647","180202",433,6,"12","08","viii","2025","Hylaeus","gibbus",NA,NA,1,"G. Egloff","C. Praz",NA,NA,NA,"Hylaeus gibbus","LC",NA,NA,NA,NA,NA
1794,"GE1794",6,"focal","Thiele",2537647,1180202,433,"VD","12.08.2025","5","F.TH.VD.5.6","G. Egloff","Yverdon-les-Bains","GE1794","Yverdon-les-Bains",NA,NA,"537647","180202",433,6,"12","08","viii","2025","Sphecodes","monilicornis",NA,NA,1,"G. Egloff","C. Praz",NA,NA,NA,"Sphecodes monilicornis","LC",NA,NA,NA,NA,NA
1795,"GE1795",6,"focal","Thiele",2537647,1180202,433,"VD","12.08.2025","5","F.TH.VD.5.6","G. Egloff","Yverdon-les-Bains","GE1795","Yverdon-les-Bains",NA,NA,"537647","180202",433,6,"12","08","viii","2025","Lasioglossum","malachurum",NA,NA,1,"G. Egloff","C. Praz",NA,NA,NA,"Lasioglossum malachurum","LC",NA,NA,NA,NA,NA
1796,"GE1796",6,"focal","Thiele",2537647,1180202,433,"VD","12.08.2025","5","F.TH.VD.5.6","G. Egloff","Yverdon-les-Bains","GE1796","Yverdon-les-Bains",NA,NA,"537647","180202",433,6,"12","08","viii","2025","Lasioglossum","malachurum",NA,NA,1,"G. Egloff","C. Praz",NA,NA,NA,"Lasioglossum malachurum","LC",NA,NA,NA,NA,NA
1797,"GE1797",6,"focal","Thiele",2537647,1180202,433,"VD","12.08.2025","5","F.TH.VD.5.6","G. Egloff","Yverdon-les-Bains","GE1797","Yverdon-les-Bains",NA,NA,"537647","180202",433,6,"12","08","viii","2025","Lasioglossum","leucozonium",NA,NA,1,"G. Egloff","C. Praz",NA,NA,NA,"Lasioglossum leucozonium","LC",NA,NA,NA,NA,NA
1798,"GE1798",6,"focal","Thiele",2537647,1180202,433,"VD","12.08.2025","5","F.TH.VD.5.6","G. Egloff","Yverdon-les-Bains","GE1798","Yverdon-les-Bains",NA,NA,"537647","180202",433,6,"12","08","viii","2025","Lasioglossum","leucozonium",NA,NA,1,"G. Egloff","C. Praz",NA,NA,NA,"Lasioglossum leucozonium","LC",NA,NA,NA,NA,NA
1799,"GE1799",6,"focal","Thiele",2537647,1180202,433,"VD","12.08.2025","5","F.TH.VD.5.6","G. Egloff","Yverdon-les-Bains","GE1799","Yverdon-les-Bains",NA,NA,"537647","180202",433,6,"12","08","viii","2025","Halictus","subauratus",1,NA,NA,"G. Egloff","C. Praz",NA,NA,NA,"Halictus subauratus","LC",NA,NA,NA,NA,NA
1800,"GE1800",6,"focal","Thiele",2537647,1180202,433,"VD","12.08.2025","5","F.TH.VD.5.6","G. Egloff","Yverdon-les-Bains","GE1800","Yverdon-les-Bains",NA,NA,"537647","180202",433,6,"12","08","viii","2025","Halictus","subauratus",NA,NA,1,"G. Egloff","C. Praz",NA,NA,NA,"Halictus subauratus","LC",NA,NA,NA,NA,NA
1801,"GE1801",6,"focal","Thiele",2537647,1180202,433,"VD","12.08.2025","5","F.TH.VD.5.6","G. Egloff","Yverdon-les-Bains","GE1801","Yverdon-les-Bains",NA,NA,"537647","180202",433,6,"12","08","viii","2025","Halictus","simplex aggr.",1,NA,NA,"G. Egloff","C. Praz",NA,NA,NA,"Halictus simplex aggr.","LC",NA,NA,NA,NA,NA
1802,"GE1802",6,"focal","Thiele",2537647,1180202,433,"VD","12.08.2025","5","F.TH.VD.5.6","G. Egloff","Yverdon-les-Bains","GE1802","Yverdon-les-Bains",NA,NA,"537647","180202",433,6,"12","08","viii","2025","Sphecodes","gibbus",1,NA,NA,"G. Egloff","C. Praz",NA,NA,NA,"Sphecodes gibbus","LC",NA,NA,NA,NA,NA
1803,"GE1803",6,"focal","Schwarzbach",2608180,1193208,525,"BE","13.08.2025","5","F.SC.BE.5.6","G. Egloff","Rubigen","GE1803","Rubigen",NA,NA,"608180","193208",525,6,"13","08","viii","2025","Lasioglossum","glabriusculum",NA,NA,1,"G. Egloff","C. Praz",NA,NA,NA,"Lasioglossum glabriusculum","LC",NA,NA,NA,NA,NA
1804,"GE1804",6,"focal","Schwarzbach",2608180,1193208,525,"BE","13.08.2025","5","F.SC.BE.5.6","G. Egloff","Rubigen","GE1804","Rubigen",NA,NA,"608180","193208",525,6,"13","08","viii","2025","Lasioglossum","morio",NA,NA,1,"G. Egloff","C. Praz",NA,NA,NA,"Lasioglossum morio","LC",NA,NA,NA,NA,NA
1805,"GE1805",6,"focal","Schwarzbach",2608180,1193208,525,"BE","13.08.2025","5","F.SC.BE.5.6","G. Egloff","Rubigen","GE1805","Rubigen",NA,NA,"608180","193208",525,6,"13","08","viii","2025","Lasioglossum","morio",NA,NA,1,"G. Egloff","C. Praz",NA,NA,NA,"Lasioglossum morio","LC",NA,NA,NA,NA,NA
1806,"GE1806",6,"focal","Schwarzbach",2608180,1193208,525,"BE","13.08.2025","5","F.SC.BE.5.6","G. Egloff","Rubigen","GE1806","Rubigen",NA,NA,"608180","193208",525,6,"13","08","viii","2025","Lasioglossum","glabriusculum",NA,NA,1,"G. Egloff","C. Praz",NA,NA,NA,"Lasioglossum glabriusculum","LC",NA,NA,NA,NA,NA
1807,"GE1807",6,"focal","Schwarzbach",2608180,1193208,525,"BE","13.08.2025","5","F.SC.BE.5.6","G. Egloff","Rubigen","GE1807","Rubigen",NA,NA,"608180","193208",525,6,"13","08","viii","2025","Lasioglossum","morio",NA,NA,1,"G. Egloff","C. Praz",NA,NA,NA,"Lasioglossum morio","LC",NA,NA,NA,NA,NA
1808,"GE1808",6,"focal","Schwarzbach",2608180,1193208,525,"BE","13.08.2025","5","F.SC.BE.5.6","G. Egloff","Rubigen","GE1808","Rubigen",NA,NA,"608180","193208",525,6,"13","08","viii","2025","Lasioglossum","morio",1,NA,NA,"G. Egloff","C. Praz",NA,NA,NA,"Lasioglossum morio","LC",NA,NA,NA,NA,NA
1809,"GE1809",6,"focal","Schwarzbach",2608180,1193208,525,"BE","13.08.2025","5","F.SC.BE.5.6","G. Egloff","Rubigen","GE1809","Rubigen",NA,NA,"608180","193208",525,6,"13","08","viii","2025","Lasioglossum","glabriusculum",NA,NA,1,"G. Egloff","C. Praz",NA,NA,NA,"Lasioglossum glabriusculum","LC",NA,NA,NA,NA,NA
1810,"GE1810",6,"focal","Schwarzbach",2608180,1193208,525,"BE","13.08.2025","5","F.SC.BE.5.6","G. Egloff","Rubigen","GE1810","Rubigen",NA,NA,"608180","193208",525,6,"13","08","viii","2025","Lasioglossum","morio",NA,NA,1,"G. Egloff","C. Praz",NA,NA,NA,"Lasioglossum morio","LC",NA,NA,NA,NA,NA
1811,"GE1811",6,"focal","Schwarzbach",2608180,1193208,525,"BE","13.08.2025","5","F.SC.BE.5.6","G. Egloff","Rubigen","GE1811","Rubigen",NA,NA,"608180","193208",525,6,"13","08","viii","2025","Halictus","tumulorum",1,NA,NA,"G. Egloff","C. Praz",NA,NA,NA,"Halictus tumulorum","LC",NA,NA,NA,NA,NA
1812,"GE1812",7,"focal","Schwarzbach",2608189,1193195,525,"BE","13.08.2025","5","F.SC.BE.5.7","G. Egloff","Rubigen","GE1812","Rubigen",NA,NA,"608189","193195",525,6,"13","08","viii","2025","Bombus","terrestris aggr.",NA,1,NA,"G. Egloff","C. Praz",NA,NA,NA,"Bombus terrestris aggr.","LC",NA,NA,NA,NA,NA
1813,"GE1813",4,"focal","Schwarzbach",2608165,1193225,525,"BE","13.08.2025","5","F.SC.BE.5.4","G. Egloff","Rubigen","GE1813","Rubigen",NA,NA,"608165","193225",525,6,"13","08","viii","2025","Lasioglossum","glabriusculum",NA,NA,1,"G. Egloff","C. Praz",NA,NA,NA,"Lasioglossum glabriusculum","LC",NA,NA,NA,NA,NA
1814,"GE1814",4,"focal","Schwarzbach",2608165,1193225,525,"BE","13.08.2025","5","F.SC.BE.5.4","G. Egloff","Rubigen","GE1814","Rubigen",NA,NA,"608165","193225",525,6,"13","08","viii","2025","Lasioglossum","morio",1,NA,NA,"G. Egloff","C. Praz",NA,NA,NA,"Lasioglossum morio","LC",NA,NA,NA,NA,NA
1815,"GE1815",4,"focal","Schwarzbach",2608165,1193225,525,"BE","13.08.2025","5","F.SC.BE.5.4","G. Egloff","Rubigen","GE1815","Rubigen",NA,NA,"608165","193225",525,6,"13","08","viii","2025","Lasioglossum","morio",1,NA,NA,"G. Egloff","C. Praz",NA,NA,NA,"Lasioglossum morio","LC",NA,NA,NA,NA,NA
1816,"GE1816",4,"focal","Schwarzbach",2608165,1193225,525,"BE","13.08.2025","5","F.SC.BE.5.4","G. Egloff","Rubigen","GE1816","Rubigen",NA,NA,"608165","193225",525,6,"13","08","viii","2025","Lasioglossum","morio",1,NA,NA,"G. Egloff","C. Praz",NA,NA,NA,"Lasioglossum morio","LC",NA,NA,NA,NA,NA
1817,"GE1817",4,"focal","Schwarzbach",2608165,1193225,525,"BE","13.08.2025","5","F.SC.BE.5.4","G. Egloff","Rubigen","GE1817","Rubigen",NA,NA,"608165","193225",525,6,"13","08","viii","2025","Lasioglossum","glabriusculum",NA,NA,1,"G. Egloff","C. Praz",NA,NA,NA,"Lasioglossum glabriusculum","LC",NA,NA,NA,NA,NA
1818,"GE1818",4,"focal","Schwarzbach",2608165,1193225,525,"BE","13.08.2025","5","F.SC.BE.5.4","G. Egloff","Rubigen","GE1818","Rubigen",NA,NA,"608165","193225",525,6,"13","08","viii","2025","Ceratina","cyanea",1,NA,NA,"G. Egloff","C. Praz",NA,NA,NA,"Ceratina cyanea","LC",NA,NA,NA,NA,NA
1819,"GE1819",4,"focal","Schwarzbach",2608165,1193225,525,"BE","13.08.2025","5","F.SC.BE.5.4","G. Egloff","Rubigen","GE1819","Rubigen",NA,NA,"608165","193225",525,6,"13","08","viii","2025","Megachile","versicolor",NA,NA,1,"G. Egloff","C. Praz",NA,NA,NA,"Megachile versicolor","LC",NA,NA,NA,NA,NA
1820,"GE1820",4,"focal","Schwarzbach",2608165,1193225,525,"BE","13.08.2025","5","F.SC.BE.5.4","G. Egloff","Rubigen","GE1820","Rubigen",NA,NA,"608165","193225",525,6,"13","08","viii","2025","Megachile","versicolor",NA,NA,1,"G. Egloff","C. Praz",NA,NA,NA,"Megachile versicolor","LC",NA,NA,NA,NA,NA
1821,"GE1821",3,"focal","Schwarzbach",2608135,1193252,525,"BE","13.08.2025","5","F.SC.BE.5.3","G. Egloff","Rubigen","GE1821","Rubigen",NA,NA,"608135","193252",525,6,"13","08","viii","2025","Lasioglossum","glabriusculum",NA,NA,1,"G. Egloff","C. Praz",NA,NA,NA,"Lasioglossum glabriusculum","LC",NA,NA,NA,NA,NA
1822,"GE1822",3,"focal","Schwarzbach",2608135,1193252,525,"BE","13.08.2025","5","F.SC.BE.5.3","G. Egloff","Rubigen","GE1822","Rubigen",NA,NA,"608135","193252",525,6,"13","08","viii","2025","Lasioglossum","glabriusculum",NA,NA,1,"G. Egloff","C. Praz",NA,NA,NA,"Lasioglossum glabriusculum","LC",NA,NA,NA,NA,NA
1823,"GE1823",3,"focal","Schwarzbach",2608135,1193252,525,"BE","13.08.2025","5","F.SC.BE.5.3","G. Egloff","Rubigen","GE1823","Rubigen",NA,NA,"608135","193252",525,6,"13","08","viii","2025","Lasioglossum","glabriusculum",NA,NA,1,"G. Egloff","C. Praz",NA,NA,NA,"Lasioglossum glabriusculum","LC",NA,NA,NA,NA,NA
1824,"GE1824",3,"focal","Schwarzbach",2608135,1193252,525,"BE","13.08.2025","5","F.SC.BE.5.3","G. Egloff","Rubigen","GE1824","Rubigen",NA,NA,"608135","193252",525,6,"13","08","viii","2025","Lasioglossum","glabriusculum",NA,NA,1,"G. Egloff","C. Praz",NA,NA,NA,"Lasioglossum glabriusculum","LC",NA,NA,NA,NA,NA
1825,"GE1825",3,"focal","Schwarzbach",2608135,1193252,525,"BE","13.08.2025","5","F.SC.BE.5.3","G. Egloff","Rubigen","GE1825","Rubigen",NA,NA,"608135","193252",525,6,"13","08","viii","2025","Lasioglossum","morio",1,NA,NA,"G. Egloff","C. Praz",NA,NA,NA,"Lasioglossum morio","LC",NA,NA,NA,NA,NA
1826,"GE1826",3,"focal","Schwarzbach",2608135,1193252,525,"BE","13.08.2025","5","F.SC.BE.5.3","G. Egloff","Rubigen","GE1826","Rubigen",NA,NA,"608135","193252",525,6,"13","08","viii","2025","Lasioglossum","morio",1,NA,NA,"G. Egloff","C. Praz",NA,NA,NA,"Lasioglossum morio","LC",NA,NA,NA,NA,NA
1827,"GE1827",3,"focal","Schwarzbach",2608135,1193252,525,"BE","13.08.2025","5","F.SC.BE.5.3","G. Egloff","Rubigen","GE1827","Rubigen",NA,NA,"608135","193252",525,6,"13","08","viii","2025","Lasioglossum","morio",NA,NA,1,"G. Egloff","C. Praz",NA,NA,NA,"Lasioglossum morio","LC",NA,NA,NA,NA,NA
1828,"GE1828",3,"focal","Schwarzbach",2608135,1193252,525,"BE","13.08.2025","5","F.SC.BE.5.3","G. Egloff","Rubigen","GE1828","Rubigen",NA,NA,"608135","193252",525,6,"13","08","viii","2025","Lasioglossum","morio",1,NA,NA,"G. Egloff","C. Praz",NA,NA,NA,"Lasioglossum morio","LC",NA,NA,NA,NA,NA
1829,"GE1829",8,"focal","Schwarzbach",2608198,1193190,525,"BE","13.08.2025","5","F.SC.BE.5.8","G. Egloff","Rubigen","GE1829","Rubigen",NA,NA,"608198","193190",525,6,"13","08","viii","2025","Lasioglossum","glabriusculum",1,NA,NA,"G. Egloff","C. Praz",NA,NA,NA,"Lasioglossum glabriusculum","LC",NA,NA,NA,NA,NA
1830,"GE1830",8,"focal","Schwarzbach",2608198,1193190,525,"BE","13.08.2025","5","F.SC.BE.5.8","G. Egloff","Rubigen","GE1830","Rubigen",NA,NA,"608198","193190",525,6,"13","08","viii","2025","Lasioglossum","politum",1,NA,NA,"G. Egloff","C. Praz",NA,NA,NA,"Lasioglossum politum","LC",NA,NA,NA,NA,NA
1831,"GE1831",8,"focal","Schwarzbach",2608198,1193190,525,"BE","13.08.2025","5","F.SC.BE.5.8","G. Egloff","Rubigen","GE1831","Rubigen",NA,NA,"608198","193190",525,6,"13","08","viii","2025","Lasioglossum","glabriusculum",1,NA,NA,"G. Egloff","C. Praz",NA,NA,NA,"Lasioglossum glabriusculum","LC",NA,NA,NA,NA,NA
1832,"GE1832",8,"focal","Schwarzbach",2608198,1193190,525,"BE","13.08.2025","5","F.SC.BE.5.8","G. Egloff","Rubigen","GE1832","Rubigen",NA,NA,"608198","193190",525,6,"13","08","viii","2025","Lasioglossum","glabriusculum",1,NA,NA,"G. Egloff","C. Praz",NA,NA,NA,"Lasioglossum glabriusculum","LC",NA,NA,NA,NA,NA
1833,"GE1833",8,"focal","Schwarzbach",2608198,1193190,525,"BE","13.08.2025","5","F.SC.BE.5.8","G. Egloff","Rubigen","GE1833","Rubigen",NA,NA,"608198","193190",525,6,"13","08","viii","2025","Lasioglossum","politum",1,NA,NA,"G. Egloff","C. Praz",NA,NA,NA,"Lasioglossum politum","LC",NA,NA,NA,NA,NA
1834,"GE1834",8,"focal","Schwarzbach",2608198,1193190,525,"BE","13.08.2025","5","F.SC.BE.5.8","G. Egloff","Rubigen","GE1834","Rubigen",NA,NA,"608198","193190",525,6,"13","08","viii","2025","Lasioglossum","morio",NA,NA,1,"G. Egloff","C. Praz",NA,NA,NA,"Lasioglossum morio","LC",NA,NA,NA,NA,NA
1835,"GE1835",8,"focal","Schwarzbach",2608198,1193190,525,"BE","13.08.2025","5","F.SC.BE.5.8","G. Egloff","Rubigen","GE1835","Rubigen",NA,NA,"608198","193190",525,6,"13","08","viii","2025","Lasioglossum","glabriusculum",NA,NA,1,"G. Egloff","C. Praz",NA,NA,NA,"Lasioglossum glabriusculum","LC",NA,NA,NA,NA,NA
1836,"GE1836",8,"focal","Schwarzbach",2608198,1193190,525,"BE","13.08.2025","5","F.SC.BE.5.8","G. Egloff","Rubigen","GE1836","Rubigen",NA,NA,"608198","193190",525,6,"13","08","viii","2025","Lasioglossum","politum",1,NA,NA,"G. Egloff","C. Praz",NA,NA,NA,"Lasioglossum politum","LC",NA,NA,NA,NA,NA
1837,"GE1837",8,"focal","Schwarzbach",2608198,1193190,525,"BE","13.08.2025","5","F.SC.BE.5.8","G. Egloff","Rubigen","GE1837","Rubigen",NA,NA,"608198","193190",525,6,"13","08","viii","2025","Lasioglossum","morio",1,NA,NA,"G. Egloff","C. Praz",NA,NA,NA,"Lasioglossum morio","LC",NA,NA,NA,NA,NA
1838,"GE1838",8,"focal","Schwarzbach",2608198,1193190,525,"BE","13.08.2025","5","F.SC.BE.5.8","G. Egloff","Rubigen","GE1838","Rubigen",NA,NA,"608198","193190",525,6,"13","08","viii","2025","Hylaeus","confusus",NA,NA,1,"G. Egloff","C. Praz",NA,NA,NA,"Hylaeus confusus","LC",NA,NA,NA,NA,NA
1839,"GE1839",8,"focal","Schwarzbach",2608198,1193190,525,"BE","13.08.2025","5","F.SC.BE.5.8","G. Egloff","Rubigen","GE1839","Rubigen",NA,NA,"608198","193190",525,6,"13","08","viii","2025","Hylaeus","confusus",NA,NA,1,"G. Egloff","C. Praz",NA,NA,NA,"Hylaeus confusus","LC",NA,NA,NA,NA,NA
1840,"GE1840",8,"focal","Schwarzbach",2608198,1193190,525,"BE","13.08.2025","5","F.SC.BE.5.8","G. Egloff","Rubigen","GE1840","Rubigen",NA,NA,"608198","193190",525,6,"13","08","viii","2025","Sphecodes","niger",NA,NA,1,"G. Egloff","C. Praz",NA,NA,NA,"Sphecodes niger","LC",NA,NA,NA,NA,NA
1841,"GE1841",8,"focal","Schwarzbach",2608198,1193190,525,"BE","13.08.2025","5","F.SC.BE.5.8","G. Egloff","Rubigen","GE1841","Rubigen",NA,NA,"608198","193190",525,6,"13","08","viii","2025","Anthidium","manicatum",NA,NA,1,"G. Egloff","C. Praz",NA,NA,NA,"Anthidium manicatum","LC",NA,NA,NA,NA,NA
1842,"GE1842",8,"focal","Schwarzbach",2608198,1193190,525,"BE","13.08.2025","5","F.SC.BE.5.8","G. Egloff","Rubigen","GE1842","Rubigen",NA,NA,"608198","193190",525,6,"13","08","viii","2025","Bombus","pascuorum",NA,1,NA,"G. Egloff","C. Praz","Used for teaching",NA,NA,"Bombus pascuorum","LC",NA,NA,NA,NA,NA
1843,"GE1843",8,"focal","Schwarzbach",2608198,1193190,525,"BE","13.08.2025","5","F.SC.BE.5.8","G. Egloff","Rubigen","GE1843","Rubigen",NA,NA,"608198","193190",525,6,"13","08","viii","2025","Bombus","humilis",NA,1,NA,"G. Egloff","C. Praz",NA,NA,NA,"Bombus humilis","LC",NA,NA,NA,NA,NA
1844,"GE1844",8,"focal","Schwarzbach",2608198,1193190,525,"BE","13.08.2025","5","F.SC.BE.5.8","G. Egloff","Rubigen","GE1844","Rubigen",NA,NA,"608198","193190",525,6,"13","08","viii","2025","Bombus","terrestris",NA,NA,1,"G. Egloff","C. Praz",NA,NA,NA,"Bombus terrestris","LC",NA,NA,NA,NA,NA
1845,"GE1845",5,"focal","Schwarzbach",2608169,1193214,525,"BE","13.08.2025","5","F.SC.BE.5.5","G. Egloff","Rubigen","GE1845","Rubigen",NA,NA,"608169","193214",525,6,"13","08","viii","2025","Lasioglossum","politum",1,NA,NA,"G. Egloff","C. Praz",NA,NA,NA,"Lasioglossum politum","LC",NA,NA,NA,NA,NA
1846,"GE1846",1,"focal","Schwarzbach",2608086,1193312,525,"BE","13.08.2025","5","F.SC.BE.5.1","G. Egloff","Rubigen","GE1846","Rubigen",NA,NA,"608086","193312",525,6,"13","08","viii","2025","Lasioglossum","glabriusculum",NA,NA,1,"G. Egloff","C. Praz",NA,NA,NA,"Lasioglossum glabriusculum","LC",NA,NA,NA,NA,NA
1847,"GE1847",1,"focal","Schwarzbach",2608086,1193312,525,"BE","13.08.2025","5","F.SC.BE.5.1","G. Egloff","Rubigen","GE1847","Rubigen",NA,NA,"608086","193312",525,6,"13","08","viii","2025","Lasioglossum","glabriusculum",NA,NA,1,"G. Egloff","C. Praz",NA,NA,NA,"Lasioglossum glabriusculum","LC",NA,NA,NA,NA,NA
1848,"GE1848",1,"focal","Schwarzbach",2608086,1193312,525,"BE","13.08.2025","5","F.SC.BE.5.1","G. Egloff","Rubigen","GE1848","Rubigen",NA,NA,"608086","193312",525,6,"13","08","viii","2025","Lasioglossum","glabriusculum",NA,NA,1,"G. Egloff","C. Praz",NA,NA,NA,"Lasioglossum glabriusculum","LC",NA,NA,NA,NA,NA
1849,"GE1849",1,"focal","Schwarzbach",2608086,1193312,525,"BE","13.08.2025","5","F.SC.BE.5.1","G. Egloff","Rubigen","GE1849","Rubigen",NA,NA,"608086","193312",525,6,"13","08","viii","2025","Lasioglossum","glabriusculum",NA,NA,1,"G. Egloff","C. Praz",NA,NA,NA,"Lasioglossum glabriusculum","LC",NA,NA,NA,NA,NA
1850,"GE1850",1,"focal","Schwarzbach",2608086,1193312,525,"BE","13.08.2025","5","F.SC.BE.5.1","G. Egloff","Rubigen","GE1850","Rubigen",NA,NA,"608086","193312",525,6,"13","08","viii","2025","Lasioglossum","glabriusculum",NA,NA,1,"G. Egloff","C. Praz",NA,NA,NA,"Lasioglossum glabriusculum","LC",NA,NA,NA,NA,NA
1851,"GE1851",1,"focal","Schwarzbach",2608086,1193312,525,"BE","13.08.2025","5","F.SC.BE.5.1","G. Egloff","Rubigen","GE1851","Rubigen",NA,NA,"608086","193312",525,6,"13","08","viii","2025","Lasioglossum","glabriusculum",NA,NA,1,"G. Egloff","C. Praz",NA,NA,NA,"Lasioglossum glabriusculum","LC",NA,NA,NA,NA,NA
1852,"GE1852",1,"focal","Schwarzbach",2608086,1193312,525,"BE","13.08.2025","5","F.SC.BE.5.1","G. Egloff","Rubigen","GE1852","Rubigen",NA,NA,"608086","193312",525,6,"13","08","viii","2025","Lasioglossum","glabriusculum",1,NA,NA,"G. Egloff","C. Praz",NA,NA,NA,"Lasioglossum glabriusculum","LC",NA,NA,NA,NA,NA
1853,"GE1853",1,"focal","Schwarzbach",2608086,1193312,525,"BE","13.08.2025","5","F.SC.BE.5.1","G. Egloff","Rubigen","GE1853","Rubigen",NA,NA,"608086","193312",525,6,"13","08","viii","2025","Lasioglossum","glabriusculum",1,NA,NA,"G. Egloff","C. Praz",NA,NA,NA,"Lasioglossum glabriusculum","LC",NA,NA,NA,NA,NA
1854,"GE1854",1,"focal","Schwarzbach",2608086,1193312,525,"BE","13.08.2025","5","F.SC.BE.5.1","G. Egloff","Rubigen","GE1854","Rubigen",NA,NA,"608086","193312",525,6,"13","08","viii","2025","Lasioglossum","glabriusculum",1,NA,NA,"G. Egloff","C. Praz",NA,NA,NA,"Lasioglossum glabriusculum","LC",NA,NA,NA,NA,NA
1855,"GE1855",1,"focal","Schwarzbach",2608086,1193312,525,"BE","13.08.2025","5","F.SC.BE.5.1","G. Egloff","Rubigen","GE1855","Rubigen",NA,NA,"608086","193312",525,6,"13","08","viii","2025","Lasioglossum","glabriusculum",NA,NA,1,"G. Egloff","C. Praz",NA,NA,NA,"Lasioglossum glabriusculum","LC",NA,NA,NA,NA,NA
1856,"GE1856",1,"focal","Schwarzbach",2608086,1193312,525,"BE","13.08.2025","5","F.SC.BE.5.1","G. Egloff","Rubigen","GE1856","Rubigen",NA,NA,"608086","193312",525,6,"13","08","viii","2025","Lasioglossum","glabriusculum",NA,NA,1,"G. Egloff","C. Praz",NA,NA,NA,"Lasioglossum glabriusculum","LC",NA,NA,NA,NA,NA
1857,"GE1857",1,"focal","Schwarzbach",2608086,1193312,525,"BE","13.08.2025","5","F.SC.BE.5.1","G. Egloff","Rubigen","GE1857","Rubigen",NA,NA,"608086","193312",525,6,"13","08","viii","2025","Lasioglossum","glabriusculum",NA,NA,1,"G. Egloff","C. Praz",NA,NA,NA,"Lasioglossum glabriusculum","LC",NA,NA,NA,NA,NA
1858,"GE1858",1,"focal","Schwarzbach",2608086,1193312,525,"BE","13.08.2025","5","F.SC.BE.5.1","G. Egloff","Rubigen","GE1858","Rubigen",NA,NA,"608086","193312",525,6,"13","08","viii","2025","Lasioglossum","glabriusculum",1,NA,NA,"G. Egloff","C. Praz",NA,NA,NA,"Lasioglossum glabriusculum","LC",NA,NA,NA,NA,NA
1859,"GE1859",1,"focal","Schwarzbach",2608086,1193312,525,"BE","13.08.2025","5","F.SC.BE.5.1","G. Egloff","Rubigen","GE1859","Rubigen",NA,NA,"608086","193312",525,6,"13","08","viii","2025","Halictus","tumulorum",1,NA,NA,"G. Egloff","C. Praz",NA,NA,NA,"Halictus tumulorum","LC",NA,NA,NA,NA,NA
1860,"GE1860",2,"focal","Schwarzbach",2608093,1193301,525,"BE","13.08.2025","5","F.SC.BE.5.2","G. Egloff","Rubigen","GE1860","Rubigen",NA,NA,"608093","193301",525,6,"13","08","viii","2025","Lasioglossum","glabriusculum",NA,NA,1,"G. Egloff","C. Praz",NA,NA,NA,"Lasioglossum glabriusculum","LC",NA,NA,NA,NA,NA
1861,"GE1861",2,"focal","Schwarzbach",2608093,1193301,525,"BE","13.08.2025","5","F.SC.BE.5.2","G. Egloff","Rubigen","GE1861","Rubigen",NA,NA,"608093","193301",525,6,"13","08","viii","2025","Lasioglossum","glabriusculum",NA,NA,1,"G. Egloff","C. Praz",NA,NA,NA,"Lasioglossum glabriusculum","LC",NA,NA,NA,NA,NA
1862,"GE1862",2,"focal","Schwarzbach",2608093,1193301,525,"BE","13.08.2025","5","F.SC.BE.5.2","G. Egloff","Rubigen","GE1862","Rubigen",NA,NA,"608093","193301",525,6,"13","08","viii","2025","Lasioglossum","glabriusculum",NA,NA,1,"G. Egloff","C. Praz",NA,NA,NA,"Lasioglossum glabriusculum","LC",NA,NA,NA,NA,NA
1863,"GE1863",2,"focal","Schwarzbach",2608093,1193301,525,"BE","13.08.2025","5","F.SC.BE.5.2","G. Egloff","Rubigen","GE1863","Rubigen",NA,NA,"608093","193301",525,6,"13","08","viii","2025","Lasioglossum","glabriusculum",NA,NA,1,"G. Egloff","C. Praz",NA,NA,NA,"Lasioglossum glabriusculum","LC",NA,NA,NA,NA,NA
1864,"GE1864",2,"focal","Schwarzbach",2608093,1193301,525,"BE","13.08.2025","5","F.SC.BE.5.2","G. Egloff","Rubigen","GE1864","Rubigen",NA,NA,"608093","193301",525,6,"13","08","viii","2025","Lasioglossum","glabriusculum",NA,NA,1,"G. Egloff","C. Praz",NA,NA,NA,"Lasioglossum glabriusculum","LC",NA,NA,NA,NA,NA
1865,"GE1865",2,"focal","Schwarzbach",2608093,1193301,525,"BE","13.08.2025","5","F.SC.BE.5.2","G. Egloff","Rubigen","GE1865","Rubigen",NA,NA,"608093","193301",525,6,"13","08","viii","2025","Lasioglossum","glabriusculum",1,NA,NA,"G. Egloff","C. Praz",NA,NA,NA,"Lasioglossum glabriusculum","LC",NA,NA,NA,NA,NA
1866,"GE1866",2,"focal","Schwarzbach",2608093,1193301,525,"BE","13.08.2025","5","F.SC.BE.5.2","G. Egloff","Rubigen","GE1866","Rubigen",NA,NA,"608093","193301",525,6,"13","08","viii","2025","Lasioglossum","glabriusculum",NA,NA,1,"G. Egloff","C. Praz",NA,NA,NA,"Lasioglossum glabriusculum","LC",NA,NA,NA,NA,NA
1867,"GE1867",2,"focal","Schwarzbach",2608093,1193301,525,"BE","13.08.2025","5","F.SC.BE.5.2","G. Egloff","Rubigen","GE1867","Rubigen",NA,NA,"608093","193301",525,6,"13","08","viii","2025","Lasioglossum","villosulum",NA,NA,1,"G. Egloff","C. Praz",NA,NA,NA,"Lasioglossum villosulum","LC",NA,NA,NA,NA,NA
1868,"GE1868",2,"focal","Schwarzbach",2608093,1193301,525,"BE","13.08.2025","5","F.SC.BE.5.2","G. Egloff","Rubigen","GE1868","Rubigen",NA,NA,"608093","193301",525,6,"13","08","viii","2025","Lasioglossum","glabriusculum",NA,NA,1,"G. Egloff","C. Praz",NA,NA,NA,"Lasioglossum glabriusculum","LC",NA,NA,NA,NA,NA
1869,"GE1869",2,"focal","Schwarzbach",2608093,1193301,525,"BE","13.08.2025","5","F.SC.BE.5.2","G. Egloff","Rubigen","GE1869","Rubigen",NA,NA,"608093","193301",525,6,"13","08","viii","2025","Lasioglossum","glabriusculum",NA,NA,1,"G. Egloff","C. Praz",NA,NA,NA,"Lasioglossum glabriusculum","LC",NA,NA,NA,NA,NA
1870,"GE1870",2,"focal","Schwarzbach",2608093,1193301,525,"BE","13.08.2025","5","F.SC.BE.5.2","G. Egloff","Rubigen","GE1870","Rubigen",NA,NA,"608093","193301",525,6,"13","08","viii","2025","Hylaeus","confusus",1,NA,NA,"G. Egloff","C. Praz",NA,NA,NA,"Hylaeus confusus","LC",NA,NA,NA,NA,NA
1871,"GE1871",2,"focal","Schwarzbach",2608093,1193301,525,"BE","13.08.2025","5","F.SC.BE.5.2","G. Egloff","Rubigen","GE1871","Rubigen",NA,NA,"608093","193301",525,6,"13","08","viii","2025","Halictus","tumulorum",NA,NA,1,"G. Egloff","C. Praz",NA,NA,NA,"Halictus tumulorum","LC",NA,NA,NA,NA,NA
1872,"GE1872",2,"focal","Schwarzbach",2608093,1193301,525,"BE","13.08.2025","5","F.SC.BE.5.2","G. Egloff","Rubigen","GE1872","Rubigen",NA,NA,"608093","193301",525,6,"13","08","viii","2025","Lasioglossum","malachurum",NA,NA,1,"G. Egloff","C. Praz",NA,NA,NA,"Lasioglossum malachurum","LC",NA,NA,NA,NA,NA
1873,"GE1873",7,"control","Schwarzbach",2609983,1193078,589,"BE","14.08.2025","5","C.SC.BE.5.7","G. Egloff","Münsingen","GE1873","Münsingen",NA,NA,"609983","193078",589,6,"14","08","viii","2025","Lasioglossum","semilucens",NA,NA,1,"G. Egloff","C. Praz",NA,NA,NA,"Lasioglossum semilucens","LC",NA,NA,NA,NA,NA
1874,"GE1874",7,"control","Schwarzbach",2609983,1193078,589,"BE","14.08.2025","5","C.SC.BE.5.7","G. Egloff","Münsingen","GE1874","Münsingen",NA,NA,"609983","193078",589,6,"14","08","viii","2025","Lasioglossum","semilucens",1,NA,NA,"G. Egloff","C. Praz",NA,NA,NA,"Lasioglossum semilucens","LC",NA,NA,NA,NA,NA
1875,"GE1875",7,"control","Schwarzbach",2609983,1193078,589,"BE","14.08.2025","5","C.SC.BE.5.7","G. Egloff","Münsingen","GE1875","Münsingen",NA,NA,"609983","193078",589,6,"14","08","viii","2025","Sphecodes","puncticeps",NA,NA,1,"G. Egloff","C. Praz",NA,NA,NA,"Sphecodes puncticeps","LC",NA,NA,NA,NA,NA
1876,"GE1876",7,"control","Schwarzbach",2609983,1193078,589,"BE","14.08.2025","5","C.SC.BE.5.7","G. Egloff","Münsingen","GE1876","Münsingen",NA,NA,"609983","193078",589,6,"14","08","viii","2025","Lasioglossum","punctatissimum",1,NA,NA,"G. Egloff","C. Praz",NA,NA,NA,"Lasioglossum punctatissimum","LC",NA,NA,NA,NA,NA
1877,"GE1877",2,"control","Schwarzbach",2609873,1193153,587,"BE","14.08.2025","5","C.SC.BE.5.2","G. Egloff","Münsingen","GE1877","Münsingen",NA,NA,"609873","193153",587,6,"14","08","viii","2025","Lasioglossum","pauxillum",NA,NA,1,"G. Egloff","C. Praz",NA,NA,NA,"Lasioglossum pauxillum","LC",NA,NA,NA,NA,NA
1878,"GE1878",2,"control","Schwarzbach",2609873,1193153,587,"BE","14.08.2025","5","C.SC.BE.5.2","G. Egloff","Münsingen","GE1878","Münsingen",NA,NA,"609873","193153",587,6,"14","08","viii","2025","Lasioglossum","laticeps",NA,NA,1,"G. Egloff","C. Praz",NA,NA,NA,"Lasioglossum laticeps","LC",NA,NA,NA,NA,NA
1879,"GE1879",1,"control","Schwarzbach",2609861,1193161,587,"BE","14.08.2025","5","C.SC.BE.5.1","G. Egloff","Münsingen","GE1879","Münsingen",NA,NA,"609861","193161",587,6,"14","08","viii","2025","Hoplitis","leucomelana",1,NA,NA,"G. Egloff","C. Praz",NA,NA,NA,"Hoplitis leucomelana","LC",NA,NA,NA,NA,NA
1880,"GE1880",5,"focal","Scheulte",2595418,1245990,416,"JU","08.08.2025","5","F.SC.JU.5.5","G. Egloff","Courroux","GE1880","Courroux",NA,NA,"595418","245990",416,6,"08","08","viii","2025","Halictus","scabiosae",1,NA,NA,"G. Egloff","C. Praz",NA,NA,NA,"Halictus scabiosae","LC",NA,NA,NA,NA,NA
1881,"GE1881",5,"focal","Scheulte",2595418,1245990,416,"JU","08.08.2025","5","F.SC.JU.5.5","G. Egloff","Courroux","GE1881","Courroux",NA,NA,"595418","245990",416,6,"08","08","viii","2025","Halictus","scabiosae",1,NA,NA,"G. Egloff","C. Praz",NA,NA,NA,"Halictus scabiosae","LC",NA,NA,NA,NA,NA
1882,"GE1882",5,"focal","Scheulte",2595418,1245990,416,"JU","08.08.2025","5","F.SC.JU.5.5","G. Egloff","Courroux","GE1882","Courroux",NA,NA,"595418","245990",416,6,"08","08","viii","2025","Halictus","tumulorum",1,NA,NA,"G. Egloff","C. Praz",NA,NA,NA,"Halictus tumulorum","LC",NA,NA,NA,NA,NA
1883,"GE1883",3,"focal","Schwarzbach",2608135,1193252,525,"BE","13.08.2025","5","F.SC.BE.5.3","G. Egloff","Rubigen","GE1883","Rubigen",NA,NA,"608135","193252",525,6,"13","08","viii","2025","Halictus","tumulorum",1,NA,NA,"G. Egloff","C. Praz",NA,NA,NA,"Halictus tumulorum","LC",NA,NA,NA,NA,NA
1884,"GE1884",3,"control","Schwarzbach",2609924,1193119,588,"BE","14.08.2025","5","C.SC.BE.5.3","G. Egloff","Münsingen","GE1884","Münsingen",NA,NA,"609924","193119",588,6,"14","08","viii","2025","Sphecodes","scabricollis",NA,NA,1,"G. Egloff","C. Praz",NA,NA,NA,"Sphecodes scabricollis","LC",NA,NA,NA,NA,NA
1885,"GE1885",3,"control","Schwarzbach",2609924,1193119,588,"BE","14.08.2025","5","C.SC.BE.5.3","G. Egloff","Münsingen","GE1885","Münsingen",NA,NA,"609924","193119",588,6,"14","08","viii","2025","Hylaeus","confusus",1,NA,NA,"G. Egloff","C. Praz",NA,NA,NA,"Hylaeus confusus","LC",NA,NA,NA,NA,NA
